user_address,user_id,reward_value,reward_type,transaction_id,task_id,stage
0x8c6cca499d53fa3a9e062165cc26c8699fe3c9a6,6156810723800102096,-1000000.0,POINTS,airdrop-point-deduct-season-1,airdrop-point-deduct-season-1,EXTERNAL
0x10e52e5f2051fde001b05f96022bef7b4e46f727,6159234141500107261,-1000000.0,POINTS,airdrop-point-deduct-season-1,airdrop-point-deduct-season-1,EXTERNAL
0xedb106c9e5f429a296a94c56bcd797511836c350,160661641793536,-1000000.0,POINTS,airdrop-point-deduct-season-1,airdrop-point-deduct-season-1,EXTERNAL
0x9adfb11af29666298771fbb307123be7825ac403,160981638512640,-1000000.0,POINTS,airdrop-point-deduct-season-1,airdrop-point-deduct-season-1,EXTERNAL
0x3f9cb04c52dd73970d324f2383114724480d479d,158263549747200,-1000000.0,POINTS,airdrop-point-deduct-season-1,airdrop-point-deduct-season-1,EXTERNAL
0x4e9cdd3b8cf1e952a0e17f50c67f68e480788904,196315733127168,-1000000.0,POINTS,airdrop-point-deduct-season-1,airdrop-point-deduct-season-1,EXTERNAL
0xc77133169c5d3f6f8e73a4116eb60304aac65c15,179855912722432,-1000000.0,POINTS,airdrop-point-deduct-season-1,airdrop-point-deduct-season-1,EXTERNAL
0x4124e726e6d4c7c0685c6a5e8cb263cb8b1b1505,6156810705300102063,-735190.0,POINTS,airdrop-point-deduct-season-1,airdrop-point-deduct-season-1,EXTERNAL
0x9d88fe890fc781f692c256d6229ab37a35d54cc9,6684165517100105197,-613903.0,POINTS,airdrop-point-deduct-season-1,airdrop-point-deduct-season-1,EXTERNAL
0x70b6bd8fd04cac4ff5816fb2fa27f15b5209ffb6,6449398056000108453,-597970.0,POINTS,airdrop-point-deduct-season-1,airdrop-point-deduct-season-1,EXTERNAL
0x38bf7ab12658f3a514809faf80b1e9fc7ca7ac87,6684192344700105268,-488063.0,POINTS,airdrop-point-deduct-season-1,airdrop-point-deduct-season-1,EXTERNAL
0x377279bf225152af567fb416b57ed505dd618636,161836424851456,-440968.0,POINTS,airdrop-point-deduct-season-1,airdrop-point-deduct-season-1,EXTERNAL
0x82027d5076bb0725724f4ad3c12c6b43bb39c2f1,6684169298300105204,-398882.0,POINTS,airdrop-point-deduct-season-1,airdrop-point-deduct-season-1,EXTERNAL
0x2f85519624cfd2f7f91f02b63d4abf4b9efa6734,159510239100928,-393891.0,POINTS,airdrop-point-deduct-season-1,airdrop-point-deduct-season-1,EXTERNAL
0xd2aa404d6b704dabc06565e4f33e89a31f634ad7,159210921218048,-369128.0,POINTS,airdrop-point-deduct-season-1,airdrop-point-deduct-season-1,EXTERNAL
0x8a705efabf831a81bcd859b5c1f1fb8cd2fda2a0,6684179354500105230,-348481.0,POINTS,airdrop-point-deduct-season-1,airdrop-point-deduct-season-1,EXTERNAL
0xb2b06c9dd222171898285ca2bca299c5527b9a95,6684176126700105219,-338923.0,POINTS,airdrop-point-deduct-season-1,airdrop-point-deduct-season-1,EXTERNAL
0x76f0faaa35a0cc89d9194e499a6c8d09bd1ccfa8,6684155280600105172,-316999.0,POINTS,airdrop-point-deduct-season-1,airdrop-point-deduct-season-1,EXTERNAL
0x181089ac570054ec939ebefde537e0bae002de43,6684183510200105237,-305358.0,POINTS,airdrop-point-deduct-season-1,airdrop-point-deduct-season-1,EXTERNAL
0xd5739486c28d034cbb5dd4281ddddc7014d5315d,159187058655232,-302422.0,POINTS,airdrop-point-deduct-season-1,airdrop-point-deduct-season-1,EXTERNAL
0x54f6ff8fad0ab1a8afcb4697b796763bfe39196b,6683854737500103750,-291718.0,POINTS,airdrop-point-deduct-season-1,airdrop-point-deduct-season-1,EXTERNAL
0x14bb219b6d1a38e115752500b8ec54aa6506fbbd,6684162027800105190,-259438.0,POINTS,airdrop-point-deduct-season-1,airdrop-point-deduct-season-1,EXTERNAL
0xd23fba03452557e141aac7b40f8c2d6438746163,6684150700300105147,-257416.0,POINTS,airdrop-point-deduct-season-1,airdrop-point-deduct-season-1,EXTERNAL
0x9abf21ad5adbb786b0f360c2b4e973ff1f0be223,6684173114300105212,-252696.0,POINTS,airdrop-point-deduct-season-1,airdrop-point-deduct-season-1,EXTERNAL
0x7869fb5aa1f4e93c6f15997ec9b9190cb9dd0a2a,6156810771100102168,-243786.0,POINTS,airdrop-point-deduct-season-1,airdrop-point-deduct-season-1,EXTERNAL
0xc8c487bbf982acbf499756122d68e59a2c7d00af,6683848873600103736,-231072.0,POINTS,airdrop-point-deduct-season-1,airdrop-point-deduct-season-1,EXTERNAL
0x0a5fd68be1c0e5970daad35cc930a273d4683047,164162560475136,-221972.0,POINTS,airdrop-point-deduct-season-1,airdrop-point-deduct-season-1,EXTERNAL
0x43a8ddfd4d1f7a20e8243c8e0deb3aded511107d,6684189520400105258,-218053.0,POINTS,airdrop-point-deduct-season-1,airdrop-point-deduct-season-1,EXTERNAL
0x2ae18e48e44452199a0ea5c4389713a799219166,6684196598200105275,-210428.0,POINTS,airdrop-point-deduct-season-1,airdrop-point-deduct-season-1,EXTERNAL
0x5cde0ccb7e21ac91dcd4eb4b73fc0ac32612b453,177517863706624,-192535.0,POINTS,airdrop-point-deduct-season-1,airdrop-point-deduct-season-1,EXTERNAL
0x3e5281e4df187cc764d63cc5dc257a064b298504,6318410648300102668,-187489.0,POINTS,airdrop-point-deduct-season-1,airdrop-point-deduct-season-1,EXTERNAL
0xe34acc68c63d2fe769fd7a248fb6bb61ed9e5f89,158158212513792,-181551.0,POINTS,airdrop-point-deduct-season-1,airdrop-point-deduct-season-1,EXTERNAL
0x24c7418fc52b5c7ea532c8bc2ab282badb1b36ec,159582096531456,-187631.0,POINTS,airdrop-point-deduct-season-1,airdrop-point-deduct-season-1,EXTERNAL
0x85d9c5509afa2b6bf84862240948f4d7aba9a2e6,6684146556000105092,-187476.0,POINTS,airdrop-point-deduct-season-1,airdrop-point-deduct-season-1,EXTERNAL
0x1245780563149ddeab2fdb15c1ffc28e210b5680,160036332793856,-184189.0,POINTS,airdrop-point-deduct-season-1,airdrop-point-deduct-season-1,EXTERNAL
0x8f4d466606f280c7402153f1f0101928c1819dac,159041695535104,-161172.0,POINTS,airdrop-point-deduct-season-1,airdrop-point-deduct-season-1,EXTERNAL
0x63bb0529e616fb58ba5893dcf93b1b6429d387aa,6511745774100102824,-168790.0,POINTS,airdrop-point-deduct-season-1,airdrop-point-deduct-season-1,EXTERNAL
0x0f8b19f95512ba469348ce0f9283e89424e2a9de,6683851717700103743,-159460.0,POINTS,airdrop-point-deduct-season-1,airdrop-point-deduct-season-1,EXTERNAL
0x2fe53ba0632d9fd38d575d1e9701634007864c0c,6683840130700103720,-142997.0,POINTS,airdrop-point-deduct-season-1,airdrop-point-deduct-season-1,EXTERNAL
0xf715ae46dc41f2686d0d7c5a5c782150ea299b3d,170574764511232,-138326.0,POINTS,airdrop-point-deduct-season-1,airdrop-point-deduct-season-1,EXTERNAL
0x51aef8792efc68da8b80529636720235b2377271,158373222400000,-126572.0,POINTS,airdrop-point-deduct-season-1,airdrop-point-deduct-season-1,EXTERNAL
0x6cb54c6053be264c828ebd51c09b6dcb40a9efcd,6684186391700105245,-128824.0,POINTS,airdrop-point-deduct-season-1,airdrop-point-deduct-season-1,EXTERNAL
0x61cfeb14f185c911464183153bdf59f9071a1b5b,6159235322500109482,-119216.0,POINTS,airdrop-point-deduct-season-1,airdrop-point-deduct-season-1,EXTERNAL
0x17150027ed7c68cdc24c6e2515fee911b4f77c34,169925008379904,-120766.0,POINTS,airdrop-point-deduct-season-1,airdrop-point-deduct-season-1,EXTERNAL
0x7ac45574050d5cbb9b15198f84de223ae2e905a8,6684158706700105179,-124841.0,POINTS,airdrop-point-deduct-season-1,airdrop-point-deduct-season-1,EXTERNAL
0x8c410c293db95a9736335de4ccd7910cca2da241,158359118221312,-109839.0,POINTS,airdrop-point-deduct-season-1,airdrop-point-deduct-season-1,EXTERNAL
0x0a5634fcd02088b04ace88c29ae4bc2fe35379e9,158380108673024,-109427.0,POINTS,airdrop-point-deduct-season-1,airdrop-point-deduct-season-1,EXTERNAL
0xed8134c261cd6e2f95c3908c243d18a5cd3ea63a,6683846226300103729,-112364.0,POINTS,airdrop-point-deduct-season-1,airdrop-point-deduct-season-1,EXTERNAL
0xf815a3a9a38b88d76df1c8fb9bf3f6a1cd9979be,6260299133800100106,-106952.0,POINTS,airdrop-point-deduct-season-1,airdrop-point-deduct-season-1,EXTERNAL
0x08bb5aa719123d787bdd3555798b809644f03421,158861501067264,-111160.0,POINTS,airdrop-point-deduct-season-1,airdrop-point-deduct-season-1,EXTERNAL
0x2da16d778cfde3c174a3cdb9a8d92ce7c9b594de,6278163572100101439,-104929.0,POINTS,airdrop-point-deduct-season-1,airdrop-point-deduct-season-1,EXTERNAL
0xe711f48c9aeb6803ee4e06afdca0e470c6469f8c,175906092834816,-108324.0,POINTS,airdrop-point-deduct-season-1,airdrop-point-deduct-season-1,EXTERNAL
0x0f841dd3bdc2f8b47c1fa435df2a274d2dd858f9,168628618338304,-101067.0,POINTS,airdrop-point-deduct-season-1,airdrop-point-deduct-season-1,EXTERNAL
0x5d58c29164858ae939704b0c01729cf2e28c03fa,167681478590464,-103900.0,POINTS,airdrop-point-deduct-season-1,airdrop-point-deduct-season-1,EXTERNAL
0xc069d0c1cf3e4f54fd638c31135fecc2518ed099,162107436134400,-94372.0,POINTS,airdrop-point-deduct-season-1,airdrop-point-deduct-season-1,EXTERNAL
0x4878e0bddec9504d25478c3cee28190d285030d9,6159234090500107169,-87509.0,POINTS,airdrop-point-deduct-season-1,airdrop-point-deduct-season-1,EXTERNAL
0xf1d02ac5085d4c2103087d2e978da76a5e5cc5eb,158512278425600,-88584.0,POINTS,airdrop-point-deduct-season-1,airdrop-point-deduct-season-1,EXTERNAL
0x4ba6cc4e80806fe8fbcfa1d768b1b5b1a3a20832,6159234949200108784,-83374.0,POINTS,airdrop-point-deduct-season-1,airdrop-point-deduct-season-1,EXTERNAL
0x72b1bc1640c0b80e0eb2014cab7bc5824c8aec84,158319620063232,-81066.0,POINTS,airdrop-point-deduct-season-1,airdrop-point-deduct-season-1,EXTERNAL
0xbccfa11b09f67b27d38a7cf437f45334a9b4f9da,158406246838272,-82751.0,POINTS,airdrop-point-deduct-season-1,airdrop-point-deduct-season-1,EXTERNAL
0x6726a23340321df0c8ccbd5f08475f37c63a885e,174932026695680,-82144.0,POINTS,airdrop-point-deduct-season-1,airdrop-point-deduct-season-1,EXTERNAL
0xe5a3b21e08322c736dd8824267a863daeb55f7ea,159205619630080,-81576.0,POINTS,airdrop-point-deduct-season-1,airdrop-point-deduct-season-1,EXTERNAL
0x59eee5c4f34d0e9b331f8ee90ac59b469d5997cc,158793767440384,-73731.0,POINTS,airdrop-point-deduct-season-1,airdrop-point-deduct-season-1,EXTERNAL
0x4379c690d5fe11c400a28e0c9077ee50094f0911,6264078150600102398,-76601.0,POINTS,airdrop-point-deduct-season-1,airdrop-point-deduct-season-1,EXTERNAL
0x9e2a4bbb27507126bfdccdd12b36a49c2ba94ec8,6456611667400104756,-73911.0,POINTS,airdrop-point-deduct-season-1,airdrop-point-deduct-season-1,EXTERNAL
0xb27b793a284804370fc2e1f77fe7c65e5db08977,6159235377000109585,-67730.0,POINTS,airdrop-point-deduct-season-1,airdrop-point-deduct-season-1,EXTERNAL
0x97c9828df913ef7220526a8fb73cdd74ccad2b01,158276468846592,-71896.0,POINTS,airdrop-point-deduct-season-1,airdrop-point-deduct-season-1,EXTERNAL
0xc33c088579f1c6abf1521dea7ac9c8b4c89c6fc8,159093219479552,-71083.0,POINTS,airdrop-point-deduct-season-1,airdrop-point-deduct-season-1,EXTERNAL
0x2306a174e5fc98adc0f2e8759ae4cde6e4c31a09,6156810751000102137,-66556.0,POINTS,airdrop-point-deduct-season-1,airdrop-point-deduct-season-1,EXTERNAL
0x5245b5954a75c85c6c7c5f68e9db2477b626c385,6159234053500107102,-62012.0,POINTS,airdrop-point-deduct-season-1,airdrop-point-deduct-season-1,EXTERNAL
0x1612248a020006e2dee5b06e14150fd562e0111e,3115636868521984,-66077.0,POINTS,airdrop-point-deduct-season-1,airdrop-point-deduct-season-1,EXTERNAL
0xb01cecc943e4016a227baf781ec1b8a06c919ca1,6413879968100104605,-70583.0,POINTS,airdrop-point-deduct-season-1,airdrop-point-deduct-season-1,EXTERNAL
0x8e6a1c36c40e8bfca37ecca5b96902e5d01bd037,3106694763859968,-61635.0,POINTS,airdrop-point-deduct-season-1,airdrop-point-deduct-season-1,EXTERNAL
0xd249e4808ded7d034e758c6cfdfe4b7f36d50666,6159234287400107536,-70335.0,POINTS,airdrop-point-deduct-season-1,airdrop-point-deduct-season-1,EXTERNAL
0x13b72f35bf2f1210d84a1345c32b5ded4a8979a3,6159234205900107386,-65387.0,POINTS,airdrop-point-deduct-season-1,airdrop-point-deduct-season-1,EXTERNAL
0x5e88b6140ad3347b4c025d28e74a4c96dfc17d6f,171180299563008,-59585.0,POINTS,airdrop-point-deduct-season-1,airdrop-point-deduct-season-1,EXTERNAL
0xede41d250f88117e057fd3340ca30857ad44f6f0,6440888951700104468,-63601.0,POINTS,airdrop-point-deduct-season-1,airdrop-point-deduct-season-1,EXTERNAL
0x7e7d882abb417918dee9e1be780f48cd65ff7a8a,158361994153984,-59288.0,POINTS,airdrop-point-deduct-season-1,airdrop-point-deduct-season-1,EXTERNAL
0xc66c23d2f15a7be2b25d0514560848a58aedba94,158276869763072,-63492.0,POINTS,airdrop-point-deduct-season-1,airdrop-point-deduct-season-1,EXTERNAL
0xd7a5ea9e8c52bfc1f78b50ad225331e1c9139f1e,6274815630900102034,-57609.0,POINTS,airdrop-point-deduct-season-1,airdrop-point-deduct-season-1,EXTERNAL
0x1307ab404e65818318f9590ffd63ea8ff1720c8a,3106800959819776,-53200.0,POINTS,airdrop-point-deduct-season-1,airdrop-point-deduct-season-1,EXTERNAL
0x78d70387e6c0d56c3acffe11a73d9e3165723106,160651854401536,-56316.0,POINTS,airdrop-point-deduct-season-1,airdrop-point-deduct-season-1,EXTERNAL
0xf32f0cb843b7e9a5383d2040314370b3c54cdef6,178811444998144,-55767.0,POINTS,airdrop-point-deduct-season-1,airdrop-point-deduct-season-1,EXTERNAL
0xf96fee6b24d03665ff3a64ec8d56120397f51cc9,6159235585400109976,-59718.0,POINTS,airdrop-point-deduct-season-1,airdrop-point-deduct-season-1,EXTERNAL
0x7540fc44b58fb918415d5d05522d3bf985f8d624,6683484239400102556,-56142.0,POINTS,airdrop-point-deduct-season-1,airdrop-point-deduct-season-1,EXTERNAL
0xcc882cf64a8ac5d7ad7876490bfda11f47e47124,6283089977600100826,-49775.0,POINTS,airdrop-point-deduct-season-1,airdrop-point-deduct-season-1,EXTERNAL
0x0f1c8be4c81bf43a70b1b7e1ed582c5115c15fb4,158307555893248,-49633.0,POINTS,airdrop-point-deduct-season-1,airdrop-point-deduct-season-1,EXTERNAL
0x908407ddee1da8a1e02b8cdca2311d4c5a4bbc6c,159086506491904,-44129.0,POINTS,airdrop-point-deduct-season-1,airdrop-point-deduct-season-1,EXTERNAL
0xb72ddac09eeb0b468d48705c7a38402833587c1a,6683082122100101474,-52844.0,POINTS,airdrop-point-deduct-season-1,airdrop-point-deduct-season-1,EXTERNAL
0xa3f0d3a720dd63ed2c284ca006b3d3fd63a62523,6683614009700103043,-52542.0,POINTS,airdrop-point-deduct-season-1,airdrop-point-deduct-season-1,EXTERNAL
0x71b04f99f4697c6775013b767a55a72ad992e313,6500899340900104549,-52318.0,POINTS,airdrop-point-deduct-season-1,airdrop-point-deduct-season-1,EXTERNAL
0x2a306022ff6c2d88122a1c1fbf7c5aceb6fd723c,160486093217792,-51266.0,POINTS,airdrop-point-deduct-season-1,airdrop-point-deduct-season-1,EXTERNAL
0xdc84a4a5f6438a1b4b1ba271488311b34c5c9bfe,158253018267648,-45419.0,POINTS,airdrop-point-deduct-season-1,airdrop-point-deduct-season-1,EXTERNAL
0xef1eebb181493ad196f5d2163254c6956c002062,6463010312100102056,-49259.0,POINTS,airdrop-point-deduct-season-1,airdrop-point-deduct-season-1,EXTERNAL
0x2012e7d3dd25ca77bf5e5e3a9b516345e65e1769,6302783240500109453,-48580.0,POINTS,airdrop-point-deduct-season-1,airdrop-point-deduct-season-1,EXTERNAL
0x0666740f6be0199645bcda64a67fcb888e68404c,6441444333200107128,-47829.0,POINTS,airdrop-point-deduct-season-1,airdrop-point-deduct-season-1,EXTERNAL
0x299995fd6f7bafeb439f3276b547922402601b2f,6290993717200100233,-43188.0,POINTS,airdrop-point-deduct-season-1,airdrop-point-deduct-season-1,EXTERNAL
0xaa44a7cec13306bfe71415d7aa8c860ac1254d9e,6683722371300103400,-45558.0,POINTS,airdrop-point-deduct-season-1,airdrop-point-deduct-season-1,EXTERNAL
0x429a80a58e0055f0898eea5ecba20bedc8021a29,6159234081100107152,-40429.0,POINTS,airdrop-point-deduct-season-1,airdrop-point-deduct-season-1,EXTERNAL
0xd686e2e60c01694f252553fdd6ac80da2f39f35d,158337188859904,-40260.0,POINTS,airdrop-point-deduct-season-1,airdrop-point-deduct-season-1,EXTERNAL
0x276433e93749df9d9496bf807c57cd389344da65,6159235105500109076,-41234.0,POINTS,airdrop-point-deduct-season-1,airdrop-point-deduct-season-1,EXTERNAL
0x3b48ec27ad2b0934c9741529bfd5694b2f7ba856,158561004666880,-36678.0,POINTS,airdrop-point-deduct-season-1,airdrop-point-deduct-season-1,EXTERNAL
0x5de44ac80bb742fbee9dddb0b68bb29c3c64f166,6683783655700103579,-40838.0,POINTS,airdrop-point-deduct-season-1,airdrop-point-deduct-season-1,EXTERNAL
0x1d2c20d26327a180ab843c88cdfe413759762094,6264426454100103410,-35443.0,POINTS,airdrop-point-deduct-season-1,airdrop-point-deduct-season-1,EXTERNAL
0xa374550a93322c34598c9a5a5358d76a8ddf40e6,6275253822700105636,-34801.0,POINTS,airdrop-point-deduct-season-1,airdrop-point-deduct-season-1,EXTERNAL
0xd6191441f069ff03d6d44a362d684882f5374c1e,159328514924544,-29621.0,POINTS,airdrop-point-deduct-season-1,airdrop-point-deduct-season-1,EXTERNAL
0x7c70686088221ee68d2d66bf6667105fbb01908c,160711754948608,-29087.0,POINTS,airdrop-point-deduct-season-1,airdrop-point-deduct-season-1,EXTERNAL
0x3fbda6fd925edcdfde023a2c11fc6fd9c90462e7,6159235251700109345,-36050.0,POINTS,airdrop-point-deduct-season-1,airdrop-point-deduct-season-1,EXTERNAL
0x8b8937b3f7af69354c3dc90f6c0ccc04c08cb25b,3107016953401344,-27186.0,POINTS,airdrop-point-deduct-season-1,airdrop-point-deduct-season-1,EXTERNAL
0x74ac283ea7763e7cbb5321744b36fd2d3bf2db04,6683369061100102203,-35735.0,POINTS,airdrop-point-deduct-season-1,airdrop-point-deduct-season-1,EXTERNAL
0x258b355fc8fa8a2d7886076fde0527c2d18ff4e5,159331208835072,-31322.0,POINTS,airdrop-point-deduct-season-1,airdrop-point-deduct-season-1,EXTERNAL
0xec5bddb1d987d6bc5b400107b305794922e64b29,159316724690944,-30550.0,POINTS,airdrop-point-deduct-season-1,airdrop-point-deduct-season-1,EXTERNAL
0x5ca39925af348525885cff41df47add5d0378361,159315119087616,-29170.0,POINTS,airdrop-point-deduct-season-1,airdrop-point-deduct-season-1,EXTERNAL
0xe3b6a486bb7143246f0ab52f1b64aa9a381c86a7,159316739784704,-29026.0,POINTS,airdrop-point-deduct-season-1,airdrop-point-deduct-season-1,EXTERNAL
0xbf185c104196bebb0f154b45dc4a2b2d4e7f8753,159316737511424,-29000.0,POINTS,airdrop-point-deduct-season-1,airdrop-point-deduct-season-1,EXTERNAL
0x53f7416fcc55a7488dac019dfa7866e1f3138f9b,6407504173900101054,-32795.0,POINTS,airdrop-point-deduct-season-1,airdrop-point-deduct-season-1,EXTERNAL
0xd26a110abe3164c2406a713a3ab1bc9f765a5ad7,383037285412864,-27658.0,POINTS,airdrop-point-deduct-season-1,airdrop-point-deduct-season-1,EXTERNAL
0x1af7a63f2feae5972449269937f15c33d7d1ccfd,6456539370900104207,-31037.0,POINTS,airdrop-point-deduct-season-1,airdrop-point-deduct-season-1,EXTERNAL
0x3d97905858bc62bb6d270e44b58279cedbb5c01d,190593678692352,-24756.0,POINTS,airdrop-point-deduct-season-1,airdrop-point-deduct-season-1,EXTERNAL
0x8f3d05ab8945654fb43ab753bf91fb83759249d7,158226036477952,-28963.0,POINTS,airdrop-point-deduct-season-1,airdrop-point-deduct-season-1,EXTERNAL
0x29cf65f5dc93959e8baafcb4814ac8c7ebe8a8d1,6456539299800104201,-28310.0,POINTS,airdrop-point-deduct-season-1,airdrop-point-deduct-season-1,EXTERNAL
0x525ed09145bfb848d4112f346b4ad154d65a4c78,6406242358200106046,-26554.0,POINTS,airdrop-point-deduct-season-1,airdrop-point-deduct-season-1,EXTERNAL
0x8acbe1e88c1c4d3d81901ec59a4906d06b4dc400,6406409654000106695,-26531.0,POINTS,airdrop-point-deduct-season-1,airdrop-point-deduct-season-1,EXTERNAL
0xa05c61521c1ef0c9a2f82f44f24e4732bdf45d92,158278680600576,-21649.0,POINTS,airdrop-point-deduct-season-1,airdrop-point-deduct-season-1,EXTERNAL
0x1ba292fd286037b81da9749ad825c60d873bc2b4,158328606928896,-26043.0,POINTS,airdrop-point-deduct-season-1,airdrop-point-deduct-season-1,EXTERNAL
0x5912cd486053666ec346c9c0afa11fd0843aeb0f,158324560707584,-25355.0,POINTS,airdrop-point-deduct-season-1,airdrop-point-deduct-season-1,EXTERNAL
0xafaeebe66fb2adf4ab6156b9da95c768788676eb,6456555382100104255,-25153.0,POINTS,airdrop-point-deduct-season-1,airdrop-point-deduct-season-1,EXTERNAL
0xcc251bd67e7edac9ec7be619205c9a177f148015,6456548699400104242,-24807.0,POINTS,airdrop-point-deduct-season-1,airdrop-point-deduct-season-1,EXTERNAL
0xcbc135c4a58cccc2f9e28b6e963170676bc8a6b0,171181239631872,-24769.0,POINTS,airdrop-point-deduct-season-1,airdrop-point-deduct-season-1,EXTERNAL
0x768144b29ff8e3cbfca51d96b46f2cf841fdb1ab,174941203886080,-24452.0,POINTS,airdrop-point-deduct-season-1,airdrop-point-deduct-season-1,EXTERNAL
0x9f752a43b08977784c8d59278d41809fe869a88c,6406242218300106036,-23740.0,POINTS,airdrop-point-deduct-season-1,airdrop-point-deduct-season-1,EXTERNAL
0x4e6486661c4bb47ab833d2a79e297d8ad61875ce,3106731181801472,-19180.0,POINTS,airdrop-point-deduct-season-1,airdrop-point-deduct-season-1,EXTERNAL
0x9a1d7dc6eb6d40203a9c4ba0077790b1b3586226,158378761568256,-23555.0,POINTS,airdrop-point-deduct-season-1,airdrop-point-deduct-season-1,EXTERNAL
0xd4b9372aa34d19226586ffe6de11a547dffd2ee3,6405869207100104937,-23535.0,POINTS,airdrop-point-deduct-season-1,airdrop-point-deduct-season-1,EXTERNAL
0x71bcee31054137448e78f2e28dbe3160aae3e235,158551807029248,-13743.0,POINTS,airdrop-point-deduct-season-1,airdrop-point-deduct-season-1,EXTERNAL
0x90a366e51d0df769d91468de803cbdb60548906d,6406409074800106677,-22547.0,POINTS,airdrop-point-deduct-season-1,airdrop-point-deduct-season-1,EXTERNAL
0x2ac83ddd83eec0dd6d42997cef0479c2778327f0,6406408823700106667,-22408.0,POINTS,airdrop-point-deduct-season-1,airdrop-point-deduct-season-1,EXTERNAL
0x4ff6af3875b3aa16d430427287787b7d4184818f,3115636873351168,-22315.0,POINTS,airdrop-point-deduct-season-1,airdrop-point-deduct-season-1,EXTERNAL
0xbda49acd69df6f6d2f07783f7026968420044b34,6456557175600104265,-22111.0,POINTS,airdrop-point-deduct-season-1,airdrop-point-deduct-season-1,EXTERNAL
0xd0b1b39e00d0e9a67369210b1eb6722e52bc1583,6456539471700104216,-22005.0,POINTS,airdrop-point-deduct-season-1,airdrop-point-deduct-season-1,EXTERNAL
0x78db2c91186694aa8ed10d7a7867057c7488d595,3115636876070912,-21350.0,POINTS,airdrop-point-deduct-season-1,airdrop-point-deduct-season-1,EXTERNAL
0xaabf14b1bc9083e3aa4d51efacb01b6990e04b11,3115636875341824,-21235.0,POINTS,airdrop-point-deduct-season-1,airdrop-point-deduct-season-1,EXTERNAL
0x53d2b4aa381b9fe8ba95e6efcfc9a44e1e511188,6159235070600109012,-21119.0,POINTS,airdrop-point-deduct-season-1,airdrop-point-deduct-season-1,EXTERNAL
0xcc57840e7e89c463472ba6111f7f2d4ff0ee1ecc,3106686674018304,-7914.0,POINTS,airdrop-point-deduct-season-1,airdrop-point-deduct-season-1,EXTERNAL
0x3d027332872e80eaa82d4961de76e7b4f514b918,6405869056000104932,-20977.0,POINTS,airdrop-point-deduct-season-1,airdrop-point-deduct-season-1,EXTERNAL
0x041a2f798d02399cce0cce36e63aaeae16bd4693,3115636870610944,-20907.0,POINTS,airdrop-point-deduct-season-1,airdrop-point-deduct-season-1,EXTERNAL
0xb2a9d4f7d65447ce58049923fc194f5357b633b2,6275906323800101021,-20619.0,POINTS,airdrop-point-deduct-season-1,airdrop-point-deduct-season-1,EXTERNAL
0x0538f0642daeda62f9b19b8ea96b4057af410a45,6406408812200106662,-19792.0,POINTS,airdrop-point-deduct-season-1,airdrop-point-deduct-season-1,EXTERNAL
0x3882481281cb3f7ddcc5619763cd0437f02e8805,162049740247040,-10978.0,POINTS,airdrop-point-deduct-season-1,airdrop-point-deduct-season-1,EXTERNAL
0x04e96477fe6e59f33b3bfd42ced60cf820e66f92,6275906817400101036,-19751.0,POINTS,airdrop-point-deduct-season-1,airdrop-point-deduct-season-1,EXTERNAL
0x3524d2d60dadf3bd1770c982e4575acddf753dc2,6456558752700104291,-19721.0,POINTS,airdrop-point-deduct-season-1,airdrop-point-deduct-season-1,EXTERNAL
0x4aea797124b1e4742533b3428787b207774edf5a,6456557268300104271,-19332.0,POINTS,airdrop-point-deduct-season-1,airdrop-point-deduct-season-1,EXTERNAL
0x3a176e6ebe8240b6b317848f35843861b9b21e90,6275907060700101043,-19005.0,POINTS,airdrop-point-deduct-season-1,airdrop-point-deduct-season-1,EXTERNAL
0x0f7016e82f9f3e18917319bfbf6df7eb75a44967,6406408741600106657,-18928.0,POINTS,airdrop-point-deduct-season-1,airdrop-point-deduct-season-1,EXTERNAL
0xe1c203775e55884f8b0386766aee16b4538f3309,1107016569643008,-9891.0,POINTS,airdrop-point-deduct-season-1,airdrop-point-deduct-season-1,EXTERNAL
0x0fa5b4840849fdcea8605d9b11d26bd6c7326d12,6406408892500106672,-18354.0,POINTS,airdrop-point-deduct-season-1,airdrop-point-deduct-season-1,EXTERNAL
0x12940d257989a2c7b44d8d808e3e5f1d590f744d,6406242108900106031,-18336.0,POINTS,airdrop-point-deduct-season-1,airdrop-point-deduct-season-1,EXTERNAL
0xd4119f3a26c07e22270ae179fa66fe3690a9d418,6275906547000101029,-18059.0,POINTS,airdrop-point-deduct-season-1,airdrop-point-deduct-season-1,EXTERNAL
0x27e7dc8bc7579836ca8d9367387c84632c33ecf7,159566709174272,-13480.0,POINTS,airdrop-point-deduct-season-1,airdrop-point-deduct-season-1,EXTERNAL
0x80d9ec77ef4a518be786718e8b06921ed276eabc,1107052920311808,-17773.0,POINTS,airdrop-point-deduct-season-1,airdrop-point-deduct-season-1,EXTERNAL
0xf4de631f577c6aec03e1d1e55aee1c8c9af0a601,158293852291072,-17201.0,POINTS,airdrop-point-deduct-season-1,airdrop-point-deduct-season-1,EXTERNAL
0xf5cc159b732336cdd86a2db71a1b4fa653ac399b,6406241764000106021,-17077.0,POINTS,airdrop-point-deduct-season-1,airdrop-point-deduct-season-1,EXTERNAL
0x0e0b6b12717d029047bc039460016782ce458e0e,159299740917760,-8056.0,POINTS,airdrop-point-deduct-season-1,airdrop-point-deduct-season-1,EXTERNAL
0x535d2b3f672ba0808591287b2aabca8ab822f4ab,6406458151900107515,-16780.0,POINTS,airdrop-point-deduct-season-1,airdrop-point-deduct-season-1,EXTERNAL
0xd0428711bf3a7125282927a143f1ff55bcac5482,385412978741248,-12237.0,POINTS,airdrop-point-deduct-season-1,airdrop-point-deduct-season-1,EXTERNAL
0x55f8fd1dda04b035b95369c6a9e08766f164dbb2,158284576358400,-12174.0,POINTS,airdrop-point-deduct-season-1,airdrop-point-deduct-season-1,EXTERNAL
0x5b08dd9b4c9187183371b4f4afde6a56fd186426,6406241877200106026,-16620.0,POINTS,airdrop-point-deduct-season-1,airdrop-point-deduct-season-1,EXTERNAL
0x6a07f5cd2349a13d213a81abd3c5d44d7080d660,6159236160800101062,-16349.0,POINTS,airdrop-point-deduct-season-1,airdrop-point-deduct-season-1,EXTERNAL
0xb58c76c0b9a9af6ca5259c1a03c713a13e97729b,6406248018200106084,-16034.0,POINTS,airdrop-point-deduct-season-1,airdrop-point-deduct-season-1,EXTERNAL
0xe6f7d15d3f43b88a4c8069dcc4951bf376a2018b,6159235604200100013,-15448.0,POINTS,airdrop-point-deduct-season-1,airdrop-point-deduct-season-1,EXTERNAL
0xc5b6939b9b4660f269a08bdf7a6f8f4d27a00c78,179426674196480,-11007.0,POINTS,airdrop-point-deduct-season-1,airdrop-point-deduct-season-1,EXTERNAL
0x620df7de4c1ecf500357b0532cf9ddf0165ad766,158570378653696,-10639.0,POINTS,airdrop-point-deduct-season-1,airdrop-point-deduct-season-1,EXTERNAL
0x54a0bb662efad554be59090396bc550327f84186,6406457843200107510,-15159.0,POINTS,airdrop-point-deduct-season-1,airdrop-point-deduct-season-1,EXTERNAL
0x43f5f5ee19bbe99c28609bb0e1edc7a034462b7b,6406244159800106075,-15138.0,POINTS,airdrop-point-deduct-season-1,airdrop-point-deduct-season-1,EXTERNAL
0x276e63998e947669d7f39bd8df21b108866d7b0f,6300473045300103517,-10564.0,POINTS,airdrop-point-deduct-season-1,airdrop-point-deduct-season-1,EXTERNAL
0xb5543f21c809e9e42faafe7423eee48063f899ca,6265673780600102289,-10143.0,POINTS,airdrop-point-deduct-season-1,airdrop-point-deduct-season-1,EXTERNAL
0xe351203f3aca0977250ea36c7f6a86d7b450316e,6405869953300104953,-13903.0,POINTS,airdrop-point-deduct-season-1,airdrop-point-deduct-season-1,EXTERNAL
0x42670efe102c08d4a7fb009ddb1d0867605ba90b,6638382613400106023,-12811.0,POINTS,airdrop-point-deduct-season-1,airdrop-point-deduct-season-1,EXTERNAL
0xa859975e26ccff2d11abbde26d12f053eab82abd,6631128066800107133,-12325.0,POINTS,airdrop-point-deduct-season-1,airdrop-point-deduct-season-1,EXTERNAL
0x147eac1a96b0a1f29799e9290e78462fae4ee238,158271163011072,-3430.0,POINTS,airdrop-point-deduct-season-1,airdrop-point-deduct-season-1,EXTERNAL
0xb6ccc55f822f3c2dc512ca33a110e566ad424cca,172329000525824,-12215.0,POINTS,airdrop-point-deduct-season-1,airdrop-point-deduct-season-1,EXTERNAL
0x24f5cb4d0846395c629032eb2deb759ecc251846,6341719961400107822,-7568.0,POINTS,airdrop-point-deduct-season-1,airdrop-point-deduct-season-1,EXTERNAL
0x519d99df720549b0bd8b91f1dcb14b6a4d05a7b1,6803524337600106259,-12048.0,POINTS,airdrop-point-deduct-season-1,airdrop-point-deduct-season-1,EXTERNAL
0x38d4b3c2703f7cb4272b6589dc1ff78240937007,6654060880100100195,-11954.0,POINTS,airdrop-point-deduct-season-1,airdrop-point-deduct-season-1,EXTERNAL
0xd0b8b7f21d72acb209d84155aa280fee3b6c1c68,162473528160256,-7397.0,POINTS,airdrop-point-deduct-season-1,airdrop-point-deduct-season-1,EXTERNAL
0x2e7e7fb704f4336e279737af776f92bb90f00d72,6638498959300106626,-11852.0,POINTS,airdrop-point-deduct-season-1,airdrop-point-deduct-season-1,EXTERNAL
0xf8ac51d509fbb87ade8ac6cadbffe370917425d1,6653872921600109140,-11632.0,POINTS,airdrop-point-deduct-season-1,airdrop-point-deduct-season-1,EXTERNAL
0x5544ba3a2e81b82b95fa70f54888e2ec9947e988,158294397603840,-11586.0,POINTS,airdrop-point-deduct-season-1,airdrop-point-deduct-season-1,EXTERNAL
0x12358e4fc5617722786ce667c6d7bdec3d6971b1,158261372620800,-11479.0,POINTS,airdrop-point-deduct-season-1,airdrop-point-deduct-season-1,EXTERNAL
0xc738315ec605e0fd302d6e91e185636d2d07f68b,3106748788244480,-2607.0,POINTS,airdrop-point-deduct-season-1,airdrop-point-deduct-season-1,EXTERNAL
0xa4c284e950dadf4796d220194ab88d34eee50815,154014810181632,-2477.0,POINTS,airdrop-point-deduct-season-1,airdrop-point-deduct-season-1,EXTERNAL
0xa2efff0cff6fbd7ed40784a8ca9149efef24de88,6265443121000100426,-6517.0,POINTS,airdrop-point-deduct-season-1,airdrop-point-deduct-season-1,EXTERNAL
0xa160d86daa8bcdb1478dd3a61fec72c917ea5603,6646557000500108845,-10985.0,POINTS,airdrop-point-deduct-season-1,airdrop-point-deduct-season-1,EXTERNAL
0x8eed2a1dc7d6718c76c64e3fb2125fffdc3e40dc,6278399507600103391,-6434.0,POINTS,airdrop-point-deduct-season-1,airdrop-point-deduct-season-1,EXTERNAL
0x5aae24e4bf1f96d4443f3136d89873d32e896c50,1107020423655424,-6418.0,POINTS,airdrop-point-deduct-season-1,airdrop-point-deduct-season-1,EXTERNAL
0xb5bede296e239a0963bf0a71aa737770e7474543,159146980065280,-10914.0,POINTS,airdrop-point-deduct-season-1,airdrop-point-deduct-season-1,EXTERNAL
0x900cf9324c9ed356062890fdc978c375659a2987,6459131017900107322,-10865.0,POINTS,airdrop-point-deduct-season-1,airdrop-point-deduct-season-1,EXTERNAL
0x22fde8890659028afe401c45a191f0835f203db9,6638546390400106892,-10654.0,POINTS,airdrop-point-deduct-season-1,airdrop-point-deduct-season-1,EXTERNAL
0x3a052eeafe489fc8d7975cf19aa52a2b6f0ebcb1,6428278560800103072,-10616.0,POINTS,airdrop-point-deduct-season-1,airdrop-point-deduct-season-1,EXTERNAL
0x20107ad0b70366e6af88ca97ab7a8bb5138d5ea5,3106696392855552,-1176.0,POINTS,airdrop-point-deduct-season-1,airdrop-point-deduct-season-1,EXTERNAL
0xa1ed36fe9e4a32737472ea0dd632825e73cb2943,158959531778048,-1058.0,POINTS,airdrop-point-deduct-season-1,airdrop-point-deduct-season-1,EXTERNAL
0x2879be52b386aa56447eca498e4cbe7e126333a6,6159235584400109974,-9744.0,POINTS,airdrop-point-deduct-season-1,airdrop-point-deduct-season-1,EXTERNAL
0x1a994f76addf9ef5ec5914899f7337d2b1314520,1106911858384896,-826.0,POINTS,airdrop-point-deduct-season-1,airdrop-point-deduct-season-1,EXTERNAL
0xbb3eba13d4acf19a474355cc88d6157f61c2110d,6267075100900102221,-5097.0,POINTS,airdrop-point-deduct-season-1,airdrop-point-deduct-season-1,EXTERNAL
0x9c61e9becefc2535c939fbb28ec23467dda49f81,158836320497664,-817.0,POINTS,airdrop-point-deduct-season-1,airdrop-point-deduct-season-1,EXTERNAL
0xe42367065f040bca835bb1c11683e5d22881940a,158959535312896,-804.0,POINTS,airdrop-point-deduct-season-1,airdrop-point-deduct-season-1,EXTERNAL
0xf6c719dc30fd8a3b8f23d075ddc4e4b00fa2736d,158959530913792,-800.0,POINTS,airdrop-point-deduct-season-1,airdrop-point-deduct-season-1,EXTERNAL
0xf4989d7d81983fd3e69f32cd4fb71bd1ca34edf2,1106912425345024,-795.0,POINTS,airdrop-point-deduct-season-1,airdrop-point-deduct-season-1,EXTERNAL
0xe89966a24bb3961250d2f5a451b527f26c277b18,158959526973440,-749.0,POINTS,airdrop-point-deduct-season-1,airdrop-point-deduct-season-1,EXTERNAL
0x423c2fbe753e5cb0c69749613d6e4640e1996e54,171900932554752,-9360.0,POINTS,airdrop-point-deduct-season-1,airdrop-point-deduct-season-1,EXTERNAL
0xd2ee27c1f2eb1175b45d24fb0f91304f017c49c3,160294226063360,-456.0,POINTS,airdrop-point-deduct-season-1,airdrop-point-deduct-season-1,EXTERNAL
0xc04fbeb80ac675d8769e0ed478021b8584ee35c0,6646525589900108746,-9257.0,POINTS,airdrop-point-deduct-season-1,airdrop-point-deduct-season-1,EXTERNAL
0x8259590916004bca4ee602b66504ea595cb3b04c,158704378023936,-9207.0,POINTS,airdrop-point-deduct-season-1,airdrop-point-deduct-season-1,EXTERNAL
0xc92aade0694c33c8b57d586f76c6c28d2924e99e,6260191908300109276,-4580.0,POINTS,airdrop-point-deduct-season-1,airdrop-point-deduct-season-1,EXTERNAL
0xedd8e363a74d597f98f14691f9a9ab85298effbe,1106930414092288,-302.0,POINTS,airdrop-point-deduct-season-1,airdrop-point-deduct-season-1,EXTERNAL
0x2eec5dbd5c07908635fdbe1af331ac191a666666,1106911140380672,-300.0,POINTS,airdrop-point-deduct-season-1,airdrop-point-deduct-season-1,EXTERNAL
0x2c486ff22eb0a2ba98e26c93bd3fbafaa7e4cb3b,1106930510151680,-292.0,POINTS,airdrop-point-deduct-season-1,airdrop-point-deduct-season-1,EXTERNAL
0xe4631b72336a6e6dd5f8264a82db62bfb1cda09a,1106940378095616,-289.0,POINTS,airdrop-point-deduct-season-1,airdrop-point-deduct-season-1,EXTERNAL
0x2084e6c85470191867441ba5138bd0069e3d02e1,1106930768531456,-281.0,POINTS,airdrop-point-deduct-season-1,airdrop-point-deduct-season-1,EXTERNAL
0x17d444e42f67799c0768fcbf048cf002c4e5bc2b,181968640495616,-4731.0,POINTS,airdrop-point-deduct-season-1,airdrop-point-deduct-season-1,EXTERNAL
0x8f7edd649e1f5571d384a8e50edc5d41c0c43710,6638961396400108287,-8914.0,POINTS,airdrop-point-deduct-season-1,airdrop-point-deduct-season-1,EXTERNAL
0x1a8ce177858ca486a8c0d35e94582458d59dc7d7,6266250749600106137,-4342.0,POINTS,airdrop-point-deduct-season-1,airdrop-point-deduct-season-1,EXTERNAL
0x0200c18647a1929c14199782b8b52e0befc66b08,3106693469167616,-2149.0,POINTS,airdrop-point-deduct-season-1,airdrop-point-deduct-season-1,EXTERNAL
0x190a33f3370b2ea46645ba98965e79c2046e7359,3106686460829696,-20748.0,POINTS,airdrop-point-deduct-season-1,airdrop-point-deduct-season-1,EXTERNAL
0x26e6bc91dd5fd81e5d761a1a8b83cb7f71b31b07,3106965231452160,-220.0,POINTS,airdrop-point-deduct-season-1,airdrop-point-deduct-season-1,EXTERNAL
0x58f933b40b40e789ec249a2dacf03d00cf4492fd,159581710987264,-8621.0,POINTS,airdrop-point-deduct-season-1,airdrop-point-deduct-season-1,EXTERNAL
0x680efbbd83e0fa78418466d1f25bf1ef42a275c1,6653949464000109675,-8614.0,POINTS,airdrop-point-deduct-season-1,airdrop-point-deduct-season-1,EXTERNAL
0xa75fc2cbe4c8a68276853c274e700561f05a78ae,6277728822100107237,-3717.0,POINTS,airdrop-point-deduct-season-1,airdrop-point-deduct-season-1,EXTERNAL
0xbe44bcdf3dcdceef754730cddfa5bde0253b4acb,158978308542464,-8237.0,POINTS,airdrop-point-deduct-season-1,airdrop-point-deduct-season-1,EXTERNAL
0x5c08f6262dc2f3996016f3a17ccd60cb41b17d61,174951747784704,-3914.0,POINTS,airdrop-point-deduct-season-1,airdrop-point-deduct-season-1,EXTERNAL
0xe34cea6ba44080fb5c2307db6c0b375edb5e6e54,391038775701504,-8182.0,POINTS,airdrop-point-deduct-season-1,airdrop-point-deduct-season-1,EXTERNAL
0xa3fb25e161b6ed471dd009a7453bdd83f26ca769,158239243325440,-3568.0,POINTS,airdrop-point-deduct-season-1,airdrop-point-deduct-season-1,EXTERNAL
0xd0bca5fcd1f12af6be831ed6a134a99a7706b003,6405871106600104979,-7866.0,POINTS,airdrop-point-deduct-season-1,airdrop-point-deduct-season-1,EXTERNAL
0xaa1ebf6168cd2936e7311c7d53ed828430ad5a24,158279359221760,-7861.0,POINTS,airdrop-point-deduct-season-1,airdrop-point-deduct-season-1,EXTERNAL
0x94cdec488bfac461a9fc65216c1b1c6e2589e4bc,158375031238656,-7825.0,POINTS,airdrop-point-deduct-season-1,airdrop-point-deduct-season-1,EXTERNAL
0x9d715e708f9c7f4492d7e72d3408705d5f4e7b1f,173373871706112,-7515.0,POINTS,airdrop-point-deduct-season-1,airdrop-point-deduct-season-1,EXTERNAL
0xf2adc952105c6df3252ee2797fe5b797d6aa43a0,6321912418000100514,-2834.0,POINTS,airdrop-point-deduct-season-1,airdrop-point-deduct-season-1,EXTERNAL
0x1dba75c14af69b4ecfe494f85de8ba00046615c2,6459201834500107587,-7362.0,POINTS,airdrop-point-deduct-season-1,airdrop-point-deduct-season-1,EXTERNAL
0x8847f6e82833297ff24d36ff8c1e17170dc5ae94,6654782173600103103,-7321.0,POINTS,airdrop-point-deduct-season-1,airdrop-point-deduct-season-1,EXTERNAL
0xd32f6c47f928b6e72b9e51161844e43f974c3242,159844144898048,-2503.0,POINTS,airdrop-point-deduct-season-1,airdrop-point-deduct-season-1,EXTERNAL
0xe460aa677689a469e9cb904796717129eecd5483,3106748289245184,-6815.0,POINTS,airdrop-point-deduct-season-1,airdrop-point-deduct-season-1,EXTERNAL
0x3633341abd2c7730a4457db551428bd54f0ffcd2,6292602400800100755,-2112.0,POINTS,airdrop-point-deduct-season-1,airdrop-point-deduct-season-1,EXTERNAL
0x07837d40f89eb13c4aff62f20420129a9e92a646,158037688041472,-1993.0,POINTS,airdrop-point-deduct-season-1,airdrop-point-deduct-season-1,EXTERNAL
0x53ce838d63763cf6272b22ebb8c56feff775d983,6159234329700107616,-2166.0,POINTS,airdrop-point-deduct-season-1,airdrop-point-deduct-season-1,EXTERNAL
0xe54b96e58187186a434b6864f253df3505694510,1107002541404160,-2159.0,POINTS,airdrop-point-deduct-season-1,airdrop-point-deduct-season-1,EXTERNAL
0x1608ba245f47bd35215538413164761b2e9305f5,159226120990720,-2110.0,POINTS,airdrop-point-deduct-season-1,airdrop-point-deduct-season-1,EXTERNAL
0x69e8e23eb2e61bc8449e02ced7075186dafbcfc1,1106918527754240,-2077.0,POINTS,airdrop-point-deduct-season-1,airdrop-point-deduct-season-1,EXTERNAL
0xe058b50974e6d90ab3a92175a058f41cbabe42a5,6287387400700109915,-6322.0,POINTS,airdrop-point-deduct-season-1,airdrop-point-deduct-season-1,EXTERNAL
0xd6e8c0275fa3170c5f236d33acf4a2baa83c9de3,3107094817308672,-6136.0,POINTS,airdrop-point-deduct-season-1,airdrop-point-deduct-season-1,EXTERNAL
0x6e6f1e4ca553a1364f824e2ed0a5af50d74ffa7f,158392884162560,-1536.0,POINTS,airdrop-point-deduct-season-1,airdrop-point-deduct-season-1,EXTERNAL
0x62e974d7a03a870217b6f7ecb856b72962d13eb8,6159236228400101190,-1502.0,POINTS,airdrop-point-deduct-season-1,airdrop-point-deduct-season-1,EXTERNAL
0x1fa54bc70b7f543e518256b2a666a5f123ad9ad4,158312741945344,-1482.0,POINTS,airdrop-point-deduct-season-1,airdrop-point-deduct-season-1,EXTERNAL
0x1076523318e3ffd0cbeede4ddb4f2d5528508545,1106995553214464,-1737.0,POINTS,airdrop-point-deduct-season-1,airdrop-point-deduct-season-1,EXTERNAL
0xd61862252ad1b95319f8bcb14560208ca257b862,1107002531270656,-1737.0,POINTS,airdrop-point-deduct-season-1,airdrop-point-deduct-season-1,EXTERNAL
0xf094cd78c6b7583a571058691aab252616613fc2,6159235253200109348,-1458.0,POINTS,airdrop-point-deduct-season-1,airdrop-point-deduct-season-1,EXTERNAL
0xc4e91d4b157577347127b0479fb728647390699d,1106995533049856,-1717.0,POINTS,airdrop-point-deduct-season-1,airdrop-point-deduct-season-1,EXTERNAL
0x83ca0fa7451c18f20394a935935e021011b840a2,1107003380924416,-1712.0,POINTS,airdrop-point-deduct-season-1,airdrop-point-deduct-season-1,EXTERNAL
0xb5d687358a9356a13ae2efe76d9fd12c67c61067,1107004756779008,-1690.0,POINTS,airdrop-point-deduct-season-1,airdrop-point-deduct-season-1,EXTERNAL
0x8e28cd31d3a3d87ca617d866068168642b5ce9cd,158501437100032,-1413.0,POINTS,airdrop-point-deduct-season-1,airdrop-point-deduct-season-1,EXTERNAL
0xbb6b17a6ea08f1501e76b017975bb7f9d56b5bcf,1106995531399168,-1664.0,POINTS,airdrop-point-deduct-season-1,airdrop-point-deduct-season-1,EXTERNAL
0x37d70356edfad4d7bbd1777faefdc87404b05e9e,3106709162328064,-1383.0,POINTS,airdrop-point-deduct-season-1,airdrop-point-deduct-season-1,EXTERNAL
0x432a2a5a781227065d0442001037250fe279a6dd,1107002592284672,-1627.0,POINTS,airdrop-point-deduct-season-1,airdrop-point-deduct-season-1,EXTERNAL
0x496e2ebb17d81d9bcdb97b75980b952bb9b750b5,159355843080192,-1355.0,POINTS,airdrop-point-deduct-season-1,airdrop-point-deduct-season-1,EXTERNAL
0xb379c64d950d46705ea9c1538dcc7186bd88b145,6159234220500107415,-1308.0,POINTS,airdrop-point-deduct-season-1,airdrop-point-deduct-season-1,EXTERNAL
0x856752d0b3235fff7a359cb80d7152436ddd5769,1107003357356032,-1575.0,POINTS,airdrop-point-deduct-season-1,airdrop-point-deduct-season-1,EXTERNAL
0x39379adf58d2c8dcff9375883d9d2037e7a76d48,6269271672700107593,-1303.0,POINTS,airdrop-point-deduct-season-1,airdrop-point-deduct-season-1,EXTERNAL
0x2d48cb7a5e617c3ce004d2a7608ac6e3e9c594f3,6319914225000107589,-1297.0,POINTS,airdrop-point-deduct-season-1,airdrop-point-deduct-season-1,EXTERNAL
0xfc284bce16967548b9636f405646e21bae6b25d4,158354812854272,-1250.0,POINTS,airdrop-point-deduct-season-1,airdrop-point-deduct-season-1,EXTERNAL
0xe27b555cd114eae68df02a1fe3f2be86544fa0ff,389755701841920,-5769.0,POINTS,airdrop-point-deduct-season-1,airdrop-point-deduct-season-1,EXTERNAL
0x6fd201bb7e995440aac292f1814bc19fe09e96b5,1107003370328064,-1496.0,POINTS,airdrop-point-deduct-season-1,airdrop-point-deduct-season-1,EXTERNAL
0x60bb0d6809de7a95c5d21a58d08b651d3a37fca8,158293756416000,-1221.0,POINTS,airdrop-point-deduct-season-1,airdrop-point-deduct-season-1,EXTERNAL
0xba8421340396eb6d6be19e8b4715ae68e34ec161,6159236227700101189,-1483.0,POINTS,airdrop-point-deduct-season-1,airdrop-point-deduct-season-1,EXTERNAL
0xcf8b2a6844c7ba43d23c8328a84fcb57fab16a53,6349566636900101335,-1200.0,POINTS,airdrop-point-deduct-season-1,airdrop-point-deduct-season-1,EXTERNAL
0xadc672f9914a71698c84017f2f446c636f962e45,164250066124800,-5722.0,POINTS,airdrop-point-deduct-season-1,airdrop-point-deduct-season-1,EXTERNAL
0xeac66d94e304fb1806c620932c0daa02fe4f90c7,6159235183700109221,-1141.0,POINTS,airdrop-point-deduct-season-1,airdrop-point-deduct-season-1,EXTERNAL
0x3100cbcb26c66ce03a1dc2955d8a80c1bb9f333a,3106778491936768,-1399.0,POINTS,airdrop-point-deduct-season-1,airdrop-point-deduct-season-1,EXTERNAL
0xba8cdb1deadf026178dd5211ab1700586a76c14c,6263254511100100446,-1090.0,POINTS,airdrop-point-deduct-season-1,airdrop-point-deduct-season-1,EXTERNAL
0x081ea225fb53925331f1c87f1b64daf960837799,1106936792682496,-1331.0,POINTS,airdrop-point-deduct-season-1,airdrop-point-deduct-season-1,EXTERNAL
0x4227e2581ec746bc91fddb258c7a29f9e06a9316,158119041634304,-1244.0,POINTS,airdrop-point-deduct-season-1,airdrop-point-deduct-season-1,EXTERNAL
0x0037610010c422ea7aa0df1fa53ea8cf4c1a4c47,6709186536700107619,-5497.0,POINTS,airdrop-point-deduct-season-1,airdrop-point-deduct-season-1,EXTERNAL
0xdcfae64f4a58728b10e1e16b53b40592166acae3,6280542012600102471,-923.0,POINTS,airdrop-point-deduct-season-1,airdrop-point-deduct-season-1,EXTERNAL
0x868c218c46db69a34eb0610e135a1057f908a26e,171045994602496,-1192.0,POINTS,airdrop-point-deduct-season-1,airdrop-point-deduct-season-1,EXTERNAL
0x0736a533fc0efb4816305dff4df089558f628389,178677905305600,-921.0,POINTS,airdrop-point-deduct-season-1,airdrop-point-deduct-season-1,EXTERNAL
0xb2cb29a50dc1ae56ab1464bb110b1207263661fa,159278878851072,-1148.0,POINTS,airdrop-point-deduct-season-1,airdrop-point-deduct-season-1,EXTERNAL
0x9e590f36185515e5a6c20ea67d90e8b4264f2e35,6156810730800102106,-1130.0,POINTS,airdrop-point-deduct-season-1,airdrop-point-deduct-season-1,EXTERNAL
0xbd9c56561761034a0d821c8ecdd902ae69174ff1,159151126827008,-857.0,POINTS,airdrop-point-deduct-season-1,airdrop-point-deduct-season-1,EXTERNAL
0x3398dadf2fed2d5895b5087fa47f35d2c1f52d8c,158267427483648,-830.0,POINTS,airdrop-point-deduct-season-1,airdrop-point-deduct-season-1,EXTERNAL
0xffecf19baf4fc778f7af9e2c3e24e14f09fae386,159152104644608,-830.0,POINTS,airdrop-point-deduct-season-1,airdrop-point-deduct-season-1,EXTERNAL
0x4e25b34ca30c87a30028a1fc25f97f41068eb846,163226437574656,-5340.0,POINTS,airdrop-point-deduct-season-1,airdrop-point-deduct-season-1,EXTERNAL
0xa9e862326c14a7578e3cdd90dfb9766da72228c5,158271692853248,-758.0,POINTS,airdrop-point-deduct-season-1,airdrop-point-deduct-season-1,EXTERNAL
0x0d7fadd685aa7818451effbd5184a5ae49044732,158959531646976,-1008.0,POINTS,airdrop-point-deduct-season-1,airdrop-point-deduct-season-1,EXTERNAL
0x16a8c1f4c94d146e79ee26fd7cb4da9d5d83e6f3,1106608546213888,-1001.0,POINTS,airdrop-point-deduct-season-1,airdrop-point-deduct-season-1,EXTERNAL
0x86d97fecff03554ac937fa4640aa04740d3ba8bd,6709203237800107635,-5254.0,POINTS,airdrop-point-deduct-season-1,airdrop-point-deduct-season-1,EXTERNAL
0x55886ca7b8bb797c709790e5a6a3ee6d93ee7bab,6278866185400107298,-675.0,POINTS,airdrop-point-deduct-season-1,airdrop-point-deduct-season-1,EXTERNAL
0x8d0a4c72586d9eb6281b91e84fd448f487ba0246,159278892728320,-946.0,POINTS,airdrop-point-deduct-season-1,airdrop-point-deduct-season-1,EXTERNAL
0x36218acd40a0898b01041c4358ce08c8573cc8e4,161110143156224,-672.0,POINTS,airdrop-point-deduct-season-1,airdrop-point-deduct-season-1,EXTERNAL
0xc6a5d9c4796096882fe31fa4e44df3d03b428604,1106766763069440,-922.0,POINTS,airdrop-point-deduct-season-1,airdrop-point-deduct-season-1,EXTERNAL
0x6ed65824d3ded29a7c78158655a657af904f19ed,159278886449152,-915.0,POINTS,airdrop-point-deduct-season-1,airdrop-point-deduct-season-1,EXTERNAL
0x4927f15304e06d554175b59af0a84e1813142019,159278892978176,-899.0,POINTS,airdrop-point-deduct-season-1,airdrop-point-deduct-season-1,EXTERNAL
0x01a1c72bf9547d1e6abd8486ae3cad64e781cd7c,159278840532992,-898.0,POINTS,airdrop-point-deduct-season-1,airdrop-point-deduct-season-1,EXTERNAL
0xfc2a00c930855fea598775492b13c1c533226b54,183732173193216,-5167.0,POINTS,airdrop-point-deduct-season-1,airdrop-point-deduct-season-1,EXTERNAL
0xee8044cf5c4575c2b8dd296d7d3eebace27459ac,6352039438700108583,-623.0,POINTS,airdrop-point-deduct-season-1,airdrop-point-deduct-season-1,EXTERNAL
0x29b21fcbdc8ad4fcf2c8159d6645721cda036d81,171692091359232,-5153.0,POINTS,airdrop-point-deduct-season-1,airdrop-point-deduct-season-1,EXTERNAL
0x6c46bc7da588f4fa1630c5a8be4eb89a171ab618,159278888148992,-872.0,POINTS,airdrop-point-deduct-season-1,airdrop-point-deduct-season-1,EXTERNAL
0xcd7b7c0b0001f88298835474888af627509a1961,6709164351300107575,-5127.0,POINTS,airdrop-point-deduct-season-1,airdrop-point-deduct-season-1,EXTERNAL
0xd0e085e67dba4fbf7c5f5371d3a328fb279a96ac,158124687810560,-5097.0,POINTS,airdrop-point-deduct-season-1,airdrop-point-deduct-season-1,EXTERNAL
0x4dcd4c3a6d4de71970d453fe49328c8a95db6075,158982366674944,-536.0,POINTS,airdrop-point-deduct-season-1,airdrop-point-deduct-season-1,EXTERNAL
0x0974447cb182bf1567f2039aa056f4e9df8078a4,6264654281600104522,-535.0,POINTS,airdrop-point-deduct-season-1,airdrop-point-deduct-season-1,EXTERNAL
0x957db95952ddba2e26b0290bbc85cd2e06ee1ade,3106586596188160,-790.0,POINTS,airdrop-point-deduct-season-1,airdrop-point-deduct-season-1,EXTERNAL
0xdb4f0eeb7c89b00118cc74de8c9ed55d65c2b933,173047157825536,-515.0,POINTS,airdrop-point-deduct-season-1,airdrop-point-deduct-season-1,EXTERNAL
0x935811aee151287e2ed59de615933a2de0af86f1,1106712639705088,-700.0,POINTS,airdrop-point-deduct-season-1,airdrop-point-deduct-season-1,EXTERNAL
0xe07cea473a66bbf8ba3327648c089ddd5cb0a18a,1106737212567552,-694.0,POINTS,airdrop-point-deduct-season-1,airdrop-point-deduct-season-1,EXTERNAL
0x20f6e1f371560b612f81475b48961138584c5723,1120703326674944,-422.0,POINTS,airdrop-point-deduct-season-1,airdrop-point-deduct-season-1,EXTERNAL
0xfb7d327de8b2b37053f92c869a7b71282f48d781,158271075536896,-412.0,POINTS,airdrop-point-deduct-season-1,airdrop-point-deduct-season-1,EXTERNAL
0x888a7df4425ad55d19f72de28a8b9a45807ac418,1106708456996864,-679.0,POINTS,airdrop-point-deduct-season-1,airdrop-point-deduct-season-1,EXTERNAL
0x520ca088966e4eb095fbb60ee76570f6014db103,2106671260282880,-664.0,POINTS,airdrop-point-deduct-season-1,airdrop-point-deduct-season-1,EXTERNAL
0xc098b4c465d8e899c4075e14ed0c9097608a7ead,1106695116132352,-649.0,POINTS,airdrop-point-deduct-season-1,airdrop-point-deduct-season-1,EXTERNAL
0xc4b1fdbc1ea400aab137a3b1ce5803256f7a31f4,1106707915984896,-647.0,POINTS,airdrop-point-deduct-season-1,airdrop-point-deduct-season-1,EXTERNAL
0xf8bba2bd6f6122d33fc9d35b0b9f2971e5903c96,1106705787457536,-629.0,POINTS,airdrop-point-deduct-season-1,airdrop-point-deduct-season-1,EXTERNAL
0x6843821a2573bb74519b53e7307c4fe665d1ebd5,1106708118921216,-621.0,POINTS,airdrop-point-deduct-season-1,airdrop-point-deduct-season-1,EXTERNAL
0xb07a824157fc15496869266181c157ab16802702,158253510344704,-328.0,POINTS,airdrop-point-deduct-season-1,airdrop-point-deduct-season-1,EXTERNAL
0x7eff6a05d7800b619bdfbd1c9916d774c21a3059,6261914030700105120,-327.0,POINTS,airdrop-point-deduct-season-1,airdrop-point-deduct-season-1,EXTERNAL
0x57a0fb298f0eb78cc327fe746159698e5e89d2f4,1120806287798272,-327.0,POINTS,airdrop-point-deduct-season-1,airdrop-point-deduct-season-1,EXTERNAL
0x99dae7af846f5855e1ed0d40ce28745b7f607842,158011662524416,-319.0,POINTS,airdrop-point-deduct-season-1,airdrop-point-deduct-season-1,EXTERNAL
0xc23436a7c9bd4a84a3de7491df28c4b3830dcbfc,1106710079393792,-560.0,POINTS,airdrop-point-deduct-season-1,airdrop-point-deduct-season-1,EXTERNAL
0x4accf9bf7ee75ff6fb743219e56aafe110bf0ed6,158245204033536,-281.0,POINTS,airdrop-point-deduct-season-1,airdrop-point-deduct-season-1,EXTERNAL
0x9c9e0905e7b07278dfdac7ea599608dd4c706d25,171204035751936,-4821.0,POINTS,airdrop-point-deduct-season-1,airdrop-point-deduct-season-1,EXTERNAL
0x2737ef1a23e0c32c819ac9bc5b17558f5d92427c,158241472876544,-278.0,POINTS,airdrop-point-deduct-season-1,airdrop-point-deduct-season-1,EXTERNAL
0x7a170e5315dce75c63adeb64e4ea6344e4aca0fd,163902364442624,-276.0,POINTS,airdrop-point-deduct-season-1,airdrop-point-deduct-season-1,EXTERNAL
0xb4a6954d21d50a1555c7f9d11288234ed237df63,174150397456384,-268.0,POINTS,airdrop-point-deduct-season-1,airdrop-point-deduct-season-1,EXTERNAL
0x7e36086f2011d7202aa0ca50a07ad72de9ac8531,1106709860790272,-536.0,POINTS,airdrop-point-deduct-season-1,airdrop-point-deduct-season-1,EXTERNAL
0x2f3de7c33e2e763a1d3e3910bcfafbd2c0b055d8,1106710164996096,-535.0,POINTS,airdrop-point-deduct-season-1,airdrop-point-deduct-season-1,EXTERNAL
0xc0dd50aee342a5a3f94b4c9c54ff809fb3055c6e,1106710242197504,-533.0,POINTS,airdrop-point-deduct-season-1,airdrop-point-deduct-season-1,EXTERNAL
0xdb3d4639e3a1d3fa5e66d0eff34158f87938dea2,183369607720960,-530.0,POINTS,airdrop-point-deduct-season-1,airdrop-point-deduct-season-1,EXTERNAL
0xd3d35e93ae1ea27faf33b6dbf1d541ca899d29eb,1106709982027776,-530.0,POINTS,airdrop-point-deduct-season-1,airdrop-point-deduct-season-1,EXTERNAL
0xfa9c1c4b51f21a965d51f25fd82cf193a0f361ba,6159234403200107760,-529.0,POINTS,airdrop-point-deduct-season-1,airdrop-point-deduct-season-1,EXTERNAL
0xab0137ff09df603235ca2b1c1de2bfef1e44817a,1106709961453568,-528.0,POINTS,airdrop-point-deduct-season-1,airdrop-point-deduct-season-1,EXTERNAL
0x8d85bbdd8186668e55964a3183bddfcedd4c9c0f,163902369320960,-255.0,POINTS,airdrop-point-deduct-season-1,airdrop-point-deduct-season-1,EXTERNAL
0x249c986782e171581c2b3b9a734508d004031ea0,1106714692509696,-526.0,POINTS,airdrop-point-deduct-season-1,airdrop-point-deduct-season-1,EXTERNAL
0x88584f41a7a0fa70e0d2389f7ccea78ff2fe6c8b,1106717725888512,-522.0,POINTS,airdrop-point-deduct-season-1,airdrop-point-deduct-season-1,EXTERNAL
0x768d668be64d2415269a1e203de73189c47bbd67,1106712877498368,-521.0,POINTS,airdrop-point-deduct-season-1,airdrop-point-deduct-season-1,EXTERNAL
0x287cb6e622d08a5de02bb302a1bd0d224fa918fc,1106787899609088,-520.0,POINTS,airdrop-point-deduct-season-1,airdrop-point-deduct-season-1,EXTERNAL
0x936933b11d5f33a100398c3510905b48893338b6,183378231066624,-519.0,POINTS,airdrop-point-deduct-season-1,airdrop-point-deduct-season-1,EXTERNAL
0x170b94adc54b6659dd6d6741b450114dc4d8f857,183369437229056,-517.0,POINTS,airdrop-point-deduct-season-1,airdrop-point-deduct-season-1,EXTERNAL
0x67db8760671f28414cbc154cf7fc9b2e84f07ab9,163902499074048,-245.0,POINTS,airdrop-point-deduct-season-1,airdrop-point-deduct-season-1,EXTERNAL
0x6da2acd1c5c1be0b4632722ef55d049b0ad5675f,1106712775741440,-515.0,POINTS,airdrop-point-deduct-season-1,airdrop-point-deduct-season-1,EXTERNAL
0x5ca08646c0fa8a954a3471c3f03f7c857be8dae5,1106712824848384,-514.0,POINTS,airdrop-point-deduct-season-1,airdrop-point-deduct-season-1,EXTERNAL
0x4af89343cab3f4e0699eef065a57e3fa099e27ce,183370063609856,-513.0,POINTS,airdrop-point-deduct-season-1,airdrop-point-deduct-season-1,EXTERNAL
0xdcbe2e5ac30fbb236535b8a5cac6db0b116a60a6,183378002599936,-513.0,POINTS,airdrop-point-deduct-season-1,airdrop-point-deduct-season-1,EXTERNAL
0xf923580f55613a736301b3920698af28735f28e7,1106714858459136,-513.0,POINTS,airdrop-point-deduct-season-1,airdrop-point-deduct-season-1,EXTERNAL
0xe25f3be026fb8c20b21bc25d05f95369495eb8b3,165741555523584,-512.0,POINTS,airdrop-point-deduct-season-1,airdrop-point-deduct-season-1,EXTERNAL
0x5beb79df031c892e16eda801d93b6f2c15093904,158251106324480,-233.0,POINTS,airdrop-point-deduct-season-1,airdrop-point-deduct-season-1,EXTERNAL
0xa048d282dd9543fbb67a2475f9b84b225a65e3a1,1106714851409920,-504.0,POINTS,airdrop-point-deduct-season-1,airdrop-point-deduct-season-1,EXTERNAL
0xaf25da97ba1451a8b4f2f96a55c8ab93622b8a69,163902357753856,-233.0,POINTS,airdrop-point-deduct-season-1,airdrop-point-deduct-season-1,EXTERNAL
0xbb5a4f4b2279d24cda9e64f372f7c54a0f5b8374,1106709816274944,-502.0,POINTS,airdrop-point-deduct-season-1,airdrop-point-deduct-season-1,EXTERNAL
0x1c9559c47bf27f0b600b6e47a1ebaace65536167,183377876639744,-502.0,POINTS,airdrop-point-deduct-season-1,airdrop-point-deduct-season-1,EXTERNAL
0x5554920ef6ddbb2416ee9c5f09c77fbb3d10dba3,158249970798592,-230.0,POINTS,airdrop-point-deduct-season-1,airdrop-point-deduct-season-1,EXTERNAL
0x8212b844236afaca268029fdbbe7fc1b1b9af46e,158248317636608,-226.0,POINTS,airdrop-point-deduct-season-1,airdrop-point-deduct-season-1,EXTERNAL
0x1f5c06e1aa28158d2c0cbd57d2f0c841a33855c6,1106710232342528,-497.0,POINTS,airdrop-point-deduct-season-1,airdrop-point-deduct-season-1,EXTERNAL
0xfc2e0b8cfde576681e810a81eca50705e1345d3f,158246794993664,-225.0,POINTS,airdrop-point-deduct-season-1,airdrop-point-deduct-season-1,EXTERNAL
0xcfa6abcd9d8e60658758a97d51694353f2e9aa0d,183377625534464,-495.0,POINTS,airdrop-point-deduct-season-1,airdrop-point-deduct-season-1,EXTERNAL
0x83b3b4962d3c36ca9f77acab560de0250b2e160d,183369549361152,-495.0,POINTS,airdrop-point-deduct-season-1,airdrop-point-deduct-season-1,EXTERNAL
0x179ee27cc755b1d75f60b1a437fe142b4f49d9b6,3106698545037312,-494.0,POINTS,airdrop-point-deduct-season-1,airdrop-point-deduct-season-1,EXTERNAL
0xe40cf4a4dd8d52661f5435afd4a25069df2b1e33,183369890021376,-493.0,POINTS,airdrop-point-deduct-season-1,airdrop-point-deduct-season-1,EXTERNAL
0x10fddd588b911a8a93c2d4eccd48dc4c7c736f50,1106712765759488,-492.0,POINTS,airdrop-point-deduct-season-1,airdrop-point-deduct-season-1,EXTERNAL
0x9e8caf409de3cb78787a3af75a6cf80d249d0582,183369859346432,-492.0,POINTS,airdrop-point-deduct-season-1,airdrop-point-deduct-season-1,EXTERNAL
0x99971d3e8b4c2dc3608f0c2403c74e32dad8c6de,183370135539712,-491.0,POINTS,airdrop-point-deduct-season-1,airdrop-point-deduct-season-1,EXTERNAL
0x8cad93ae9be82677171c2bb9e4cc9a9925934a47,1106713123713024,-491.0,POINTS,airdrop-point-deduct-season-1,airdrop-point-deduct-season-1,EXTERNAL
0x9bdc161b8baa3f641e83656f65c109fb6f176118,183377971384320,-490.0,POINTS,airdrop-point-deduct-season-1,airdrop-point-deduct-season-1,EXTERNAL
0xe97c5431847789841cd31538ed1a0cd5a2eb3fd7,1106717882986496,-490.0,POINTS,airdrop-point-deduct-season-1,airdrop-point-deduct-season-1,EXTERNAL
0x52c2608b4c1c6982f876b98942252b1108da5cf0,183370258632704,-490.0,POINTS,airdrop-point-deduct-season-1,airdrop-point-deduct-season-1,EXTERNAL
0x989a1258ae2298fc1173d5be2be4db08db2853c2,1106717876064256,-489.0,POINTS,airdrop-point-deduct-season-1,airdrop-point-deduct-season-1,EXTERNAL
0xc56c650ec5bb314eed646cea2d48853bb5cdfccc,1106710229397504,-486.0,POINTS,airdrop-point-deduct-season-1,airdrop-point-deduct-season-1,EXTERNAL
0x81e15eea971fee7ca3262c7bbef0d06b1d9cf305,158147153186816,-212.0,POINTS,airdrop-point-deduct-season-1,airdrop-point-deduct-season-1,EXTERNAL
0x24b705362ca111d52363d604bf2a7200000944a6,6159235685300100163,-212.0,POINTS,airdrop-point-deduct-season-1,airdrop-point-deduct-season-1,EXTERNAL
0x8c623bc9d53c46c1f0c68b4bd4dfc93026b45139,1106710171664384,-482.0,POINTS,airdrop-point-deduct-season-1,airdrop-point-deduct-season-1,EXTERNAL
0x26ec40313547dc3d053b7f0079f2ea1e1dbb7844,158249298468864,-208.0,POINTS,airdrop-point-deduct-season-1,airdrop-point-deduct-season-1,EXTERNAL
0xd6dcad4ed3b042677500856314bfcec9d6fffea9,1106713080852480,-478.0,POINTS,airdrop-point-deduct-season-1,airdrop-point-deduct-season-1,EXTERNAL
0x0738190acb64ebbee07a1cac444691e34f91a5e0,1106709708066816,-478.0,POINTS,airdrop-point-deduct-season-1,airdrop-point-deduct-season-1,EXTERNAL
0xafe3e78ee299b791b2423fcd65174bfe4fa387c7,183377766854656,-478.0,POINTS,airdrop-point-deduct-season-1,airdrop-point-deduct-season-1,EXTERNAL
0x24a6bdfe88a94f9b151ebaaac9e01f74be288784,1106714726379520,-476.0,POINTS,airdrop-point-deduct-season-1,airdrop-point-deduct-season-1,EXTERNAL
0x6da2b7a23220f7105213c7ad915f3018b2f21659,1106714755244032,-476.0,POINTS,airdrop-point-deduct-season-1,airdrop-point-deduct-season-1,EXTERNAL
0x1816465b387ccbdbfe02d2c1fe49fd88c9774a90,1106713191903232,-475.0,POINTS,airdrop-point-deduct-season-1,airdrop-point-deduct-season-1,EXTERNAL
0x63a58d6d596fbb905907cc69dae2aec63456a198,183377770799104,-474.0,POINTS,airdrop-point-deduct-season-1,airdrop-point-deduct-season-1,EXTERNAL
0x8b6deed7bab8de3ceb438e89476331c4ab07f378,157949164294144,-203.0,POINTS,airdrop-point-deduct-season-1,airdrop-point-deduct-season-1,EXTERNAL
0x25207ca410a64bb22d7fc8f7527c2cd23e05aca8,1106714794156032,-474.0,POINTS,airdrop-point-deduct-season-1,airdrop-point-deduct-season-1,EXTERNAL
0xf2938606dbd35723b13d4ae8eb24af800a834645,163902387097600,-202.0,POINTS,airdrop-point-deduct-season-1,airdrop-point-deduct-season-1,EXTERNAL
0xbff07858d62f618f710f03b61f03a34e3c6f1e66,1106714836021248,-473.0,POINTS,airdrop-point-deduct-season-1,airdrop-point-deduct-season-1,EXTERNAL
0x9f5dd652e80a15a7d675889b343dcce0334754cf,183377787944960,-472.0,POINTS,airdrop-point-deduct-season-1,airdrop-point-deduct-season-1,EXTERNAL
0xe0f023f333e64f457da069d746e13027c2de66de,183369404792832,-470.0,POINTS,airdrop-point-deduct-season-1,airdrop-point-deduct-season-1,EXTERNAL
0x90008af5dd37957b11b6b9a76bb991bf9e1fa256,183378043289600,-468.0,POINTS,airdrop-point-deduct-season-1,airdrop-point-deduct-season-1,EXTERNAL
0xd01b30dff219bf3ed21097dc56e2c49547b33d69,183377637261312,-467.0,POINTS,airdrop-point-deduct-season-1,airdrop-point-deduct-season-1,EXTERNAL
0xc175c871e014498c790306a19018bb454228c842,163902364708864,-195.0,POINTS,airdrop-point-deduct-season-1,airdrop-point-deduct-season-1,EXTERNAL
0x8dcb67f5ede01ff0a08a6dd95a616a475bb02f5c,6270448342600104077,-192.0,POINTS,airdrop-point-deduct-season-1,airdrop-point-deduct-season-1,EXTERNAL
0xf20f126ff5fd26a2da9433a19f6d31a26ce1d44d,1106713151508480,-463.0,POINTS,airdrop-point-deduct-season-1,airdrop-point-deduct-season-1,EXTERNAL
0x54c711ac09f7e8708f094ef639646a5a230651b7,1106713032626176,-461.0,POINTS,airdrop-point-deduct-season-1,airdrop-point-deduct-season-1,EXTERNAL
0x53b7d2da9607de98cd5e77b5c02893c6330ec70b,158520123609088,-186.0,POINTS,airdrop-point-deduct-season-1,airdrop-point-deduct-season-1,EXTERNAL
0x977d785da680a43fc30f447a01a1959fb71b4bf2,6338357047900108428,-185.0,POINTS,airdrop-point-deduct-season-1,airdrop-point-deduct-season-1,EXTERNAL
0x38019eba03708663221192773ad92343f182ee53,3118751223336960,-185.0,POINTS,airdrop-point-deduct-season-1,airdrop-point-deduct-season-1,EXTERNAL
0xc06a0e9c9a70c3e4fb330a0f57db690ef0db1ae1,158270074679296,-183.0,POINTS,airdrop-point-deduct-season-1,airdrop-point-deduct-season-1,EXTERNAL
0x205c024661f5f4f4d9330375d9202c03b9946c0e,183377140273152,-446.0,POINTS,airdrop-point-deduct-season-1,airdrop-point-deduct-season-1,EXTERNAL
0x209ab78d0cd066e44d63e5055740d53910a5b5a1,6265091395900107868,-172.0,POINTS,airdrop-point-deduct-season-1,airdrop-point-deduct-season-1,EXTERNAL
0x13bc41f4947deb31f75aaa6555099baf870964e0,158270265212928,-170.0,POINTS,airdrop-point-deduct-season-1,airdrop-point-deduct-season-1,EXTERNAL
0xe315358ec0ce731874b79f269e40b70320c2ca1c,1106707804078080,-439.0,POINTS,airdrop-point-deduct-season-1,airdrop-point-deduct-season-1,EXTERNAL
0xa2e6c3793ad20cc361dbaa857241feead31f4d6f,1106715038576640,-434.0,POINTS,airdrop-point-deduct-season-1,airdrop-point-deduct-season-1,EXTERNAL
0xe92e488354b5c99a8f38202c2b7b8aaa80bd59e9,6322392827800103804,-157.0,POINTS,airdrop-point-deduct-season-1,airdrop-point-deduct-season-1,EXTERNAL
0xe2eb4d14a69028ee994446e51db0f2bbb95c1d4c,6159234839200108574,-153.0,POINTS,airdrop-point-deduct-season-1,airdrop-point-deduct-season-1,EXTERNAL
0x966cda3dc197ebb63fb688a06069ec1bfc91fb6d,6274268299500108062,-146.0,POINTS,airdrop-point-deduct-season-1,airdrop-point-deduct-season-1,EXTERNAL
0x2199d54497a52b0ae09e054eafb2611259dfdf3a,1106568060841984,-415.0,POINTS,airdrop-point-deduct-season-1,airdrop-point-deduct-season-1,EXTERNAL
0xc84e3e262f34beb3c4b665766833d6b416cb18c3,158392876826624,-411.0,POINTS,airdrop-point-deduct-season-1,airdrop-point-deduct-season-1,EXTERNAL
0xa0ce4ce04339c442e798df4c5239d94ba37048be,1107030214651904,-407.0,POINTS,airdrop-point-deduct-season-1,airdrop-point-deduct-season-1,EXTERNAL
0xbade689df4cf7abd1d527bdeba0cc3404e12e2e6,158391926353920,-405.0,POINTS,airdrop-point-deduct-season-1,airdrop-point-deduct-season-1,EXTERNAL
0x0a201c99fcc4f3152735da55f9f0539994809d17,1106933242355712,-402.0,POINTS,airdrop-point-deduct-season-1,airdrop-point-deduct-season-1,EXTERNAL
0xee51ef1aad863ea31508ae2c07fe1766368375a3,6325840675800107218,-128.0,POINTS,airdrop-point-deduct-season-1,airdrop-point-deduct-season-1,EXTERNAL
0x34f93587ce8565bef459f058567bdf72dd8ac8b4,1106802774880256,-390.0,POINTS,airdrop-point-deduct-season-1,airdrop-point-deduct-season-1,EXTERNAL
0xdd5956f3c1694085d7b872513827e59149a62133,1106714445316096,-381.0,POINTS,airdrop-point-deduct-season-1,airdrop-point-deduct-season-1,EXTERNAL
0x07c3910e88703026b2572de0d3b401a052c0c3bd,1106719828422656,-377.0,POINTS,airdrop-point-deduct-season-1,airdrop-point-deduct-season-1,EXTERNAL
0xebf27e7717b9806e1eee73cf0cc53dbaa9eaa6c9,6159234354500107663,-4627.0,POINTS,airdrop-point-deduct-season-1,airdrop-point-deduct-season-1,EXTERNAL
0x667e9622f977d2260c4e3ef371dc078700170bf1,6655280052400104967,-4608.0,POINTS,airdrop-point-deduct-season-1,airdrop-point-deduct-season-1,EXTERNAL
0xa750bea0afc922bf504e4913ac6b3833b0aadb71,1106981300461568,-330.0,POINTS,airdrop-point-deduct-season-1,airdrop-point-deduct-season-1,EXTERNAL
0x080c21b18013784a107b6c9368d81e92d49bdd10,1106586488557568,-319.0,POINTS,airdrop-point-deduct-season-1,airdrop-point-deduct-season-1,EXTERNAL
0xd9dc76abac56ddc09252fe8d71dd3f6ee65fe70a,186142824517632,-312.0,POINTS,airdrop-point-deduct-season-1,airdrop-point-deduct-season-1,EXTERNAL
0xc1b6e770a5f6eb4a1495340c49569b898fad37f8,6456547279200104235,-4569.0,POINTS,airdrop-point-deduct-season-1,airdrop-point-deduct-season-1,EXTERNAL
0xade345a6428b4c8a7bd2180d5c5507fecaf4ce51,3107143908556800,-10045.0,POINTS,airdrop-point-deduct-season-1,airdrop-point-deduct-season-1,EXTERNAL
0xc5892161105d2b8c66312d3edadfc9d1a23562e4,3108026404487168,-255.0,POINTS,airdrop-point-deduct-season-1,airdrop-point-deduct-season-1,EXTERNAL
0xce1681677b337d1b17a6b5d61e414b2caf802938,3107369080393728,-22316.0,POINTS,airdrop-point-deduct-season-1,airdrop-point-deduct-season-1,EXTERNAL
0x2245c733dd052343b60f44130a25c9f574a696d4,3106684562685952,-2721.0,POINTS,airdrop-point-deduct-season-1,airdrop-point-deduct-season-1,EXTERNAL
0xabb3639ac7ea3fbd7e9bfd4d8fd46cad6c3056f6,3106684637278208,-2811.0,POINTS,airdrop-point-deduct-season-1,airdrop-point-deduct-season-1,EXTERNAL
0x9330065a70e54ad29cf60c2c013e69900da13d73,3107314361643008,-104560.0,POINTS,airdrop-point-deduct-season-1,airdrop-point-deduct-season-1,EXTERNAL
0xd8653c2934071d0dff152f0aac2722e19f2b75d2,3106826205315072,-380.0,POINTS,airdrop-point-deduct-season-1,airdrop-point-deduct-season-1,EXTERNAL
0x1bdd2a02a33c70f7e1672b83652f0e5fc1e5eafc,3107041828732928,-709.0,POINTS,airdrop-point-deduct-season-1,airdrop-point-deduct-season-1,EXTERNAL
0x8d106c747cd21272d4c9ff0af8d53a9c9aca25d2,3106813500186624,-11949.0,POINTS,airdrop-point-deduct-season-1,airdrop-point-deduct-season-1,EXTERNAL
0xf76104b03cbf9a608d9d28fc009c292218ba9934,1106588353802240,-231.0,POINTS,airdrop-point-deduct-season-1,airdrop-point-deduct-season-1,EXTERNAL
0x52f15b7b6cd79d5222c6370b9bf3ed035e81a1b2,1106570446503936,-219.0,POINTS,airdrop-point-deduct-season-1,airdrop-point-deduct-season-1,EXTERNAL
0x665f44e3c2d7a9d6370e2c682a7d2e88047147ea,161301387001856,-216.0,POINTS,airdrop-point-deduct-season-1,airdrop-point-deduct-season-1,EXTERNAL
0xda3605d79bc9e6ddef9bc8166c922cf7fd7c01a0,165933465374720,-215.0,POINTS,airdrop-point-deduct-season-1,airdrop-point-deduct-season-1,EXTERNAL
0x4ad649301357e22d5486e04cc9ec72a37bdc21a5,1106705515134976,-211.0,POINTS,airdrop-point-deduct-season-1,airdrop-point-deduct-season-1,EXTERNAL
0x354a5b91621b4633d617200f1cba33186e5ab431,1106694301122560,-206.0,POINTS,airdrop-point-deduct-season-1,airdrop-point-deduct-season-1,EXTERNAL
0xca46144cd13dac22a903bf5341415166d8ba4417,1106754749030400,-200.0,POINTS,airdrop-point-deduct-season-1,airdrop-point-deduct-season-1,EXTERNAL
0xf64f998af643023b7afb1977d5d07fbb9ec3f7b8,1106717832105984,-199.0,POINTS,airdrop-point-deduct-season-1,airdrop-point-deduct-season-1,EXTERNAL
0xdd8ce6c6fe3cfe51cefdf63ce01d37e58112dd53,1106694194536448,-198.0,POINTS,airdrop-point-deduct-season-1,airdrop-point-deduct-season-1,EXTERNAL
0x4ebcf92f6d349214a6be7f35818002cb22066af5,1106738220498944,-196.0,POINTS,airdrop-point-deduct-season-1,airdrop-point-deduct-season-1,EXTERNAL
0xca5303979ffcf7bedbe4c82b9927c8937eb4c69a,1106728568242176,-196.0,POINTS,airdrop-point-deduct-season-1,airdrop-point-deduct-season-1,EXTERNAL
0x4bff7dc907d356764411deaba0415018954e7656,1106725789351936,-194.0,POINTS,airdrop-point-deduct-season-1,airdrop-point-deduct-season-1,EXTERNAL
0x418bc68bc61c1838567a17f28b7dbd4b8461459e,1106741090660352,-194.0,POINTS,airdrop-point-deduct-season-1,airdrop-point-deduct-season-1,EXTERNAL
0xeb4cf0546ff8db2647d163fe1efb00dfa5f4efc8,1106723259019264,-193.0,POINTS,airdrop-point-deduct-season-1,airdrop-point-deduct-season-1,EXTERNAL
0xad63f18d840ae3eb7a78683636df3aba01cceff1,1106741086404608,-193.0,POINTS,airdrop-point-deduct-season-1,airdrop-point-deduct-season-1,EXTERNAL
0x0bc59d6eca59b4ec1c158daefa22d7b1e673e24d,1106723315523584,-192.0,POINTS,airdrop-point-deduct-season-1,airdrop-point-deduct-season-1,EXTERNAL
0x20f574210cc7856e7e278254bf8ae7906accdad8,1106744503631872,-192.0,POINTS,airdrop-point-deduct-season-1,airdrop-point-deduct-season-1,EXTERNAL
0x40d95bfb591284a58e7441ac49fe9093718bed3d,1106754768375808,-192.0,POINTS,airdrop-point-deduct-season-1,airdrop-point-deduct-season-1,EXTERNAL
0x00ac82fa9d25b801561ba2c0479c7da32e1b8493,1106705989464064,-192.0,POINTS,airdrop-point-deduct-season-1,airdrop-point-deduct-season-1,EXTERNAL
0xf97efb75590f19131bc51b21ca051cd203171982,1106754799390720,-192.0,POINTS,airdrop-point-deduct-season-1,airdrop-point-deduct-season-1,EXTERNAL
0x3ebc4d34730cb1b698118d64f5c307cb5f65c116,1106758003367936,-192.0,POINTS,airdrop-point-deduct-season-1,airdrop-point-deduct-season-1,EXTERNAL
0xb2f9290655970371d8511138382bece743818c84,1106748404854784,-192.0,POINTS,airdrop-point-deduct-season-1,airdrop-point-deduct-season-1,EXTERNAL
0x24f5e9d8c0520fc51f2f45babd887552c4044d43,1106740190633984,-192.0,POINTS,airdrop-point-deduct-season-1,airdrop-point-deduct-season-1,EXTERNAL
0xd81ba905faf51ff24ba4eec03d2c483887fb0b13,1106744610582528,-192.0,POINTS,airdrop-point-deduct-season-1,airdrop-point-deduct-season-1,EXTERNAL
0xc0529193e0231c106478936bfae1f543550c6a0f,1106748925198336,-191.0,POINTS,airdrop-point-deduct-season-1,airdrop-point-deduct-season-1,EXTERNAL
0x080b81485ec968a7007ffff878c57db9b8bab955,1106752614088704,-191.0,POINTS,airdrop-point-deduct-season-1,airdrop-point-deduct-season-1,EXTERNAL
0x4078d5ae20cbe750479abf6c2cebcd31619cce8d,1106754715901952,-191.0,POINTS,airdrop-point-deduct-season-1,airdrop-point-deduct-season-1,EXTERNAL
0xc155a1d9f71f4c0a113b2c0935fc8835da3db3a1,1106744479850496,-191.0,POINTS,airdrop-point-deduct-season-1,airdrop-point-deduct-season-1,EXTERNAL
0x7a7ce9557e3f45ad527571a01eaafe2abd4fbce4,1106752493465600,-191.0,POINTS,airdrop-point-deduct-season-1,airdrop-point-deduct-season-1,EXTERNAL
0x5a552ce1ebcec1210f2f5a83d9b9c6788f5c4f5b,1106752468488192,-191.0,POINTS,airdrop-point-deduct-season-1,airdrop-point-deduct-season-1,EXTERNAL
0x11c3ed8c21a942a65f0e782b2168413ad31c4f4f,1106747105849344,-191.0,POINTS,airdrop-point-deduct-season-1,airdrop-point-deduct-season-1,EXTERNAL
0x2e9f47fe242507791c9266f25d1beb22a287ed07,1106747328450560,-191.0,POINTS,airdrop-point-deduct-season-1,airdrop-point-deduct-season-1,EXTERNAL
0xa9667149bbf84afecbd1c0bf5ca9e759609a5ad2,1106748247605248,-191.0,POINTS,airdrop-point-deduct-season-1,airdrop-point-deduct-season-1,EXTERNAL
0x02584895ea12c1f45e1ff8425f97e3c2266c7de6,1106752405037056,-191.0,POINTS,airdrop-point-deduct-season-1,airdrop-point-deduct-season-1,EXTERNAL
0x1dbbd839667041f2b4d3a41c0aa79e0bb6896a2c,1106748518105088,-191.0,POINTS,airdrop-point-deduct-season-1,airdrop-point-deduct-season-1,EXTERNAL
0x0f38d64824224deeecb38b8891708a75e828c073,1106758105653248,-191.0,POINTS,airdrop-point-deduct-season-1,airdrop-point-deduct-season-1,EXTERNAL
0x352b22482c699ab7727e7032cbebeb5033018731,1106744482689024,-191.0,POINTS,airdrop-point-deduct-season-1,airdrop-point-deduct-season-1,EXTERNAL
0x865c821aa7f1b723d2ce2eb3765b1f79fd6c1728,1106746180067328,-191.0,POINTS,airdrop-point-deduct-season-1,airdrop-point-deduct-season-1,EXTERNAL
0xead6d81f9f29f92ea0a793a4ac769236240d5836,1106738302615552,-189.0,POINTS,airdrop-point-deduct-season-1,airdrop-point-deduct-season-1,EXTERNAL
0x139194df9e8a96f4a4d66a24a121fe4050494e49,1106728522813440,-188.0,POINTS,airdrop-point-deduct-season-1,airdrop-point-deduct-season-1,EXTERNAL
0x526fc4f580b1c73e7f90e358ce9b588d3c497ba4,1106722277969920,-186.0,POINTS,airdrop-point-deduct-season-1,airdrop-point-deduct-season-1,EXTERNAL
0x9cc762f2bda08333117ce4f313c3521cac88a6a3,1106714777800704,-186.0,POINTS,airdrop-point-deduct-season-1,airdrop-point-deduct-season-1,EXTERNAL
0x61de2bc546c172617482dbedd9bd5d5756f612d5,1106725758808064,-185.0,POINTS,airdrop-point-deduct-season-1,airdrop-point-deduct-season-1,EXTERNAL
0xdd603b116350071d8fac84418980990e1d85edc0,3106692013449216,-185.0,POINTS,airdrop-point-deduct-season-1,airdrop-point-deduct-season-1,EXTERNAL
0x96427dcd2f5e6ea208d9539104aee393795dc287,1106725679075328,-184.0,POINTS,airdrop-point-deduct-season-1,airdrop-point-deduct-season-1,EXTERNAL
0x216978e461afb8e3f7ae8abcd844c82572ec92f7,1106726039171072,-184.0,POINTS,airdrop-point-deduct-season-1,airdrop-point-deduct-season-1,EXTERNAL
0x6e04e5e280b5169487930fe2c9d8dccca7077b08,1106738249834496,-183.0,POINTS,airdrop-point-deduct-season-1,airdrop-point-deduct-season-1,EXTERNAL
0x8c1c1a8ab77fb9ea4da133c95e7094858555c63c,183377341784064,-182.0,POINTS,airdrop-point-deduct-season-1,airdrop-point-deduct-season-1,EXTERNAL
0x314e67dc44c366a4625534d4a305e727f045d948,1106723263799296,-182.0,POINTS,airdrop-point-deduct-season-1,airdrop-point-deduct-season-1,EXTERNAL
0x2d9829bf709d027e39bdd1a779a79794fe99b025,183362465525760,-182.0,POINTS,airdrop-point-deduct-season-1,airdrop-point-deduct-season-1,EXTERNAL
0x412ebf3a03ceed8c23ff9c1aa7f2a4c1c9dc66d7,1106710214746112,-181.0,POINTS,airdrop-point-deduct-season-1,airdrop-point-deduct-season-1,EXTERNAL
0xa2de3a6f2df315ba332cfcb0e3129b8e0884699c,1106712701546496,-181.0,POINTS,airdrop-point-deduct-season-1,airdrop-point-deduct-season-1,EXTERNAL
0x8480bca823aff3ae78504a7a91275f20647fd918,1106712787668992,-180.0,POINTS,airdrop-point-deduct-season-1,airdrop-point-deduct-season-1,EXTERNAL
0xfcf2b2c755412c4af193574406d9faf35ed72dd2,1106739720499200,-179.0,POINTS,airdrop-point-deduct-season-1,airdrop-point-deduct-season-1,EXTERNAL
0x9be7063352b6e0432625677559c1a0fe0dec5a5d,183369312231424,-178.0,POINTS,airdrop-point-deduct-season-1,airdrop-point-deduct-season-1,EXTERNAL
0x5466b6de6e0f4965c9c3386077dd72eddb1fc863,1106712638431232,-177.0,POINTS,airdrop-point-deduct-season-1,airdrop-point-deduct-season-1,EXTERNAL
0x5cb6dd8ed194e97f1ef92b9fdeb8db8bc6beb959,1106738233774080,-177.0,POINTS,airdrop-point-deduct-season-1,airdrop-point-deduct-season-1,EXTERNAL
0x2375f43d4cb803ecc7619702b090a075d670c10e,1106758034427904,-175.0,POINTS,airdrop-point-deduct-season-1,airdrop-point-deduct-season-1,EXTERNAL
0x4390c864a395540af72e657f4f111f63c5419757,1106757841285120,-175.0,POINTS,airdrop-point-deduct-season-1,airdrop-point-deduct-season-1,EXTERNAL
0x2d0a3760c4b56ef995f319ebea2f5fd60cfeeeb1,183370056912896,-174.0,POINTS,airdrop-point-deduct-season-1,airdrop-point-deduct-season-1,EXTERNAL
0xa7aeec7438e99dca24046972422404b524a2ccb0,1106746187296768,-174.0,POINTS,airdrop-point-deduct-season-1,airdrop-point-deduct-season-1,EXTERNAL
0xba13f31fb749639c18d10f21f22dd569e7bc5834,158132644810752,-174.0,POINTS,airdrop-point-deduct-season-1,airdrop-point-deduct-season-1,EXTERNAL
0x2eb44fb7935c3272bdcb316155be462359aea6ac,158341549912064,-171.0,POINTS,airdrop-point-deduct-season-1,airdrop-point-deduct-season-1,EXTERNAL
0x9e686550bdecd9e4a8b213ff3e9ac2fa25cfec5a,1106978002841600,-168.0,POINTS,airdrop-point-deduct-season-1,airdrop-point-deduct-season-1,EXTERNAL
0x13be1fd2f9229c54eeb41dee1c00299736100a58,1106613551841280,-129.0,POINTS,airdrop-point-deduct-season-1,airdrop-point-deduct-season-1,EXTERNAL
0x80ee2e49a8db64b6da268e09d98c18957441ee7b,1106614327103488,-117.0,POINTS,airdrop-point-deduct-season-1,airdrop-point-deduct-season-1,EXTERNAL
0xdefe42294c0d362f10ad6d2d17b73ed8c19608ae,1106631806558208,-116.0,POINTS,airdrop-point-deduct-season-1,airdrop-point-deduct-season-1,EXTERNAL
0x891b86ef7b674af998185594ead4025fc8eb1d06,1106614456205312,-116.0,POINTS,airdrop-point-deduct-season-1,airdrop-point-deduct-season-1,EXTERNAL
0x664d1baaf24862a844d63a137ffe07a5c3ce1358,1106682107547648,-115.0,POINTS,airdrop-point-deduct-season-1,airdrop-point-deduct-season-1,EXTERNAL
0x28e03bbdab1651a375f60128acc283dcb61dc253,1106683514425344,-112.0,POINTS,airdrop-point-deduct-season-1,airdrop-point-deduct-season-1,EXTERNAL
0x22848e4893bff5f4d9f031bf8af4280db2d95595,1106615051022336,-107.0,POINTS,airdrop-point-deduct-season-1,airdrop-point-deduct-season-1,EXTERNAL
0x284db73eca6eef14a8a425fef296e4af5e7e9052,3106787867463680,-295.0,POINTS,airdrop-point-deduct-season-1,airdrop-point-deduct-season-1,EXTERNAL
0x5641b5d6634fe925022960f73e796d8dbf912210,3106675686670336,-423.0,POINTS,airdrop-point-deduct-season-1,airdrop-point-deduct-season-1,EXTERNAL
0x760ffd8ea75bd798b73f01a6808921795711749e,3106853682880512,-348.0,POINTS,airdrop-point-deduct-season-1,airdrop-point-deduct-season-1,EXTERNAL
0xcdd7684850dbe2adf61e5e92595acd0f90d33eb2,1106712935460864,-320.0,POINTS,airdrop-point-deduct-season-1,airdrop-point-deduct-season-1,EXTERNAL
0x1b9404eb01acfa0dbd22528906798f305c03fa1d,3106913531043840,-2406.0,POINTS,airdrop-point-deduct-season-1,airdrop-point-deduct-season-1,EXTERNAL
0xdc251578b1c16b65787879384ee7d09ee4ec23d5,1106718825934848,-530.0,POINTS,airdrop-point-deduct-season-1,airdrop-point-deduct-season-1,EXTERNAL
0xda5b94b6062c408f52d35559c1f8b985a0c8e638,3106907883704320,-1451.0,POINTS,airdrop-point-deduct-season-1,airdrop-point-deduct-season-1,EXTERNAL
0x01a620b776a06fd92c6a63de15c8b6bc1760763e,3106747475582976,-621.0,POINTS,airdrop-point-deduct-season-1,airdrop-point-deduct-season-1,EXTERNAL
0x8813c1d5ea20342712822a1479a43bd47055c1ad,3106749078994944,-220.0,POINTS,airdrop-point-deduct-season-1,airdrop-point-deduct-season-1,EXTERNAL
0xd2118584ec1fcff2056bac83f54081a15cc71e1d,3106691813412864,-646.0,POINTS,airdrop-point-deduct-season-1,airdrop-point-deduct-season-1,EXTERNAL
0xe04a6fcae9e4edc74bd8a1b649f0abcfe4c0b5a8,1106711138430976,-400.0,POINTS,airdrop-point-deduct-season-1,airdrop-point-deduct-season-1,EXTERNAL
0xfdfd5885f2a8031cac6bb7112abab48e68ef3a8b,3106912604905472,-1772.0,POINTS,airdrop-point-deduct-season-1,airdrop-point-deduct-season-1,EXTERNAL
0x1a55111a920a8aa97bfc9413d6b700da1b3c374b,389756680146944,-4093.0,POINTS,airdrop-point-deduct-season-1,airdrop-point-deduct-season-1,EXTERNAL
0x84ff5cfbf0a83cae2eb9c61851efb150a0504f0d,158213704556544,-3974.0,POINTS,airdrop-point-deduct-season-1,airdrop-point-deduct-season-1,EXTERNAL
0x907d2946b846ffbd08803fe69d7844ef8e2fbd9a,175137227894784,-3913.0,POINTS,airdrop-point-deduct-season-1,airdrop-point-deduct-season-1,EXTERNAL
0x458ffc35fbcf0d3cd912ac70e3c37232fbb61214,175091462254592,-3893.0,POINTS,airdrop-point-deduct-season-1,airdrop-point-deduct-season-1,EXTERNAL
0xe6e31db2c23e1d999c3b2101c2f86295a15992b1,6656154904600108037,-3885.0,POINTS,airdrop-point-deduct-season-1,airdrop-point-deduct-season-1,EXTERNAL
0x56a98918a71f49baa5e28ae7b07d43c370c935cd,175103232061440,-3863.0,POINTS,airdrop-point-deduct-season-1,airdrop-point-deduct-season-1,EXTERNAL
0x73a25cbb527adb1eed931ca625a7e4b226863e03,175072630624256,-3862.0,POINTS,airdrop-point-deduct-season-1,airdrop-point-deduct-season-1,EXTERNAL
0x0e32c2ed10840fcfcf01c3468b85c8dce97ab067,174991761047552,-3856.0,POINTS,airdrop-point-deduct-season-1,airdrop-point-deduct-season-1,EXTERNAL
0x975fc7cbab6f51679b77d4011eab023a420945e3,174930255261696,-3850.0,POINTS,airdrop-point-deduct-season-1,airdrop-point-deduct-season-1,EXTERNAL
0x118d2c08db8ebb44d8cd9aeefb5feb9f63b72b54,175057705263104,-3849.0,POINTS,airdrop-point-deduct-season-1,airdrop-point-deduct-season-1,EXTERNAL
0x93000a651d8d4184c23a3d3f23f63f6915017926,389756639420416,-3842.0,POINTS,airdrop-point-deduct-season-1,airdrop-point-deduct-season-1,EXTERNAL
0x73f78487cce06dd3724f31a5015542657bef1c64,175144960479232,-3839.0,POINTS,airdrop-point-deduct-season-1,airdrop-point-deduct-season-1,EXTERNAL
0xc685d3b6f95c8770301d1c52cefdabeeb05d10e8,174937094512640,-3821.0,POINTS,airdrop-point-deduct-season-1,airdrop-point-deduct-season-1,EXTERNAL
0x415d82a2f9dd1d46495574a0901d79d398569caa,175010779066368,-3821.0,POINTS,airdrop-point-deduct-season-1,airdrop-point-deduct-season-1,EXTERNAL
0xb589237e4248a54ff7b0a9068cb1761411604cf7,175304094601216,-3816.0,POINTS,airdrop-point-deduct-season-1,airdrop-point-deduct-season-1,EXTERNAL
0x52773b07d546d428ac10c0d2033456c75f511baa,174967887450112,-3814.0,POINTS,airdrop-point-deduct-season-1,airdrop-point-deduct-season-1,EXTERNAL
0x944dd11bc5613270ba318b85382bc439943f6901,175017068064768,-3814.0,POINTS,airdrop-point-deduct-season-1,airdrop-point-deduct-season-1,EXTERNAL
0xad5f21f26fe480d8bad9e928d75d900bab142132,175468268036096,-3814.0,POINTS,airdrop-point-deduct-season-1,airdrop-point-deduct-season-1,EXTERNAL
0x46840690ffda52e577619c846e764f196ab560c0,175227512877056,-3813.0,POINTS,airdrop-point-deduct-season-1,airdrop-point-deduct-season-1,EXTERNAL
0xa770867e11b0f11550e8faeb73f7021471c92578,175261231767552,-3813.0,POINTS,airdrop-point-deduct-season-1,airdrop-point-deduct-season-1,EXTERNAL
0xa75c77f720bd1e432dc7d717c9efd72c112318c9,174949224005632,-3812.0,POINTS,airdrop-point-deduct-season-1,airdrop-point-deduct-season-1,EXTERNAL
0x3c96492ee8c75526498d195bf825cea90b4244ba,175431712792576,-3812.0,POINTS,airdrop-point-deduct-season-1,airdrop-point-deduct-season-1,EXTERNAL
0xa3f6da83d73a7f7739c72bcb34c3dcc6059bac00,175167667728384,-3811.0,POINTS,airdrop-point-deduct-season-1,airdrop-point-deduct-season-1,EXTERNAL
0xb179b77be92f1ae1368ea9517920ac34f6bf48bc,175308820455424,-3811.0,POINTS,airdrop-point-deduct-season-1,airdrop-point-deduct-season-1,EXTERNAL
0x2d52e5be2829421eebf6d30848bc99c6301939d0,175366412443648,-3809.0,POINTS,airdrop-point-deduct-season-1,airdrop-point-deduct-season-1,EXTERNAL
0x50dca4878b3d8c48ff61e432d6a587253845520c,174923260329984,-3809.0,POINTS,airdrop-point-deduct-season-1,airdrop-point-deduct-season-1,EXTERNAL
0x3b63d8f901b6d34c5a111d7fdd3b09b8062e2cf4,175416390201344,-3807.0,POINTS,airdrop-point-deduct-season-1,airdrop-point-deduct-season-1,EXTERNAL
0x4ecc57bba66ec01966dfb3914eb2c392b3dbe518,175126366052352,-3807.0,POINTS,airdrop-point-deduct-season-1,airdrop-point-deduct-season-1,EXTERNAL
0x29708c3f0f7d74b106876d52459cd404e569b0c9,175374828937216,-3807.0,POINTS,airdrop-point-deduct-season-1,airdrop-point-deduct-season-1,EXTERNAL
0xfc50039add267240a767b0ef4af72ed5abc51fd2,175411151704064,-3807.0,POINTS,airdrop-point-deduct-season-1,airdrop-point-deduct-season-1,EXTERNAL
0xdbbe1f7fafe8465eb7b9ccfb8356d90dfee8235c,175209489305600,-3807.0,POINTS,airdrop-point-deduct-season-1,airdrop-point-deduct-season-1,EXTERNAL
0x658e2d5b2b3408d86b40ea4fc53517bf0197ec49,174979998056448,-3805.0,POINTS,airdrop-point-deduct-season-1,airdrop-point-deduct-season-1,EXTERNAL
0x744fb948935c3f6e869ed2809387902a146a48b8,175426724360192,-3805.0,POINTS,airdrop-point-deduct-season-1,airdrop-point-deduct-season-1,EXTERNAL
0x76d95585f3f1f1c9e8d7ca338e8d61f591996dd5,175442054668288,-3805.0,POINTS,airdrop-point-deduct-season-1,airdrop-point-deduct-season-1,EXTERNAL
0x44cd620fe2765c41492dbc75ea7a3d5212a99f92,175447512018944,-3805.0,POINTS,airdrop-point-deduct-season-1,airdrop-point-deduct-season-1,EXTERNAL
0xb8f21dfa8b591e729d72694c0626d124c8e43442,175362090180608,-3805.0,POINTS,airdrop-point-deduct-season-1,airdrop-point-deduct-season-1,EXTERNAL
0x6f770a29935921ccdfe754d913262c8daead9a90,174961294520320,-3805.0,POINTS,airdrop-point-deduct-season-1,airdrop-point-deduct-season-1,EXTERNAL
0x6ba0b3700de09685019f393355cdded45eb780d3,174910021287936,-3803.0,POINTS,airdrop-point-deduct-season-1,airdrop-point-deduct-season-1,EXTERNAL
0x24e97e7493e03f1edb91b13872704bcf511d6eed,175029532729344,-3803.0,POINTS,airdrop-point-deduct-season-1,airdrop-point-deduct-season-1,EXTERNAL
0x180a7acbe39c204027e613ad0e7244e81ef29997,175421720739840,-3803.0,POINTS,airdrop-point-deduct-season-1,airdrop-point-deduct-season-1,EXTERNAL
0x9044f505e5f195c89523661ab2e7b3a4250a31e4,175064678748160,-3803.0,POINTS,airdrop-point-deduct-season-1,airdrop-point-deduct-season-1,EXTERNAL
0x938f7775964325645ded833d33e7afd9900e4085,174955094417408,-3803.0,POINTS,airdrop-point-deduct-season-1,airdrop-point-deduct-season-1,EXTERNAL
0x18797c482b4aebf7903c7bc6db1386a618632d54,174973937934336,-3801.0,POINTS,airdrop-point-deduct-season-1,airdrop-point-deduct-season-1,EXTERNAL
0x21edef6e25fc4454ff2fa7aedc90feb6a497b8a7,174879752646656,-3801.0,POINTS,airdrop-point-deduct-season-1,airdrop-point-deduct-season-1,EXTERNAL
0xc34a7cdf9082b26b81babf2278d8bb56cc1a45e0,175035893534720,-3801.0,POINTS,airdrop-point-deduct-season-1,airdrop-point-deduct-season-1,EXTERNAL
0x58fc262654e8b5782fb87cb1c07d4191359cdc1e,175043117129728,-3801.0,POINTS,airdrop-point-deduct-season-1,airdrop-point-deduct-season-1,EXTERNAL
0xad01b6b9fc68f39f722bf9a5907d9e36ce9f5768,174873917898752,-3801.0,POINTS,airdrop-point-deduct-season-1,airdrop-point-deduct-season-1,EXTERNAL
0xff8147d5f26c8b0cb2723722c05774d4d8982fec,175023000141824,-3801.0,POINTS,airdrop-point-deduct-season-1,airdrop-point-deduct-season-1,EXTERNAL
0x6baba373749e7fe9c71970f0146b6e03bfa7c6ab,174898295836672,-3801.0,POINTS,airdrop-point-deduct-season-1,airdrop-point-deduct-season-1,EXTERNAL
0xe14a2ee8cb16afac5f65df2194af6aa6c36e35a6,175201583280128,-3800.0,POINTS,airdrop-point-deduct-season-1,airdrop-point-deduct-season-1,EXTERNAL
0xaf9ded407e94d6d7866d9e11403e06ee771ba42a,175379405152256,-3800.0,POINTS,airdrop-point-deduct-season-1,airdrop-point-deduct-season-1,EXTERNAL
0xa72f44c609d750f038927014f40277eb8334bb82,175179834310656,-3800.0,POINTS,airdrop-point-deduct-season-1,airdrop-point-deduct-season-1,EXTERNAL
0x5e9d338d73871773e5380d948039aacd9f4b6625,175251765866496,-3800.0,POINTS,airdrop-point-deduct-season-1,airdrop-point-deduct-season-1,EXTERNAL
0xf3cecf6d236d7ee9a0b1427f65cc9a9dd954d667,175388359655424,-3798.0,POINTS,airdrop-point-deduct-season-1,airdrop-point-deduct-season-1,EXTERNAL
0x1e1196025bf6e172b21d3e9e9e4e0581120917d7,175357991014400,-3798.0,POINTS,airdrop-point-deduct-season-1,airdrop-point-deduct-season-1,EXTERNAL
0xfa50b45abd1ba86a4aee30d3a04dc614a2865f3e,175406484897792,-3798.0,POINTS,airdrop-point-deduct-season-1,airdrop-point-deduct-season-1,EXTERNAL
0xeff3f54ebec9c1f73e50f9fc2841330acb471677,174998515707904,-3798.0,POINTS,airdrop-point-deduct-season-1,airdrop-point-deduct-season-1,EXTERNAL
0xc0deb9fa2f0c59ea291de66c69d5284f9f1c9c28,174885978169344,-3798.0,POINTS,airdrop-point-deduct-season-1,airdrop-point-deduct-season-1,EXTERNAL
0x52ded4a615ccd7c15d97bceb3403d93c0be3e5d8,175218359226368,-3798.0,POINTS,airdrop-point-deduct-season-1,airdrop-point-deduct-season-1,EXTERNAL
0x1ab0ed8ecf3f428d536d8db79fa2dce94835cd0b,175114520825856,-3798.0,POINTS,airdrop-point-deduct-season-1,airdrop-point-deduct-season-1,EXTERNAL
0xd4e10df4c990f147c483d3700d5dfddc8998a2bf,174903685218304,-3798.0,POINTS,airdrop-point-deduct-season-1,airdrop-point-deduct-season-1,EXTERNAL
0xcab754f5cb7817c93ca286f8ab75b7c8cabea001,175079896715264,-3798.0,POINTS,airdrop-point-deduct-season-1,airdrop-point-deduct-season-1,EXTERNAL
0xadee429c47303f12df38f62d05614678a7c22613,174916289372160,-3798.0,POINTS,airdrop-point-deduct-season-1,airdrop-point-deduct-season-1,EXTERNAL
0xae99fdfd2720bfd46474d7f56f23091a4022cb01,175370585554944,-3796.0,POINTS,airdrop-point-deduct-season-1,airdrop-point-deduct-season-1,EXTERNAL
0xccab5fc2d1a4fe6d32e6083a71e61c0232b294d9,175392871776256,-3795.0,POINTS,airdrop-point-deduct-season-1,airdrop-point-deduct-season-1,EXTERNAL
0xf44d91521875a8b16145947cf12999b93c185d79,175197860839424,-3795.0,POINTS,airdrop-point-deduct-season-1,airdrop-point-deduct-season-1,EXTERNAL
0xf747551859c9357361635eb2be34e9b11c38e5f3,175290204712960,-3795.0,POINTS,airdrop-point-deduct-season-1,airdrop-point-deduct-season-1,EXTERNAL
0xff21492b45e59e7b4fcea8a5f50c45b55a729bd0,175190632038400,-3795.0,POINTS,airdrop-point-deduct-season-1,airdrop-point-deduct-season-1,EXTERNAL
0x75c303110d3f61764ffe0e6c0f6ac29af4fca9a9,175333259513856,-3795.0,POINTS,airdrop-point-deduct-season-1,airdrop-point-deduct-season-1,EXTERNAL
0x002e3392229ffadfe6487e1fc228efa6b9de58d7,175275873959936,-3795.0,POINTS,airdrop-point-deduct-season-1,airdrop-point-deduct-season-1,EXTERNAL
0x85b6d71c4ab603c76ebab7ee454e8836a3660407,175205456756736,-3795.0,POINTS,airdrop-point-deduct-season-1,airdrop-point-deduct-season-1,EXTERNAL
0xf14abc18449b270a39a85ce304e990cf57dfd907,174891979497472,-3794.0,POINTS,airdrop-point-deduct-season-1,airdrop-point-deduct-season-1,EXTERNAL
0xeb72f6cd2b66cac00c46d0f66151e5cea86e8391,174943627091968,-3794.0,POINTS,airdrop-point-deduct-season-1,airdrop-point-deduct-season-1,EXTERNAL
0x9dc4296e480a44eeb060206dfadefba167e73eb0,175004756140032,-3794.0,POINTS,airdrop-point-deduct-season-1,airdrop-point-deduct-season-1,EXTERNAL
0x5abb0bd81ada872f99fb7e4dc8ec9c0ca9498462,175452409413632,-3794.0,POINTS,airdrop-point-deduct-season-1,airdrop-point-deduct-season-1,EXTERNAL
0xcc2f79d0a3e7be1277c5b7290832766913d5b0ec,175457340002304,-3794.0,POINTS,airdrop-point-deduct-season-1,airdrop-point-deduct-season-1,EXTERNAL
0x63a9b0f34b0196e1839491a054163ad3b93870ad,175241954607104,-3793.0,POINTS,airdrop-point-deduct-season-1,airdrop-point-deduct-season-1,EXTERNAL
0x7eb257aaa4791c83ca8356ea9930c25212a4d665,175337524518912,-3793.0,POINTS,airdrop-point-deduct-season-1,airdrop-point-deduct-season-1,EXTERNAL
0x966427fed1c697818305130b3663aced8333b054,175285674848256,-3793.0,POINTS,airdrop-point-deduct-season-1,airdrop-point-deduct-season-1,EXTERNAL
0xcfd81c3a7e1c0d6a3d4969e2bbdde1764964f1a0,175266438451200,-3793.0,POINTS,airdrop-point-deduct-season-1,airdrop-point-deduct-season-1,EXTERNAL
0x68422bef353828c59fcea6a7eaf1271dbe36182f,175329190973440,-3791.0,POINTS,airdrop-point-deduct-season-1,airdrop-point-deduct-season-1,EXTERNAL
0xa0c3dcb0cdb32e8c66e88d5eaf79672dc7573eb2,175353920102400,-3791.0,POINTS,airdrop-point-deduct-season-1,airdrop-point-deduct-season-1,EXTERNAL
0x0852db636cb6dae0facf6a4b4d15844006fb57f6,175321068453888,-3791.0,POINTS,airdrop-point-deduct-season-1,airdrop-point-deduct-season-1,EXTERNAL
0x34781926398e25f7d51fe11706c034049750894a,175174671773696,-3791.0,POINTS,airdrop-point-deduct-season-1,airdrop-point-deduct-season-1,EXTERNAL
0xf6125bcee6b9a053b6600ff759cf49a6d379a5bc,175294570229760,-3791.0,POINTS,airdrop-point-deduct-season-1,airdrop-point-deduct-season-1,EXTERNAL
0x4422acd0a882bc0d9e882f10cdd17e4ce8c1d1a1,175237089017856,-3791.0,POINTS,airdrop-point-deduct-season-1,airdrop-point-deduct-season-1,EXTERNAL
0x037ab931b87b1e28b8dda3dbd8a4119df279d9b6,175270879948800,-3791.0,POINTS,airdrop-point-deduct-season-1,airdrop-point-deduct-season-1,EXTERNAL
0xf335fcb330ed49e9098b9e8642a47597cc81201a,175232297275392,-3791.0,POINTS,airdrop-point-deduct-season-1,airdrop-point-deduct-season-1,EXTERNAL
0x74397d208819f95dff351e3d821f116ba2d04d55,175312809455616,-3791.0,POINTS,airdrop-point-deduct-season-1,airdrop-point-deduct-season-1,EXTERNAL
0xd633b3bbd296cf9ad0b086b1a29de9662c82b97f,175316846968832,-3789.0,POINTS,airdrop-point-deduct-season-1,airdrop-point-deduct-season-1,EXTERNAL
0x45e4680a23f0cb78bdb0aadefa7b8b285ff7dd1f,175223286992896,-3789.0,POINTS,airdrop-point-deduct-season-1,airdrop-point-deduct-season-1,EXTERNAL
0xb45aed57fe9f8bb027a4a2cb917a7f24c705a9b7,175325153529856,-3789.0,POINTS,airdrop-point-deduct-season-1,airdrop-point-deduct-season-1,EXTERNAL
0x74a187bd91d24a299c02d5505b2239bebe810f7b,175246847664128,-3789.0,POINTS,airdrop-point-deduct-season-1,airdrop-point-deduct-season-1,EXTERNAL
0xbc24f30a39fcf34958d36e727841173fd9167af2,175349842587648,-3789.0,POINTS,airdrop-point-deduct-season-1,airdrop-point-deduct-season-1,EXTERNAL
0x8ab092f347a9b9866b03e24f9faca645d73e88ad,175194175623168,-3787.0,POINTS,airdrop-point-deduct-season-1,airdrop-point-deduct-season-1,EXTERNAL
0x2f3284267ea073a70da164b49cf2298d7f572852,175397295030272,-3787.0,POINTS,airdrop-point-deduct-season-1,airdrop-point-deduct-season-1,EXTERNAL
0x2022c41d9b2b736240652e8a68543276c6926730,175383792050176,-3787.0,POINTS,airdrop-point-deduct-season-1,airdrop-point-deduct-season-1,EXTERNAL
0xf0afd02465414396db8072b0e1d8cb814377e44d,175160851611648,-3787.0,POINTS,airdrop-point-deduct-season-1,airdrop-point-deduct-season-1,EXTERNAL
0x3904e2d475bdf85ac30a32caeadae4b07cc9870d,175401904578560,-3787.0,POINTS,airdrop-point-deduct-season-1,airdrop-point-deduct-season-1,EXTERNAL
0xd3ef873ea2a5d01d71cb55900c5c46fc5150d0d4,175186878361600,-3787.0,POINTS,airdrop-point-deduct-season-1,airdrop-point-deduct-season-1,EXTERNAL
0xf0dba8606870a39ac37c9edc993d784463650698,175183405223936,-3787.0,POINTS,airdrop-point-deduct-season-1,airdrop-point-deduct-season-1,EXTERNAL
0x06492f690f3244c2c3e4a5111af0e01f2b6a1f34,6451174392800104704,-3785.0,POINTS,airdrop-point-deduct-season-1,airdrop-point-deduct-season-1,EXTERNAL
0x7963d7d54eada191c62d5fa1140e9bc2327e83c5,175280899788800,-3784.0,POINTS,airdrop-point-deduct-season-1,airdrop-point-deduct-season-1,EXTERNAL
0x35ca78af741eb08535a7ec52fcd9f26fe106aaf0,175341540749312,-3784.0,POINTS,airdrop-point-deduct-season-1,airdrop-point-deduct-season-1,EXTERNAL
0x48825117e00dafba28802abeca17044774bd1561,175256468844544,-3784.0,POINTS,airdrop-point-deduct-season-1,airdrop-point-deduct-season-1,EXTERNAL
0x7ba1a7e40078e2c2a62a860cd82664f9d0ff2bd2,175213921886208,-3782.0,POINTS,airdrop-point-deduct-season-1,airdrop-point-deduct-season-1,EXTERNAL
0x0c362152361c0e616542e3d7d11055fd9e5082b6,175299262005248,-3782.0,POINTS,airdrop-point-deduct-season-1,airdrop-point-deduct-season-1,EXTERNAL
0x0fccb3983b027ce031719f51703b9345ff26f5fc,174985930493952,-3763.0,POINTS,airdrop-point-deduct-season-1,airdrop-point-deduct-season-1,EXTERNAL
0xaa43f9afa15f669f3e320558e0b45435176a297d,175050475868160,-3761.0,POINTS,airdrop-point-deduct-season-1,airdrop-point-deduct-season-1,EXTERNAL
0xa2aac7ed98d08ae3c0ddd4570b1e460044fd3e21,175436853690368,-3756.0,POINTS,airdrop-point-deduct-season-1,airdrop-point-deduct-season-1,EXTERNAL
0xdf9122273a36ca9bcaa9b94dba6ad7041e4a6e5d,175345573052416,-3745.0,POINTS,airdrop-point-deduct-season-1,airdrop-point-deduct-season-1,EXTERNAL
0x1ef84a9eb9b628240f076b7ce2f189c7f0a0578c,389756659703808,-3698.0,POINTS,airdrop-point-deduct-season-1,airdrop-point-deduct-season-1,EXTERNAL
0x51fdb959a53e412d35d2f66614e8f78f073391ed,158248261148672,-3637.0,POINTS,airdrop-point-deduct-season-1,airdrop-point-deduct-season-1,EXTERNAL
0x5bcf207d526a2605a6279915452f0e5be2edb5a6,6655302397500104986,-3538.0,POINTS,airdrop-point-deduct-season-1,airdrop-point-deduct-season-1,EXTERNAL
0x6c49fadb82fbbbe8dba48bbceb2b48e4b79865e7,6451194628600104951,-3518.0,POINTS,airdrop-point-deduct-season-1,airdrop-point-deduct-season-1,EXTERNAL
0xfc1aa4daabdc6ea4ff8219d3692bafbf02b7e118,6715490380500105908,-3468.0,POINTS,airdrop-point-deduct-season-1,airdrop-point-deduct-season-1,EXTERNAL
0xd4bb95e7ed087794b06b96697f0ccf5264011173,158422641676288,-3440.0,POINTS,airdrop-point-deduct-season-1,airdrop-point-deduct-season-1,EXTERNAL
0x7a0bc847a4779d4d085aa9c3e76c5c50986f0e33,6655647145500106117,-3420.0,POINTS,airdrop-point-deduct-season-1,airdrop-point-deduct-season-1,EXTERNAL
0x7321bde7749d3e5729e8d60c8fc0c16a7c2029f8,158270474539008,-3362.0,POINTS,airdrop-point-deduct-season-1,airdrop-point-deduct-season-1,EXTERNAL
0x56a314f4d165326035bacf716f0902e695f912cd,6406242266100106041,-3337.0,POINTS,airdrop-point-deduct-season-1,airdrop-point-deduct-season-1,EXTERNAL
0x94a8a6b01d5144bbc8755956fb9c4cba586e5b4e,6159234524100107989,-3307.0,POINTS,airdrop-point-deduct-season-1,airdrop-point-deduct-season-1,EXTERNAL
0x6a926de8c63793b4ce07e9c416ff6c48a1054d63,158633180389376,-3079.0,POINTS,airdrop-point-deduct-season-1,airdrop-point-deduct-season-1,EXTERNAL
0xe47eeb268480e5b3f1cd951148c5a48d2fffb68b,6275906223200101015,-2981.0,POINTS,airdrop-point-deduct-season-1,airdrop-point-deduct-season-1,EXTERNAL
0x707e5f9a2146af54432ac4d62e760c61ca599640,175513615757312,-2949.0,POINTS,airdrop-point-deduct-season-1,airdrop-point-deduct-season-1,EXTERNAL
0x3d229164d3a67abb13e743359700808aee9018d5,157954961178624,-2932.0,POINTS,airdrop-point-deduct-season-1,airdrop-point-deduct-season-1,EXTERNAL
0x5c8dd84221523612b2d7660e932ca636abd4d620,159629950889984,-2896.0,POINTS,airdrop-point-deduct-season-1,airdrop-point-deduct-season-1,EXTERNAL
0x7b3e47aef396704e813480f7deffeb3c24303c17,6159235426200109678,-2847.0,POINTS,airdrop-point-deduct-season-1,airdrop-point-deduct-season-1,EXTERNAL
0x46f0aaf85dc8029648217394c30820e9afe130be,6638919159500108201,-2832.0,POINTS,airdrop-point-deduct-season-1,airdrop-point-deduct-season-1,EXTERNAL
0xd479f0a2e7a24d81307299996afd4c3586268ee5,6451366091900106701,-2690.0,POINTS,airdrop-point-deduct-season-1,airdrop-point-deduct-season-1,EXTERNAL
0xd24ee187df8aa928511654a5c499f8c4cfec8999,163916309651456,-2660.0,POINTS,airdrop-point-deduct-season-1,airdrop-point-deduct-season-1,EXTERNAL
0xfe73e8f2abe5aac217d88209a54b536104a0a018,174301050822656,-2619.0,POINTS,airdrop-point-deduct-season-1,airdrop-point-deduct-season-1,EXTERNAL
0xdc488d7dcbe1cb953deab1a8853d91ae7d8b9a0c,174247833858048,-2592.0,POINTS,airdrop-point-deduct-season-1,airdrop-point-deduct-season-1,EXTERNAL
0xc4cfcab235c2ac1c9dca477dda3d0ee3ff3f0d2e,173909120225280,-2591.0,POINTS,airdrop-point-deduct-season-1,airdrop-point-deduct-season-1,EXTERNAL
0xdc367b5b86521cc24e370810138b16de9701f996,174026705731584,-2588.0,POINTS,airdrop-point-deduct-season-1,airdrop-point-deduct-season-1,EXTERNAL
0xee4a1b600389e44d8e7dc781a866a62ed242fc36,174260781539328,-2588.0,POINTS,airdrop-point-deduct-season-1,airdrop-point-deduct-season-1,EXTERNAL
0x4ed05b86ea2753d8f9fb215c7c155a95993852e7,174044352577536,-2586.0,POINTS,airdrop-point-deduct-season-1,airdrop-point-deduct-season-1,EXTERNAL
0x53f218d7b0488d2fa4ff4b123e54ef6f909d18e3,6507925600500101558,-2585.0,POINTS,airdrop-point-deduct-season-1,airdrop-point-deduct-season-1,EXTERNAL
0xf16cc0d906c3cd8c8bcf15653d9bf1848d7dc9a8,174219423477760,-2585.0,POINTS,airdrop-point-deduct-season-1,airdrop-point-deduct-season-1,EXTERNAL
0xf584d8c417077ae37fd0616c7b1d5f76f3e43756,174006521442304,-2579.0,POINTS,airdrop-point-deduct-season-1,airdrop-point-deduct-season-1,EXTERNAL
0x17dda01ce150cb051e92af8fc678b0e47ed5a25a,159152619642880,-2577.0,POINTS,airdrop-point-deduct-season-1,airdrop-point-deduct-season-1,EXTERNAL
0x40fbae2d0a785569e74b3478792edd89d7224364,174060210933760,-2577.0,POINTS,airdrop-point-deduct-season-1,airdrop-point-deduct-season-1,EXTERNAL
0x38fd5165b6c05c57aeb4ed5d04a7cf62e950818a,174205387395072,-2571.0,POINTS,airdrop-point-deduct-season-1,airdrop-point-deduct-season-1,EXTERNAL
0x2353bda698c24a0396f35419dc844c0369ea549a,174031028461568,-2556.0,POINTS,airdrop-point-deduct-season-1,airdrop-point-deduct-season-1,EXTERNAL
0x0e37e455f0e4c59d0d0f334a5ddd4f3c52df4cac,173879427522560,-2549.0,POINTS,airdrop-point-deduct-season-1,airdrop-point-deduct-season-1,EXTERNAL
0xd71895df0469a1db2b018eb21e40f5b6ef2187ad,173753613864960,-2548.0,POINTS,airdrop-point-deduct-season-1,airdrop-point-deduct-season-1,EXTERNAL
0xc8941d34cf278e2b83ad23b4afc71daf9afba357,174018332856320,-2547.0,POINTS,airdrop-point-deduct-season-1,airdrop-point-deduct-season-1,EXTERNAL
0x3c11e7fb1ddd386f3e590ae615e437059186a1f1,173870373670912,-2546.0,POINTS,airdrop-point-deduct-season-1,airdrop-point-deduct-season-1,EXTERNAL
0x06e1d60566870d8b492cb80e7490e7030cbffe9b,173952368427008,-2545.0,POINTS,airdrop-point-deduct-season-1,airdrop-point-deduct-season-1,EXTERNAL
0x1e1d595594b9278f90c5ddabc7812c2051e8650f,174076485001216,-2543.0,POINTS,airdrop-point-deduct-season-1,airdrop-point-deduct-season-1,EXTERNAL
0x96e80d2af2221b731da0cf2b98b976eed183367d,173864627445760,-2540.0,POINTS,airdrop-point-deduct-season-1,airdrop-point-deduct-season-1,EXTERNAL
0xc5000f4cb4b8f7538c999bc90db67ce23dbcf8ab,174196710719488,-2540.0,POINTS,airdrop-point-deduct-season-1,airdrop-point-deduct-season-1,EXTERNAL
0xc0d169a8a54f8c5339405a3336ca1a1edddd011d,173767308931072,-2539.0,POINTS,airdrop-point-deduct-season-1,airdrop-point-deduct-season-1,EXTERNAL
0x0c51ca814ede0736595c1bab6f01fa37b656526d,173782849355776,-2538.0,POINTS,airdrop-point-deduct-season-1,airdrop-point-deduct-season-1,EXTERNAL
0x982869634b19bcb3d23c87a21bf30ff0b6dc72e8,173791067095040,-2537.0,POINTS,airdrop-point-deduct-season-1,airdrop-point-deduct-season-1,EXTERNAL
0xd49d248fd16ace5e1d49a6270e793b885aec71a0,174092559151104,-2536.0,POINTS,airdrop-point-deduct-season-1,airdrop-point-deduct-season-1,EXTERNAL
0x84bc50743426d22aabb818a30caa1158028d2711,174285931048960,-2534.0,POINTS,airdrop-point-deduct-season-1,airdrop-point-deduct-season-1,EXTERNAL
0xab5396d2e6ad6f72dafd37b809b403e4ae522e3e,173899653984256,-2534.0,POINTS,airdrop-point-deduct-season-1,airdrop-point-deduct-season-1,EXTERNAL
0x7f7268cbf0797b2ee030a70afe53e81349411053,174481942962176,-2531.0,POINTS,airdrop-point-deduct-season-1,airdrop-point-deduct-season-1,EXTERNAL
0x94b0d814a9808448c25b6791d4a93e1be9d619d9,174185644388352,-2530.0,POINTS,airdrop-point-deduct-season-1,airdrop-point-deduct-season-1,EXTERNAL
0xf8b915b774aa70e6dc81fb0f8cbeba09cb2aab62,174820656148480,-2529.0,POINTS,airdrop-point-deduct-season-1,airdrop-point-deduct-season-1,EXTERNAL
0x07a519aa8e7b20eb5e2938da48cbf41f17f6be7e,173802015825920,-2529.0,POINTS,airdrop-point-deduct-season-1,airdrop-point-deduct-season-1,EXTERNAL
0xff37399827f60f906ff49b0649038d1767be1d4d,174414911426560,-2525.0,POINTS,airdrop-point-deduct-season-1,airdrop-point-deduct-season-1,EXTERNAL
0x99d32ea4993b040296093db670ccf0a243e15d14,174317534597120,-2525.0,POINTS,airdrop-point-deduct-season-1,airdrop-point-deduct-season-1,EXTERNAL
0xd45e45bbb7c232117515740a73409ad9261e9d62,173807302172672,-2525.0,POINTS,airdrop-point-deduct-season-1,airdrop-point-deduct-season-1,EXTERNAL
0xcbc38da0a475f5cbb517cbd7d8a0abbafdb28acd,173798505521152,-2525.0,POINTS,airdrop-point-deduct-season-1,airdrop-point-deduct-season-1,EXTERNAL
0x6ed6f00116825651e9a5dcc459dac57a48ed9276,173786775560192,-2525.0,POINTS,airdrop-point-deduct-season-1,airdrop-point-deduct-season-1,EXTERNAL
0x891896f9eb1907705d3c5d38339b2c9f4dedba1e,173874039595008,-2522.0,POINTS,airdrop-point-deduct-season-1,airdrop-point-deduct-season-1,EXTERNAL
0x0e33b5b3077a26a99257c09207420971cfb59c2c,173859372150784,-2520.0,POINTS,airdrop-point-deduct-season-1,airdrop-point-deduct-season-1,EXTERNAL
0x38feee09e44105636c7edacf10b061cb6cae6c7d,173887054716928,-2520.0,POINTS,airdrop-point-deduct-season-1,airdrop-point-deduct-season-1,EXTERNAL
0x62ec42f4f7e6ffb5cfcec17bd7a50e969438d3ca,174603538026496,-2519.0,POINTS,airdrop-point-deduct-season-1,airdrop-point-deduct-season-1,EXTERNAL
0x12000c32e49e50cf4788debc2832f1b4dc17eb9a,173761622794240,-2518.0,POINTS,airdrop-point-deduct-season-1,airdrop-point-deduct-season-1,EXTERNAL
0x61447310d19420ec06e0347f1b5783a1b82f44e1,174444186877952,-2517.0,POINTS,airdrop-point-deduct-season-1,airdrop-point-deduct-season-1,EXTERNAL
0x66e9888566666ea3db7c445bf8fef8bb1081a915,173818818142208,-2517.0,POINTS,airdrop-point-deduct-season-1,airdrop-point-deduct-season-1,EXTERNAL
0x6899e33fc10b2ec84590c966387309852acc29bc,174036232884224,-2516.0,POINTS,airdrop-point-deduct-season-1,airdrop-point-deduct-season-1,EXTERNAL
0x93ad24176ebb2d6c72b5a198cc0362edf98a03fe,173961642405888,-2516.0,POINTS,airdrop-point-deduct-season-1,airdrop-point-deduct-season-1,EXTERNAL
0x101899c472bee0a05239cedba6b7e1a0287c7dc7,173944928956416,-2515.0,POINTS,airdrop-point-deduct-season-1,airdrop-point-deduct-season-1,EXTERNAL
0xde1fd3eab0bcef79d68e3422f026a76469ba4c23,174822973992960,-2514.0,POINTS,airdrop-point-deduct-season-1,airdrop-point-deduct-season-1,EXTERNAL
0xd395e7162a97f28c35e3a044902a2542a5d6cb73,173764352884736,-2514.0,POINTS,airdrop-point-deduct-season-1,airdrop-point-deduct-season-1,EXTERNAL
0x690a5ffadbad8ae19b03372a523cebde47d09c9d,174790249791488,-2514.0,POINTS,airdrop-point-deduct-season-1,airdrop-point-deduct-season-1,EXTERNAL
0xaa951da4aeff5145aae1fadbfeff6fe975b9b1f6,174154042642432,-2511.0,POINTS,airdrop-point-deduct-season-1,airdrop-point-deduct-season-1,EXTERNAL
0x349e672ab2e2baa043deba6c42beb46f3ccef737,173984313270272,-2511.0,POINTS,airdrop-point-deduct-season-1,airdrop-point-deduct-season-1,EXTERNAL
0x433771624ea33e0a22c66c8a206a80af5300a191,174273821679616,-2511.0,POINTS,airdrop-point-deduct-season-1,airdrop-point-deduct-season-1,EXTERNAL
0xbac5f2be05e164926aac8ab850bd31e3040a8b02,174121191981056,-2511.0,POINTS,airdrop-point-deduct-season-1,airdrop-point-deduct-season-1,EXTERNAL
0xb159b59827161519ea14954f422d0004fb1014a4,173928960827392,-2508.0,POINTS,airdrop-point-deduct-season-1,airdrop-point-deduct-season-1,EXTERNAL
0x99646eaa78a7c19cd9c78294f20fc872aa09385c,174170309361664,-2507.0,POINTS,airdrop-point-deduct-season-1,airdrop-point-deduct-season-1,EXTERNAL
0xa9f4a92add26bd56b7cfc4e9eb4cbf9d76ab809b,174519273947136,-2507.0,POINTS,airdrop-point-deduct-season-1,airdrop-point-deduct-season-1,EXTERNAL
0x4908f30213dcf00b54ed4ca158dca37e298b8b36,173993733304320,-2507.0,POINTS,airdrop-point-deduct-season-1,airdrop-point-deduct-season-1,EXTERNAL
0x812f8a1a68e701a4a6aaff86d25e1469a126452d,174686592143360,-2506.0,POINTS,airdrop-point-deduct-season-1,airdrop-point-deduct-season-1,EXTERNAL
0xe4406d45cca35164a0d3918247d0d6a18151e7d2,173831647449088,-2506.0,POINTS,airdrop-point-deduct-season-1,airdrop-point-deduct-season-1,EXTERNAL
0x2974acec51d6b5fe608ff38715a45a5399bc2b63,173811484323840,-2506.0,POINTS,airdrop-point-deduct-season-1,airdrop-point-deduct-season-1,EXTERNAL
0x0c5ef68fbb4db0409cd56746dff0b322b556764d,174477208780800,-2505.0,POINTS,airdrop-point-deduct-season-1,airdrop-point-deduct-season-1,EXTERNAL
0x0efaed68828de9fdd8a368e969decd0733bcbf98,174583977558016,-2504.0,POINTS,airdrop-point-deduct-season-1,airdrop-point-deduct-season-1,EXTERNAL
0x20f8d12e3cefa758e69bc0521573e7e886074d11,173774261264384,-2504.0,POINTS,airdrop-point-deduct-season-1,airdrop-point-deduct-season-1,EXTERNAL
0x85a79b58e933490a83508ec24d1fe1ed17b0d976,174406929522688,-2503.0,POINTS,airdrop-point-deduct-season-1,airdrop-point-deduct-season-1,EXTERNAL
0x220a5ba48dcd394979b03d006c9700473115ae79,174365259132928,-2503.0,POINTS,airdrop-point-deduct-season-1,airdrop-point-deduct-season-1,EXTERNAL
0xf28b26d02e9c33cf538df31016558d54c1977b52,174606077677568,-2502.0,POINTS,airdrop-point-deduct-season-1,airdrop-point-deduct-season-1,EXTERNAL
0xb07ec4a570cf3089568caf67b173b6048b341f86,173836768436224,-2502.0,POINTS,airdrop-point-deduct-season-1,airdrop-point-deduct-season-1,EXTERNAL
0xd17193f5469b08306949f813d089c913d4102b46,173890591358976,-2502.0,POINTS,airdrop-point-deduct-season-1,airdrop-point-deduct-season-1,EXTERNAL
0x647f4078cf044e3a4d55ac7c9a783594dee97368,174659079602176,-2501.0,POINTS,airdrop-point-deduct-season-1,airdrop-point-deduct-season-1,EXTERNAL
0xb089f3ca07450d0b0399f3abd68bb2d188c44064,173828200280064,-2501.0,POINTS,airdrop-point-deduct-season-1,airdrop-point-deduct-season-1,EXTERNAL
0xc709d0af58a95b3d188cdb9d4778f1356b3b12ee,174678755127296,-2501.0,POINTS,airdrop-point-deduct-season-1,airdrop-point-deduct-season-1,EXTERNAL
0xde945e4b260a24ad28f299f4791264320a8fe1d7,174661410635776,-2500.0,POINTS,airdrop-point-deduct-season-1,airdrop-point-deduct-season-1,EXTERNAL
0x75edb0213cf7544b5455bce86a1d180a612f853c,174410560503808,-2500.0,POINTS,airdrop-point-deduct-season-1,airdrop-point-deduct-season-1,EXTERNAL
0x74d76ba09564b9ea0c05198aa2b00bffdebe672a,174141005955072,-2499.0,POINTS,airdrop-point-deduct-season-1,airdrop-point-deduct-season-1,EXTERNAL
0x3610d945accf3d1d2eb16e4c24f010f894d3e2b5,174866656731136,-2499.0,POINTS,airdrop-point-deduct-season-1,airdrop-point-deduct-season-1,EXTERNAL
0xdec475225ee02e20d343208be502ed9acda1789c,173976573911040,-2498.0,POINTS,airdrop-point-deduct-season-1,airdrop-point-deduct-season-1,EXTERNAL
0x6b459ec41b6ea90e11b124585fb4d8a5b3126049,174362417635328,-2498.0,POINTS,airdrop-point-deduct-season-1,airdrop-point-deduct-season-1,EXTERNAL
0x20f4029ddc6c49e0181fc4385bad928fd204825d,174440204226560,-2498.0,POINTS,airdrop-point-deduct-season-1,airdrop-point-deduct-season-1,EXTERNAL
0xac1f3af93a2f3cf8f6236aa458100db7c1cbbad2,173845700235264,-2498.0,POINTS,airdrop-point-deduct-season-1,airdrop-point-deduct-season-1,EXTERNAL
0x2982b12294d7a23b7e0c00530d69a9ac0d7e34be,173771001696256,-2498.0,POINTS,airdrop-point-deduct-season-1,airdrop-point-deduct-season-1,EXTERNAL
0xb059ca58b682d18e5b9add16642651457f040bff,174426912899072,-2498.0,POINTS,airdrop-point-deduct-season-1,airdrop-point-deduct-season-1,EXTERNAL
0x4994d66ab727665b8a0fbdf2ca52fe843e9b4a19,174390880030720,-2498.0,POINTS,airdrop-point-deduct-season-1,airdrop-point-deduct-season-1,EXTERNAL
0x24025e26c7405b5674ddbf836f005e3d35d44950,174798039130112,-2498.0,POINTS,airdrop-point-deduct-season-1,airdrop-point-deduct-season-1,EXTERNAL
0xc130f8b520cccd1708865f8f6d74a3440ea86f5c,173757855412224,-2498.0,POINTS,airdrop-point-deduct-season-1,airdrop-point-deduct-season-1,EXTERNAL
0xc9bc1e47bd926a410c2395864ce2f3471f5999b2,174544030109696,-2497.0,POINTS,airdrop-point-deduct-season-1,airdrop-point-deduct-season-1,EXTERNAL
0xbdae631c8842666910bdba2facb95a56baf5aae1,173794996379648,-2497.0,POINTS,airdrop-point-deduct-season-1,airdrop-point-deduct-season-1,EXTERNAL
0x8fade556489fcbd8afe8be11591c0eb1f33981d5,174738055426048,-2497.0,POINTS,airdrop-point-deduct-season-1,airdrop-point-deduct-season-1,EXTERNAL
0x88578433df1559c7ed8448d17ee6e7e997630dab,174229655166976,-2497.0,POINTS,airdrop-point-deduct-season-1,airdrop-point-deduct-season-1,EXTERNAL
0x40f24efe336b462984c114c9bb687e29382f85c9,173968232706048,-2496.0,POINTS,airdrop-point-deduct-season-1,airdrop-point-deduct-season-1,EXTERNAL
0x114f70b22dad19d26b4bdfdbcdbd229147a640e3,174863686774784,-2496.0,POINTS,airdrop-point-deduct-season-1,airdrop-point-deduct-season-1,EXTERNAL
0x0cd599bf8192146739f574b987412e4b75f32491,174108469694464,-2496.0,POINTS,airdrop-point-deduct-season-1,airdrop-point-deduct-season-1,EXTERNAL
0x0c00aa68d794a64e3552d541cf99cabe885e5057,174752493379584,-2495.0,POINTS,airdrop-point-deduct-season-1,airdrop-point-deduct-season-1,EXTERNAL
0x5a8ad3ed0ad4199e95d3b195588e8a72d4812bff,174422818770944,-2494.0,POINTS,airdrop-point-deduct-season-1,airdrop-point-deduct-season-1,EXTERNAL
0x0fd5e057d957e1f9a25bea063689469c5ea15c68,174534403522560,-2494.0,POINTS,airdrop-point-deduct-season-1,airdrop-point-deduct-season-1,EXTERNAL
0x11e12783564b56c8a0e99526e18f7af436bf15d8,174772114415616,-2494.0,POINTS,airdrop-point-deduct-season-1,airdrop-point-deduct-season-1,EXTERNAL
0xfe33e8c0dc2ed666ddab284c5ae51ed19f19a341,174757904203776,-2493.0,POINTS,airdrop-point-deduct-season-1,airdrop-point-deduct-season-1,EXTERNAL
0x65b58b16c6d709df23095f9cfb778ab1cf916657,174644898570240,-2493.0,POINTS,airdrop-point-deduct-season-1,airdrop-point-deduct-season-1,EXTERNAL
0x5e26297cf918a321a9d821e075eace4a1754adb4,174490772393984,-2493.0,POINTS,airdrop-point-deduct-season-1,airdrop-point-deduct-season-1,EXTERNAL
0x3b4a81f4f21f4a55e94622b1609232d403ddc445,174681623666688,-2493.0,POINTS,airdrop-point-deduct-season-1,airdrop-point-deduct-season-1,EXTERNAL
0xcf93ebe01dfbca1df7777cc66f91bd78bb15d06b,173934018023424,-2493.0,POINTS,airdrop-point-deduct-season-1,airdrop-point-deduct-season-1,EXTERNAL
0x712f41b5929c5cdaff2c0f35fb8f557617ae913b,174719410126848,-2493.0,POINTS,airdrop-point-deduct-season-1,airdrop-point-deduct-season-1,EXTERNAL
0xb8f12536d18039ed7cc0e1ededb12b77d7b4b1f2,174909957525504,-2492.0,POINTS,airdrop-point-deduct-season-1,airdrop-point-deduct-season-1,EXTERNAL
0xf4589170418d3654db2942431f31a3afe5dbca56,173852259815424,-2492.0,POINTS,airdrop-point-deduct-season-1,airdrop-point-deduct-season-1,EXTERNAL
0x592d77b8a6db5cb902c484a4596e63229f21c813,174135584624640,-2491.0,POINTS,airdrop-point-deduct-season-1,airdrop-point-deduct-season-1,EXTERNAL
0xff2de1f46288b1bc7ad7172fd1598279a4ca0d54,174381294252032,-2491.0,POINTS,airdrop-point-deduct-season-1,airdrop-point-deduct-season-1,EXTERNAL
0x8fad6719ca70957f5af4262f46e763026a6bbdff,174451382505472,-2491.0,POINTS,airdrop-point-deduct-season-1,airdrop-point-deduct-season-1,EXTERNAL
0x6fd9953d17da2ef78b8c3fa0cf20f14275426c10,174400428253184,-2491.0,POINTS,airdrop-point-deduct-season-1,airdrop-point-deduct-season-1,EXTERNAL
0xe41c49252422baf3874bdc4353830e1ea2e6d7ed,174860865519616,-2490.0,POINTS,airdrop-point-deduct-season-1,airdrop-point-deduct-season-1,EXTERNAL
0x764e48a702b218e0e44ad2f7f14f20b954167ecd,174508301111296,-2490.0,POINTS,airdrop-point-deduct-season-1,airdrop-point-deduct-season-1,EXTERNAL
0x71fcf572a0dc81e8c656b64b4e7d03136f35f4e5,174378144493568,-2489.0,POINTS,airdrop-point-deduct-season-1,airdrop-point-deduct-season-1,EXTERNAL
0x14be0a5cfd729a5916619094bb11ab04c9d235a8,174465286807552,-2489.0,POINTS,airdrop-point-deduct-season-1,airdrop-point-deduct-season-1,EXTERNAL
0x7de48ae4a692ba6fd4407a7e03f524b90cadf60c,174435724054528,-2489.0,POINTS,airdrop-point-deduct-season-1,airdrop-point-deduct-season-1,EXTERNAL
0x07a76cebcbe0c5f6ad5c5a7f6770a9c045db1f0e,174375313911808,-2489.0,POINTS,airdrop-point-deduct-season-1,airdrop-point-deduct-season-1,EXTERNAL
0xb184d20b29fd4abdb4da1dbff03cef9ca2e6ebff,174814810914816,-2488.0,POINTS,airdrop-point-deduct-season-1,airdrop-point-deduct-season-1,EXTERNAL
0x7e5e7ff740ecfdd8fac5afd17caa580d5b4e8f6f,174486864576512,-2488.0,POINTS,airdrop-point-deduct-season-1,airdrop-point-deduct-season-1,EXTERNAL
0x01e0a195ff0d2c6e56e584dcdefd8d8236ebbf55,174663216005120,-2488.0,POINTS,airdrop-point-deduct-season-1,airdrop-point-deduct-season-1,EXTERNAL
0x8f351cc9a86ead425da093a490edf29abe9fbc83,174801593008128,-2488.0,POINTS,airdrop-point-deduct-season-1,airdrop-point-deduct-season-1,EXTERNAL
0x9fa9a5a485613d8600fa3cfa4e656bab19bde10e,174387458990080,-2487.0,POINTS,airdrop-point-deduct-season-1,airdrop-point-deduct-season-1,EXTERNAL
0x569f8eccde9b599a8f78c58e7bc3f6564b14e6f2,174461549363200,-2487.0,POINTS,airdrop-point-deduct-season-1,airdrop-point-deduct-season-1,EXTERNAL
0xc66799f94ee1503061e653195c70221772f7d4fe,174530797039616,-2487.0,POINTS,airdrop-point-deduct-season-1,airdrop-point-deduct-season-1,EXTERNAL
0x8c0263c75e395703cb2ada5b0043b9727b86e807,174622886002688,-2487.0,POINTS,airdrop-point-deduct-season-1,airdrop-point-deduct-season-1,EXTERNAL
0x472fa38acb9514db656e40c320165b1924853bcb,174371636944896,-2487.0,POINTS,airdrop-point-deduct-season-1,airdrop-point-deduct-season-1,EXTERNAL
0x444967b5562ef0b7d85119a32bd6615550b15f5d,174527139590144,-2487.0,POINTS,airdrop-point-deduct-season-1,airdrop-point-deduct-season-1,EXTERNAL
0x9e1198026731e6bee77d13cbfb29982d4c2c2a71,174615550242816,-2487.0,POINTS,airdrop-point-deduct-season-1,airdrop-point-deduct-season-1,EXTERNAL
0x59c8c01877763bffc92f5760e3497b443f27626f,174515292348416,-2487.0,POINTS,airdrop-point-deduct-season-1,airdrop-point-deduct-season-1,EXTERNAL
0x2929f2d7869e2a3430d1961419479646863ba7a8,174418902945792,-2487.0,POINTS,airdrop-point-deduct-season-1,airdrop-point-deduct-season-1,EXTERNAL
0x65deb3399b79d3f4abd462a24ecba4734718c3fe,174547434979328,-2487.0,POINTS,airdrop-point-deduct-season-1,airdrop-point-deduct-season-1,EXTERNAL
0x30c61ece29e5d811e552471fc36a2a4616e598ca,173841594286080,-2486.0,POINTS,airdrop-point-deduct-season-1,airdrop-point-deduct-season-1,EXTERNAL
0x4355f5fb804e2692ff81f960e8790918a85dc62b,174716260777984,-2486.0,POINTS,airdrop-point-deduct-season-1,airdrop-point-deduct-season-1,EXTERNAL
0x51689547b4c37ea7267875fafa9c743ca5f4baa3,174647453773824,-2486.0,POINTS,airdrop-point-deduct-season-1,airdrop-point-deduct-season-1,EXTERNAL
0xc6c90e19f0a4596899941a5dfca103e08ec823bc,174603831054336,-2486.0,POINTS,airdrop-point-deduct-season-1,airdrop-point-deduct-season-1,EXTERNAL
0x755ef9fdb9d0957138d0194794ee63019329eef4,174165270523904,-2486.0,POINTS,airdrop-point-deduct-season-1,airdrop-point-deduct-season-1,EXTERNAL
0xe64eeab4627f2ac38b8c6faa7fa316c109bb93c7,174571852107776,-2485.0,POINTS,airdrop-point-deduct-season-1,airdrop-point-deduct-season-1,EXTERNAL
0x81a1260b80e376834b1533ac427b727979667d8f,174608512077824,-2485.0,POINTS,airdrop-point-deduct-season-1,airdrop-point-deduct-season-1,EXTERNAL
0xcaff0300d7971024da0e6b9b07f0223918415497,173919203414016,-2485.0,POINTS,airdrop-point-deduct-season-1,airdrop-point-deduct-season-1,EXTERNAL
0x3c1ff8360c86482e6e743ecc75bf3ceaf9aa2ca8,174795707826176,-2485.0,POINTS,airdrop-point-deduct-season-1,airdrop-point-deduct-season-1,EXTERNAL
0xd4bc51d600121ead593c9bb62573e83185744783,174397324062720,-2485.0,POINTS,airdrop-point-deduct-season-1,airdrop-point-deduct-season-1,EXTERNAL
0xfe94c0851b507cd40eaf70126711fa7b74dc6d9f,174454922264576,-2485.0,POINTS,airdrop-point-deduct-season-1,airdrop-point-deduct-season-1,EXTERNAL
0xe479d7a0dd929cef6db7dac7afed97bcff6b2edb,174473516945408,-2485.0,POINTS,airdrop-point-deduct-season-1,airdrop-point-deduct-season-1,EXTERNAL
0x7a9ff08b4a22388c66b24cb17ea179fd5a5dd9ea,174611769950208,-2485.0,POINTS,airdrop-point-deduct-season-1,airdrop-point-deduct-season-1,EXTERNAL
0xfc9383e8c446ad4726ef24f72b736a81f52950a4,174580873367552,-2485.0,POINTS,airdrop-point-deduct-season-1,airdrop-point-deduct-season-1,EXTERNAL
0x1941237809bec0186c80d5b17092e9ded26db539,174537576845312,-2485.0,POINTS,airdrop-point-deduct-season-1,airdrop-point-deduct-season-1,EXTERNAL
0xf3ab6a5e387bbbff25c86a060e8aa8158877e555,174550725111808,-2485.0,POINTS,airdrop-point-deduct-season-1,airdrop-point-deduct-season-1,EXTERNAL
0xafcc4200bd61c8a454f6bba8e2ea534838e13a07,174819160100864,-2485.0,POINTS,airdrop-point-deduct-season-1,airdrop-point-deduct-season-1,EXTERNAL
0x26cc4160a2648fb8a1bd56989bf22199142225a5,174393634902016,-2485.0,POINTS,airdrop-point-deduct-season-1,airdrop-point-deduct-season-1,EXTERNAL
0x10cc4938035c8923836712e7f027b09580b39719,174447873736704,-2485.0,POINTS,airdrop-point-deduct-season-1,airdrop-point-deduct-season-1,EXTERNAL
0x2886860637106c33c7a70037ca34f2b45f47c407,174894326587392,-2484.0,POINTS,airdrop-point-deduct-season-1,airdrop-point-deduct-season-1,EXTERNAL
0x81aec2bd310e914a50739d107cb2d7e8fe80cb38,174743422468096,-2483.0,POINTS,airdrop-point-deduct-season-1,airdrop-point-deduct-season-1,EXTERNAL
0x46e8cc362017e3b5ee4e02674fbe73a8a267efaa,174619189805056,-2483.0,POINTS,airdrop-point-deduct-season-1,airdrop-point-deduct-season-1,EXTERNAL
0xdfa469df4d831c55249889bd308c264b38d5fc4e,174656662085632,-2483.0,POINTS,airdrop-point-deduct-season-1,airdrop-point-deduct-season-1,EXTERNAL
0xb9721f2ad9183dfea2c681860b009967e5e67e8b,174712736051200,-2483.0,POINTS,airdrop-point-deduct-season-1,airdrop-point-deduct-season-1,EXTERNAL
0xf4af4f65cde1380d7d21949c99f81f20a5a203af,174568367845376,-2483.0,POINTS,airdrop-point-deduct-season-1,airdrop-point-deduct-season-1,EXTERNAL
0x1a76c2d9246a5101484c85b3ba38243bcba817da,174694842822656,-2483.0,POINTS,airdrop-point-deduct-season-1,airdrop-point-deduct-season-1,EXTERNAL
0x8c8210a67dc8e8189a6702b12a5ec7f6254d5392,174368400224256,-2483.0,POINTS,airdrop-point-deduct-season-1,airdrop-point-deduct-season-1,EXTERNAL
0x3a9dbb847cde84eb8b184edd46ddc62e6764c715,174673383890944,-2483.0,POINTS,airdrop-point-deduct-season-1,airdrop-point-deduct-season-1,EXTERNAL
0x9857806ed4c858c60f9d11144f28a5608b0473d6,174673788116992,-2483.0,POINTS,airdrop-point-deduct-season-1,airdrop-point-deduct-season-1,EXTERNAL
0xb4c84da4db1ae734093692d40fb2eaee1ece8984,174634065584128,-2483.0,POINTS,airdrop-point-deduct-season-1,airdrop-point-deduct-season-1,EXTERNAL
0x44d4bff3f5d869ee1c12fa3e2717c37a213bbb9f,174512055537664,-2482.0,POINTS,airdrop-point-deduct-season-1,airdrop-point-deduct-season-1,EXTERNAL
0xa775e4524e9fed38cf1fe16d49cd77348d3071dc,173814622801920,-2482.0,POINTS,airdrop-point-deduct-season-1,airdrop-point-deduct-season-1,EXTERNAL
0x0c18fddd393e34d01e1ade05dc4024c8666ef3b7,174500320583680,-2482.0,POINTS,airdrop-point-deduct-season-1,airdrop-point-deduct-season-1,EXTERNAL
0xb9dd1e0b39ab3ba1a89d9e53a391cebb6baac171,174831632859136,-2482.0,POINTS,airdrop-point-deduct-season-1,airdrop-point-deduct-season-1,EXTERNAL
0xb99087a64411e93fdc17c2a0aedd6bebd77b3f59,174522646503424,-2482.0,POINTS,airdrop-point-deduct-season-1,airdrop-point-deduct-season-1,EXTERNAL
0x470a1f302ebc15d43fd0d7805ff7d2e9c7e859b6,174384475897856,-2482.0,POINTS,airdrop-point-deduct-season-1,airdrop-point-deduct-season-1,EXTERNAL
0xb3338c7c43473d5af7548fc43336689989ad1f46,174469070663680,-2482.0,POINTS,airdrop-point-deduct-season-1,airdrop-point-deduct-season-1,EXTERNAL
0xae8c1b554260b5e41abaa37882620efa8675737c,174431042134016,-2482.0,POINTS,airdrop-point-deduct-season-1,airdrop-point-deduct-season-1,EXTERNAL
0xccc25ab793f8ec2db2b77f9a41c9d7187af8c4f6,174541204963328,-2482.0,POINTS,airdrop-point-deduct-season-1,airdrop-point-deduct-season-1,EXTERNAL
0x513dfff6b4edc8124d766188958dcb1289f4af80,174778304565248,-2481.0,POINTS,airdrop-point-deduct-season-1,airdrop-point-deduct-season-1,EXTERNAL
0x33c46b667c8505c20f3de7a8d7a115855fb385d2,174766651695104,-2481.0,POINTS,airdrop-point-deduct-season-1,airdrop-point-deduct-season-1,EXTERNAL
0x041b3e5b4fc4af64dbcd5a37b28e790a1e88a499,174707551371264,-2481.0,POINTS,airdrop-point-deduct-season-1,airdrop-point-deduct-season-1,EXTERNAL
0x76e76047fc86f656e6320992d0692a01a2b8d458,174763666178048,-2481.0,POINTS,airdrop-point-deduct-season-1,airdrop-point-deduct-season-1,EXTERNAL
0xa1b99e29fddc56220679ae3385afd0ed9abafad1,174577684783104,-2481.0,POINTS,airdrop-point-deduct-season-1,airdrop-point-deduct-season-1,EXTERNAL
0x5cbfb8476babb53aac31ca651d63073862e6a62e,174607898382336,-2481.0,POINTS,airdrop-point-deduct-season-1,airdrop-point-deduct-season-1,EXTERNAL
0x76e25bce48deb7240c5e87b74807f10e635f52d6,174735143526400,-2481.0,POINTS,airdrop-point-deduct-season-1,airdrop-point-deduct-season-1,EXTERNAL
0xa8b4a0beb4f69c256ff169ea9014870da01c8ef8,174637969715200,-2481.0,POINTS,airdrop-point-deduct-season-1,airdrop-point-deduct-season-1,EXTERNAL
0x99e9a212affce61bc8d9fc9eeacb4933e5fd329a,174659167588352,-2481.0,POINTS,airdrop-point-deduct-season-1,airdrop-point-deduct-season-1,EXTERNAL
0xd0c01f8199f525141c50ded1121727b29dea1399,174504245506048,-2480.0,POINTS,airdrop-point-deduct-season-1,airdrop-point-deduct-season-1,EXTERNAL
0xfe83d4111bd295976a65109c12abec79f7d299d5,174496248438784,-2480.0,POINTS,airdrop-point-deduct-season-1,airdrop-point-deduct-season-1,EXTERNAL
0xdd47f89a4856add2c261139a324549af5263eb37,174347296833536,-2480.0,POINTS,airdrop-point-deduct-season-1,airdrop-point-deduct-season-1,EXTERNAL
0x5bcb63eac24940dc9a7430775aa39f3960854d9c,174403951276032,-2480.0,POINTS,airdrop-point-deduct-season-1,airdrop-point-deduct-season-1,EXTERNAL
0x4e45489bdda2328c9e76272778f71b5717c05e62,174784616513536,-2479.0,POINTS,airdrop-point-deduct-season-1,airdrop-point-deduct-season-1,EXTERNAL
0xe9538aa1819325edfdcdeafc8ef1c0372628532c,174846871666688,-2479.0,POINTS,airdrop-point-deduct-season-1,airdrop-point-deduct-season-1,EXTERNAL
0x2d25f22796e4018549a4d494b3bf32eccc68a98b,174666158751744,-2479.0,POINTS,airdrop-point-deduct-season-1,airdrop-point-deduct-season-1,EXTERNAL
0xf8c282615326e2342969427b4dfd8d8f70f543f6,174458257866752,-2478.0,POINTS,airdrop-point-deduct-season-1,airdrop-point-deduct-season-1,EXTERNAL
0x5d95d07a5455472951f5e50ecc3ec594a41201fe,174597379637248,-2478.0,POINTS,airdrop-point-deduct-season-1,airdrop-point-deduct-season-1,EXTERNAL
0x01985f03de2e468ef721ebc286d908b59f431943,174685217685504,-2478.0,POINTS,airdrop-point-deduct-season-1,airdrop-point-deduct-season-1,EXTERNAL
0x265daf39fce3472dd6347ba5960fe4d21bed5b54,174934138515456,-2478.0,POINTS,airdrop-point-deduct-season-1,airdrop-point-deduct-season-1,EXTERNAL
0x9c859fae57cdfb1611a7310a73e9f6d51b3a89af,174592987570176,-2478.0,POINTS,airdrop-point-deduct-season-1,airdrop-point-deduct-season-1,EXTERNAL
0xbdda10382974259401cb90777c7352c6f7f486a0,173823822848000,-2478.0,POINTS,airdrop-point-deduct-season-1,airdrop-point-deduct-season-1,EXTERNAL
0x14ed8dd067ef364fcbf7cbe8216c47d60e6834db,174655316631552,-2478.0,POINTS,airdrop-point-deduct-season-1,airdrop-point-deduct-season-1,EXTERNAL
0xe4f6e58b9af529e4a5710b94b24960a281be57ae,174554396651520,-2478.0,POINTS,airdrop-point-deduct-season-1,airdrop-point-deduct-season-1,EXTERNAL
0xecb0afd7b699f965b16cdd494c7e7fc3bda4b2f7,174684114493440,-2477.0,POINTS,airdrop-point-deduct-season-1,airdrop-point-deduct-season-1,EXTERNAL
0xbb7d7724c6f5546ddfcd782ca091453ea93df354,174869418041344,-2477.0,POINTS,airdrop-point-deduct-season-1,airdrop-point-deduct-season-1,EXTERNAL
0xddde78e995ec8db22b37ba89d643591d98125aa2,174721871237120,-2477.0,POINTS,airdrop-point-deduct-season-1,airdrop-point-deduct-season-1,EXTERNAL
0x80cb2c9861d938a9ca4c32760cec8fc85c98dd39,174692447158272,-2477.0,POINTS,airdrop-point-deduct-season-1,airdrop-point-deduct-season-1,EXTERNAL
0x0a4f60c70c8251e2bbd172695878338bbebe871a,174805774192640,-2477.0,POINTS,airdrop-point-deduct-season-1,airdrop-point-deduct-season-1,EXTERNAL
0x15af40a3eb3a5d2dd517b14cbc454ba4790a005c,174697220993024,-2477.0,POINTS,airdrop-point-deduct-season-1,airdrop-point-deduct-season-1,EXTERNAL
0x0f0d926ba95b6d39183e24136705f7f4de72ee77,174626547302400,-2476.0,POINTS,airdrop-point-deduct-season-1,airdrop-point-deduct-season-1,EXTERNAL
0xe3523f371d01629ab5d4a7246f93af150b658024,174641700958208,-2476.0,POINTS,airdrop-point-deduct-season-1,airdrop-point-deduct-season-1,EXTERNAL
0xe9caf3349351f412d5d4244d5603b59d2f00c8d9,174693813956608,-2476.0,POINTS,airdrop-point-deduct-season-1,airdrop-point-deduct-season-1,EXTERNAL
0xf31c95fc53d6a8ff5a92b1e5351fbee7b25c72b9,174587013156864,-2476.0,POINTS,airdrop-point-deduct-season-1,airdrop-point-deduct-season-1,EXTERNAL
0x7c77be9ab4cadb17e5c13a342754c1dc44450639,174697028562944,-2476.0,POINTS,airdrop-point-deduct-season-1,airdrop-point-deduct-season-1,EXTERNAL
0x3b135c207e46f23471fee3d26bd398e0a1272e30,174680679981056,-2476.0,POINTS,airdrop-point-deduct-season-1,airdrop-point-deduct-season-1,EXTERNAL
0x3c74439122fb75a84bc906ae589088db33c7f88a,174736641294336,-2476.0,POINTS,airdrop-point-deduct-season-1,airdrop-point-deduct-season-1,EXTERNAL
0x23ab64681cc4624de850595ffce597aa307fbfcd,174724367929344,-2476.0,POINTS,airdrop-point-deduct-season-1,airdrop-point-deduct-season-1,EXTERNAL
0xb911a06aacc2a08d0f57f88bfe72015ad01c8015,174557870223360,-2476.0,POINTS,airdrop-point-deduct-season-1,airdrop-point-deduct-season-1,EXTERNAL
0xb6ca183a315ef0895a897208abe37306a2ce0598,174690219220992,-2476.0,POINTS,airdrop-point-deduct-season-1,airdrop-point-deduct-season-1,EXTERNAL
0x16802ef316950ac0fba3e831ce251ce5406dc3d5,174928209170432,-2476.0,POINTS,airdrop-point-deduct-season-1,airdrop-point-deduct-season-1,EXTERNAL
0xcd0f65c7f8fbf66c32fdd8a1faf09d3c925a6ac3,174565134979072,-2474.0,POINTS,airdrop-point-deduct-season-1,airdrop-point-deduct-season-1,EXTERNAL
0xd8a6a003cce0349f29cd1eae903cf85ee244639e,174704513941504,-2474.0,POINTS,airdrop-point-deduct-season-1,airdrop-point-deduct-season-1,EXTERNAL
0x42d050f38f7b65bf88376827ba668cdb2f240344,174675699064832,-2474.0,POINTS,airdrop-point-deduct-season-1,airdrop-point-deduct-season-1,EXTERNAL
0x8bc9cd7771598c1848b07476f5f1ae4fbd1854f0,174732702142464,-2474.0,POINTS,airdrop-point-deduct-season-1,airdrop-point-deduct-season-1,EXTERNAL
0xd334ca0281f25df0f3df2426ba9748f92165ea59,174774325981184,-2474.0,POINTS,airdrop-point-deduct-season-1,airdrop-point-deduct-season-1,EXTERNAL
0x3d91074a4beffdb254deb7a20800b539d47083d2,174575047589888,-2474.0,POINTS,airdrop-point-deduct-season-1,airdrop-point-deduct-season-1,EXTERNAL
0xd94360c878b66da63c533fb92a6c6d9573f00fb5,174671026864128,-2474.0,POINTS,airdrop-point-deduct-season-1,airdrop-point-deduct-season-1,EXTERNAL
0xc7d4aff202373fa1239b2d13ed6f1830ca36344b,174740748603392,-2474.0,POINTS,airdrop-point-deduct-season-1,airdrop-point-deduct-season-1,EXTERNAL
0xbf5a44e10723251cb9e210b891c574db862d65d2,174775621607424,-2474.0,POINTS,airdrop-point-deduct-season-1,airdrop-point-deduct-season-1,EXTERNAL
0x330290d3d9f314c28bb581154ebe647437f8469d,174838373842944,-2474.0,POINTS,airdrop-point-deduct-season-1,airdrop-point-deduct-season-1,EXTERNAL
0x34beb5a1ed5bf86fddc5afa27d3b039cfbb738e7,174835334500352,-2474.0,POINTS,airdrop-point-deduct-season-1,airdrop-point-deduct-season-1,EXTERNAL
0xee993f25b22222fb7d22d36071b894bcdb5e3480,174729615904768,-2474.0,POINTS,airdrop-point-deduct-season-1,airdrop-point-deduct-season-1,EXTERNAL
0xee70eec179c2e10db5b08340c218e527366a5242,174663820709888,-2474.0,POINTS,airdrop-point-deduct-season-1,airdrop-point-deduct-season-1,EXTERNAL
0xe3e044cc4d537c806133c548d75ba08c4d97e242,174562135674880,-2474.0,POINTS,airdrop-point-deduct-season-1,airdrop-point-deduct-season-1,EXTERNAL
0x69a9a38b405ff34db4bcdc39c186db3e9dbf84d9,174849311780864,-2474.0,POINTS,airdrop-point-deduct-season-1,airdrop-point-deduct-season-1,EXTERNAL
0xc5955a104ff2d848a53d265d02c47dc68a091501,174810192359424,-2474.0,POINTS,airdrop-point-deduct-season-1,airdrop-point-deduct-season-1,EXTERNAL
0x624508788c95524814eebe0ff55369514975f163,174708545331200,-2474.0,POINTS,airdrop-point-deduct-season-1,airdrop-point-deduct-season-1,EXTERNAL
0x26e86e6b49e4122daf6dd21c61ae3ea30a07c34f,174677481132032,-2474.0,POINTS,airdrop-point-deduct-season-1,airdrop-point-deduct-season-1,EXTERNAL
0x270d03fa86d4bbff398812b8f72334f368ac923f,174839833804800,-2472.0,POINTS,airdrop-point-deduct-season-1,airdrop-point-deduct-season-1,EXTERNAL
0xd68864c287ddf63e6775289f19f9e35d3e986b6a,174666642681856,-2472.0,POINTS,airdrop-point-deduct-season-1,airdrop-point-deduct-season-1,EXTERNAL
0x4504efb9bc4f30e76c206a3838d3a1050673f847,174690013741056,-2472.0,POINTS,airdrop-point-deduct-season-1,airdrop-point-deduct-season-1,EXTERNAL
0x3fa2c6a6cfd2bf940df0adad5cfa691b92bde2a2,174804059402240,-2472.0,POINTS,airdrop-point-deduct-season-1,airdrop-point-deduct-season-1,EXTERNAL
0x333db26450cb1ae4be1538546e88e0024d0edf06,174830322655232,-2472.0,POINTS,airdrop-point-deduct-season-1,airdrop-point-deduct-season-1,EXTERNAL
0x93441f45428315d59e5684a4e909d6e229d4874d,174600710238208,-2472.0,POINTS,airdrop-point-deduct-season-1,airdrop-point-deduct-season-1,EXTERNAL
0x3f412d675e07fead01aa7f878ddd11e2c900e158,174785305759744,-2472.0,POINTS,airdrop-point-deduct-season-1,airdrop-point-deduct-season-1,EXTERNAL
0xc942ab5808b00d68832bebf2f164f1cba4e6d5f0,174767222136832,-2472.0,POINTS,airdrop-point-deduct-season-1,airdrop-point-deduct-season-1,EXTERNAL
0x410b82b9da86fa22ad97370e047fc62be2a24abc,174700622012416,-2472.0,POINTS,airdrop-point-deduct-season-1,airdrop-point-deduct-season-1,EXTERNAL
0xcac5dad13b9ecdb3fbb1581a57cd43385f7e4afa,174670350643200,-2472.0,POINTS,airdrop-point-deduct-season-1,airdrop-point-deduct-season-1,EXTERNAL
0xd25b97bb970154d83991a04200c9d66df0d3288c,174716451082240,-2472.0,POINTS,airdrop-point-deduct-season-1,airdrop-point-deduct-season-1,EXTERNAL
0x2df079409ac0f16d147c17703814a1e8fc5843a9,174704619511808,-2472.0,POINTS,airdrop-point-deduct-season-1,airdrop-point-deduct-season-1,EXTERNAL
0xf0f3d99cc10a714ee2a376b3c0c537b5e35b9d05,174590156673024,-2472.0,POINTS,airdrop-point-deduct-season-1,airdrop-point-deduct-season-1,EXTERNAL
0x057c7c22b1affeb23f7ef59a2c266918cddc6055,174787639062528,-2472.0,POINTS,airdrop-point-deduct-season-1,airdrop-point-deduct-season-1,EXTERNAL
0x564f39d05a2d092f94afdf97d3c3b019e7b3f57b,174747664568320,-2472.0,POINTS,airdrop-point-deduct-season-1,airdrop-point-deduct-season-1,EXTERNAL
0xb67f71caa189376117a5cad4e9d50788bc9ec53d,174932052107264,-2471.0,POINTS,airdrop-point-deduct-season-1,airdrop-point-deduct-season-1,EXTERNAL
0x1e0cfd43a089000e50a1aa2d3e06d5b388d1fe18,174906087387136,-2470.0,POINTS,airdrop-point-deduct-season-1,airdrop-point-deduct-season-1,EXTERNAL
0x428872eebf932def4ea7407e2c5d8151d5d916d1,174701904072704,-2470.0,POINTS,airdrop-point-deduct-season-1,airdrop-point-deduct-season-1,EXTERNAL
0x0e2853a122caa985ec6f3cf6d0b253e27eeabe81,174793019596800,-2470.0,POINTS,airdrop-point-deduct-season-1,airdrop-point-deduct-season-1,EXTERNAL
0x5aa5f732901780459e87b0af7bd612356faec909,174719964815360,-2470.0,POINTS,airdrop-point-deduct-season-1,airdrop-point-deduct-season-1,EXTERNAL
0x312a8f26011dd0401ed1296cb2ffdcf934ead41e,174883434037248,-2470.0,POINTS,airdrop-point-deduct-season-1,airdrop-point-deduct-season-1,EXTERNAL
0xa5173f9b222c618c77690971cbb67eaf9da21c48,174630330494976,-2470.0,POINTS,airdrop-point-deduct-season-1,airdrop-point-deduct-season-1,EXTERNAL
0xe67a77c3c4fa8645702d870a3fc751c9ba48b3e1,174743564402688,-2470.0,POINTS,airdrop-point-deduct-season-1,airdrop-point-deduct-season-1,EXTERNAL
0x0b2fb33115b36ba16eebe7f05797087709170dce,174770664419328,-2470.0,POINTS,airdrop-point-deduct-season-1,airdrop-point-deduct-season-1,EXTERNAL
0xb195304ec34bff78e1d7749d6ae86b0eb0c6d72e,174835778514944,-2470.0,POINTS,airdrop-point-deduct-season-1,airdrop-point-deduct-season-1,EXTERNAL
0xab2b14d79420e5d9e44a2212a6321a2947a1f281,174727180009472,-2470.0,POINTS,airdrop-point-deduct-season-1,airdrop-point-deduct-season-1,EXTERNAL
0x1f68a8dab67077b59cc94c53a10f0b626d26f0b0,174843840135168,-2468.0,POINTS,airdrop-point-deduct-season-1,airdrop-point-deduct-season-1,EXTERNAL
0xa9806df05576dc6f24e222e7881b6c61e37a0a3b,174756060844032,-2468.0,POINTS,airdrop-point-deduct-season-1,airdrop-point-deduct-season-1,EXTERNAL
0x0fdc9dc97a8254b38aff5e13abf433e94b4cb40a,174668601274368,-2468.0,POINTS,airdrop-point-deduct-season-1,airdrop-point-deduct-season-1,EXTERNAL
0x763083244520f94e8a106a1d3bb715b08d6edf21,174732284444672,-2468.0,POINTS,airdrop-point-deduct-season-1,airdrop-point-deduct-season-1,EXTERNAL
0x76d12ca32b09b51fdcd7891315765ad4915be09d,174746533294080,-2468.0,POINTS,airdrop-point-deduct-season-1,airdrop-point-deduct-season-1,EXTERNAL
0x24486cd9d9c13f93731a2c30fadc7b75131c2fbb,174814853562368,-2468.0,POINTS,airdrop-point-deduct-season-1,airdrop-point-deduct-season-1,EXTERNAL
0x3a563bd7035f06db0cf88d69ee1eb365c2ba883d,174760037933056,-2468.0,POINTS,airdrop-point-deduct-season-1,airdrop-point-deduct-season-1,EXTERNAL
0x6905c41aa8f5d5f77c63a2f71be50c0723fb7566,174823157415936,-2468.0,POINTS,airdrop-point-deduct-season-1,airdrop-point-deduct-season-1,EXTERNAL
0x846ec0a35233128762690ca19e770cb8d77c42b4,174872709226496,-2467.0,POINTS,airdrop-point-deduct-season-1,airdrop-point-deduct-season-1,EXTERNAL
0xd58d344d8c98f0bd262546db98c9905cd485a7e9,174890486153216,-2467.0,POINTS,airdrop-point-deduct-season-1,airdrop-point-deduct-season-1,EXTERNAL
0x6088fcec1c6832b113a6f93af3bc997dd61afb73,174901284155392,-2467.0,POINTS,airdrop-point-deduct-season-1,airdrop-point-deduct-season-1,EXTERNAL
0x5dbe78a8e25d52d6ee2c1044329aebca6b2c0af2,174843906424832,-2466.0,POINTS,airdrop-point-deduct-season-1,airdrop-point-deduct-season-1,EXTERNAL
0x3b938d4ed389fdd2f1051273440595ee15899b8d,174710402404352,-2466.0,POINTS,airdrop-point-deduct-season-1,airdrop-point-deduct-season-1,EXTERNAL
0xd543600e7058bfa2ba484d6c59d3242aa5294d6f,174752203165696,-2466.0,POINTS,airdrop-point-deduct-season-1,airdrop-point-deduct-season-1,EXTERNAL
0x3b97e73ed8a81f3b3840533c04a41be9ac0cb60f,174598501683200,-2465.0,POINTS,airdrop-point-deduct-season-1,airdrop-point-deduct-season-1,EXTERNAL
0xbb7e55c26e44dfa5a92bb94f840b98f986de5171,174924631420928,-2464.0,POINTS,airdrop-point-deduct-season-1,airdrop-point-deduct-season-1,EXTERNAL
0x24dee4dbd6ede87ea98e05c48e3b0067333ebda7,174802383118336,-2463.0,POINTS,airdrop-point-deduct-season-1,airdrop-point-deduct-season-1,EXTERNAL
0xb290854b8bea624f3a472f6a3dca72be9ec17def,174793365348352,-2463.0,POINTS,airdrop-point-deduct-season-1,airdrop-point-deduct-season-1,EXTERNAL
0x2b3e832e149cb2ae074b34f917b85a4afab55b96,174848044036096,-2463.0,POINTS,airdrop-point-deduct-season-1,airdrop-point-deduct-season-1,EXTERNAL
0x10bea1733b558448bbd446ca8962f035129e3ef6,174917434007552,-2463.0,POINTS,airdrop-point-deduct-season-1,airdrop-point-deduct-season-1,EXTERNAL
0x61fa9407a03cfec74f0c0e77ee154c52d5fc6073,174930179489792,-2463.0,POINTS,airdrop-point-deduct-season-1,airdrop-point-deduct-season-1,EXTERNAL
0x0cf8cf0fa4ef7cfac9f57952f0b1c27ee8eb5eec,174777349435392,-2461.0,POINTS,airdrop-point-deduct-season-1,airdrop-point-deduct-season-1,EXTERNAL
0xfc6ca462b6a3e681903338d63493f43a48d77b67,174780993949696,-2461.0,POINTS,airdrop-point-deduct-season-1,airdrop-point-deduct-season-1,EXTERNAL
0xabe4bf3cc017cf004d14d04dbd434feb5eb8adc3,174789760991232,-2461.0,POINTS,airdrop-point-deduct-season-1,airdrop-point-deduct-season-1,EXTERNAL
0xc5b9de963a157edb35e6d6c32babd9e3020cbc5c,174827872346112,-2461.0,POINTS,airdrop-point-deduct-season-1,airdrop-point-deduct-season-1,EXTERNAL
0xe2ae3a36b2bd836e15e887129c394e765a15982e,173750344839168,-2461.0,POINTS,airdrop-point-deduct-season-1,airdrop-point-deduct-season-1,EXTERNAL
0x204070a4a202a30ede3b0138b468e04882e98b99,174875732553728,-2460.0,POINTS,airdrop-point-deduct-season-1,airdrop-point-deduct-season-1,EXTERNAL
0xb072c05734ac9f56feda5e28823e46febab1c00f,174911789473792,-2459.0,POINTS,airdrop-point-deduct-season-1,airdrop-point-deduct-season-1,EXTERNAL
0xa72fce73ec76f18de5fbeed98aa7600fac135bb5,174926364909568,-2459.0,POINTS,airdrop-point-deduct-season-1,airdrop-point-deduct-season-1,EXTERNAL
0xaad355d24d276b084b54f3851810441e64ef8252,174763703554048,-2459.0,POINTS,airdrop-point-deduct-season-1,airdrop-point-deduct-season-1,EXTERNAL
0x8d38fa19ef08cc8db78e2727aa87d16d81762bc1,174330588098560,-2458.0,POINTS,airdrop-point-deduct-season-1,airdrop-point-deduct-season-1,EXTERNAL
0xe4e940da15823da9bab91008dbd9b80a93ee2754,174919167643648,-2456.0,POINTS,airdrop-point-deduct-season-1,airdrop-point-deduct-season-1,EXTERNAL
0xfdec618c9d6f83face597c9c1fcc53e5549aba6d,174913637076992,-2452.0,POINTS,airdrop-point-deduct-season-1,airdrop-point-deduct-season-1,EXTERNAL
0xe3df67280a024f76544751548099d324549bfd8d,174922609795072,-2452.0,POINTS,airdrop-point-deduct-season-1,airdrop-point-deduct-season-1,EXTERNAL
0x7a6f8f0d9be45e667cf2ca1f4df84369f7846d21,174902934450176,-2450.0,POINTS,airdrop-point-deduct-season-1,airdrop-point-deduct-season-1,EXTERNAL
0x47380403e63b1a9644177cd27bbf94c71e7a2a79,174388516093952,-2443.0,POINTS,airdrop-point-deduct-season-1,airdrop-point-deduct-season-1,EXTERNAL
0x5a1810d4dcfda2e010bb32ebc9014a484a23c895,174886621728768,-2435.0,POINTS,airdrop-point-deduct-season-1,airdrop-point-deduct-season-1,EXTERNAL
0x1efcdddd9ff2c12b561f17e58aa6dfe3a860a324,174395526971392,-2434.0,POINTS,airdrop-point-deduct-season-1,airdrop-point-deduct-season-1,EXTERNAL
0x6d808a94a6f3d9153c132cdc072d196831b30e8f,174854261760000,-2430.0,POINTS,airdrop-point-deduct-season-1,airdrop-point-deduct-season-1,EXTERNAL
0xfff66318aeb278adef7b7c205e2af2a9bcdf5886,174775508979712,-2428.0,POINTS,airdrop-point-deduct-season-1,airdrop-point-deduct-season-1,EXTERNAL
0xed3e7283dde7c52249dd6fc41fb40662d494bdec,6434563411800106015,-2426.0,POINTS,airdrop-point-deduct-season-1,airdrop-point-deduct-season-1,EXTERNAL
0x621e4c1dd5e73cfd497c6bcd3ba820906020ad1f,6655370388100105175,-2424.0,POINTS,airdrop-point-deduct-season-1,airdrop-point-deduct-season-1,EXTERNAL
0x5ff74621035d77a75c5012b4e91e6206954ce29f,174915450044416,-2417.0,POINTS,airdrop-point-deduct-season-1,airdrop-point-deduct-season-1,EXTERNAL
0x2dfaad3e0fe339422ccd6944090acf97e37878db,174600922001408,-2400.0,POINTS,airdrop-point-deduct-season-1,airdrop-point-deduct-season-1,EXTERNAL
0x7dc08ce61d6ecd07bacde6ad6b87d9a6398a9ef2,174596124835840,-2398.0,POINTS,airdrop-point-deduct-season-1,airdrop-point-deduct-season-1,EXTERNAL
0x2f91bea1474d3aeb52595e93034d71c0acf46aa6,174795937325056,-2388.0,POINTS,airdrop-point-deduct-season-1,airdrop-point-deduct-season-1,EXTERNAL
0x304922352e15aa5c05fcbd0c6d6d23728c21fb90,6450988046800102190,-2387.0,POINTS,airdrop-point-deduct-season-1,airdrop-point-deduct-season-1,EXTERNAL
0xab279c5726945bdd6902f9b9b638ea8c6651b407,6303230843300103179,-2360.0,POINTS,airdrop-point-deduct-season-1,airdrop-point-deduct-season-1,EXTERNAL
0x8ea4a41d897ddc7b3ab841f86f6400835d70dd62,174853276368896,-2344.0,POINTS,airdrop-point-deduct-season-1,airdrop-point-deduct-season-1,EXTERNAL
0xccf8310f9ed8bc9a9333bacc3a8597927bc09628,3109332080340992,-2314.0,POINTS,airdrop-point-deduct-season-1,airdrop-point-deduct-season-1,EXTERNAL
0xde2b26893fad85418e9ce4ae6cb58e98b9ab406f,6451270453200105818,-2262.0,POINTS,airdrop-point-deduct-season-1,airdrop-point-deduct-season-1,EXTERNAL
0x17f8de830b18abe67e34f8942dc4da29c53b55cd,166817844609024,-2261.0,POINTS,airdrop-point-deduct-season-1,airdrop-point-deduct-season-1,EXTERNAL
0x7d924f1ca107d9ed47b4cd390d79e822c8150056,174038211649536,-2193.0,POINTS,airdrop-point-deduct-season-1,airdrop-point-deduct-season-1,EXTERNAL
0x17483f0139320ef1f17e7a21679c4c0c3c83d40e,174594116829184,-2145.0,POINTS,airdrop-point-deduct-season-1,airdrop-point-deduct-season-1,EXTERNAL
0x7cc62e0c4b231d68b98b1f55e15d01f3ecc40e66,173982166691840,-2119.0,POINTS,airdrop-point-deduct-season-1,airdrop-point-deduct-season-1,EXTERNAL
0xe4f172b5ead51636ad69f2bb548aeeea479e1c4e,6451104449700103803,-2116.0,POINTS,airdrop-point-deduct-season-1,airdrop-point-deduct-season-1,EXTERNAL
0xc5b815f0ffc072363b4a7f8b935bd2614050a354,6788432821400101533,-2110.0,POINTS,airdrop-point-deduct-season-1,airdrop-point-deduct-season-1,EXTERNAL
0xf36f5420f98b401acc2286eb08ee6437ce0d4502,174029722931200,-2102.0,POINTS,airdrop-point-deduct-season-1,airdrop-point-deduct-season-1,EXTERNAL
0x566785d3d573c8e8942f7904692a21646b2b1eae,174051900895232,-2092.0,POINTS,airdrop-point-deduct-season-1,airdrop-point-deduct-season-1,EXTERNAL
0x34c035dbbaa4cc91ba8ebfceec4feb77f88d342f,174000271405056,-2090.0,POINTS,airdrop-point-deduct-season-1,airdrop-point-deduct-season-1,EXTERNAL
0x86c2f12489e3db911db416be79d516631806cd11,173807314681856,-2089.0,POINTS,airdrop-point-deduct-season-1,airdrop-point-deduct-season-1,EXTERNAL
0xbde27aa71cce90fec201179f1a27de032a1c5313,6511211159600100688,-2089.0,POINTS,airdrop-point-deduct-season-1,airdrop-point-deduct-season-1,EXTERNAL
0xfe5e346ab6f873f5c2cd9ba8aa5cc447adb739ea,173943918772224,-2088.0,POINTS,airdrop-point-deduct-season-1,airdrop-point-deduct-season-1,EXTERNAL
0xdcbe40a1aee8db83df4b851653071a2b9e21ff54,173958034464768,-2087.0,POINTS,airdrop-point-deduct-season-1,airdrop-point-deduct-season-1,EXTERNAL
0x218c4d2036162196edb6ccfbcf0617b32925b779,174068688502784,-2085.0,POINTS,airdrop-point-deduct-season-1,airdrop-point-deduct-season-1,EXTERNAL
0xbf9e85495f0b70e2ad893cbda6aac3240beb09a9,173761834385408,-2085.0,POINTS,airdrop-point-deduct-season-1,airdrop-point-deduct-season-1,EXTERNAL
0x4ee9566b55a0e33f42a7a460ba821abe0c1a8a9e,174408071680000,-2083.0,POINTS,airdrop-point-deduct-season-1,airdrop-point-deduct-season-1,EXTERNAL
0xad765a7b8de97056ad58d64485687386a35f7a00,173767668236288,-2082.0,POINTS,airdrop-point-deduct-season-1,airdrop-point-deduct-season-1,EXTERNAL
0xfb53eb219d0093c5889856030f4789d17adf3aa1,173919140556800,-2081.0,POINTS,airdrop-point-deduct-season-1,airdrop-point-deduct-season-1,EXTERNAL
0xfae2f18f9783b1956a79dabd94112245c1e6f76d,173931263959040,-2077.0,POINTS,airdrop-point-deduct-season-1,airdrop-point-deduct-season-1,EXTERNAL
0x675ca8c4d70180ab56ad41336d9392e470908e57,173861270867968,-2077.0,POINTS,airdrop-point-deduct-season-1,airdrop-point-deduct-season-1,EXTERNAL
0xc6149c95f12fa89d2ea23aad3d4d92e6065eebbd,173787379929088,-2071.0,POINTS,airdrop-point-deduct-season-1,airdrop-point-deduct-season-1,EXTERNAL
0x8176cae074889d77c0a3499863e45410180f1fac,173889433833472,-2071.0,POINTS,airdrop-point-deduct-season-1,airdrop-point-deduct-season-1,EXTERNAL
0x1d9e4cdb35573432b3c838c1ec9d19aaa75f357e,173903225139200,-2070.0,POINTS,airdrop-point-deduct-season-1,airdrop-point-deduct-season-1,EXTERNAL
0x6622f76f50f215df9255d379ae9e0dd729283824,174086016196608,-2068.0,POINTS,airdrop-point-deduct-season-1,airdrop-point-deduct-season-1,EXTERNAL
0x504c03a9ca15d2f280c06b4e0360ff78de370bac,173970833223680,-2067.0,POINTS,airdrop-point-deduct-season-1,airdrop-point-deduct-season-1,EXTERNAL
0x299689e5396f323dee0153550566514d01b1468c,6451069212800103324,-2066.0,POINTS,airdrop-point-deduct-season-1,airdrop-point-deduct-season-1,EXTERNAL
0x2f9fd48cf3d964d35c00f8b23efeb33e0e355606,173741538062336,-2063.0,POINTS,airdrop-point-deduct-season-1,airdrop-point-deduct-season-1,EXTERNAL
0x1dc2204525eda17737b7e7150f64c94e3f7d92d2,173780454309888,-2062.0,POINTS,airdrop-point-deduct-season-1,airdrop-point-deduct-season-1,EXTERNAL
0xe951ab3ef037c08852393ddcd4255176b661904d,173878394716160,-2061.0,POINTS,airdrop-point-deduct-season-1,airdrop-point-deduct-season-1,EXTERNAL
0x274b1e15825b154732b36bd29724fc9fcd20fe88,173774248464384,-2059.0,POINTS,airdrop-point-deduct-season-1,airdrop-point-deduct-season-1,EXTERNAL
0x208b8aa0236e06481f24a401c1d546b041f61ab5,173748210888704,-2055.0,POINTS,airdrop-point-deduct-season-1,airdrop-point-deduct-season-1,EXTERNAL
0x471dcd235957270969f08df0fac4ddfa3c0e3233,173755863564288,-2055.0,POINTS,airdrop-point-deduct-season-1,airdrop-point-deduct-season-1,EXTERNAL
0xc99d54fd0099fb3add688527798980eb85a5f9fa,174439934865408,-2055.0,POINTS,airdrop-point-deduct-season-1,airdrop-point-deduct-season-1,EXTERNAL
0x73d274451f3a16e0558c0075b823c6f40aa67646,173793804320768,-2055.0,POINTS,airdrop-point-deduct-season-1,airdrop-point-deduct-season-1,EXTERNAL
0x238e504bc0b709a09917029c37a8e376d9501157,173842797871104,-2053.0,POINTS,airdrop-point-deduct-season-1,airdrop-point-deduct-season-1,EXTERNAL
0xc5918e0bb7fe4a3f80a55971370ecdc13dacffa7,174380440838144,-2052.0,POINTS,airdrop-point-deduct-season-1,airdrop-point-deduct-season-1,EXTERNAL
0x2ec055f8371e88e3625ebd545885e6ace66b0eda,174441533526016,-2050.0,POINTS,airdrop-point-deduct-season-1,airdrop-point-deduct-season-1,EXTERNAL
0x395b37d830e2c7bafae74fa93a39c60711e8939a,174384883023872,-2047.0,POINTS,airdrop-point-deduct-season-1,airdrop-point-deduct-season-1,EXTERNAL
0xf0a5fb8553579098eec02af6856eb1e8cd94df7b,174414808743936,-2047.0,POINTS,airdrop-point-deduct-season-1,airdrop-point-deduct-season-1,EXTERNAL
0xfb3a46212cb8db0b6d25211600fbd58f320fb86c,174376436150272,-2046.0,POINTS,airdrop-point-deduct-season-1,airdrop-point-deduct-season-1,EXTERNAL
0x4289bd675d68bbd6ba06e1ffb133d09df2f9408c,174420187713536,-2045.0,POINTS,airdrop-point-deduct-season-1,airdrop-point-deduct-season-1,EXTERNAL
0xde526f8e258e2cfa4e6f4d4266551c46b4a90db0,174402174218240,-2039.0,POINTS,airdrop-point-deduct-season-1,airdrop-point-deduct-season-1,EXTERNAL
0xfdbec6d1775e7ba6d90e802b372619e62b6d3e7b,174396274614272,-2036.0,POINTS,airdrop-point-deduct-season-1,airdrop-point-deduct-season-1,EXTERNAL
0xb22d686d2d61dbda8efeee609603ac87b086ac40,174433196060672,-2034.0,POINTS,airdrop-point-deduct-season-1,airdrop-point-deduct-season-1,EXTERNAL
0x3be22bd174ada0e4aea25304f95deadce1709931,174651003826176,-2027.0,POINTS,airdrop-point-deduct-season-1,airdrop-point-deduct-season-1,EXTERNAL
0xb8e87e7395234aecfeeb5e6e7d2feb5a73652e7d,158228506742784,-2003.0,POINTS,airdrop-point-deduct-season-1,airdrop-point-deduct-season-1,EXTERNAL
0x1754e03b1bcb27d88fe3219ce61872f3e3518647,174370452709376,-1996.0,POINTS,airdrop-point-deduct-season-1,airdrop-point-deduct-season-1,EXTERNAL
0x0194005c12afef410ab71355dc7c324a136f871c,169416544075776,-1971.0,POINTS,airdrop-point-deduct-season-1,airdrop-point-deduct-season-1,EXTERNAL
0xe1c7680bd0533d11cf5bef9899afb8f6c17de140,173742851588096,-1966.0,POINTS,airdrop-point-deduct-season-1,airdrop-point-deduct-season-1,EXTERNAL
0x8dff0ee81f1c600afb4a44be1ed2615d904bf8c7,158611681316864,-1949.0,POINTS,airdrop-point-deduct-season-1,airdrop-point-deduct-season-1,EXTERNAL
0x3a3dc11b24402b86ea106641ac2f7f43660b3f36,6451146925100104350,-1942.0,POINTS,airdrop-point-deduct-season-1,airdrop-point-deduct-season-1,EXTERNAL
0xd64cbf35c627cf20c70b054a4db0d5c40c1a6b8b,174369722683392,-1933.0,POINTS,airdrop-point-deduct-season-1,airdrop-point-deduct-season-1,EXTERNAL
0xc7f051de623460bdf49ae6989045489386e43f77,174551079911424,-1924.0,POINTS,airdrop-point-deduct-season-1,airdrop-point-deduct-season-1,EXTERNAL
0x62b63378a448d16fe8b8fe3445b4a5727604068b,169423238897664,-1924.0,POINTS,airdrop-point-deduct-season-1,airdrop-point-deduct-season-1,EXTERNAL
0x282222600febd6b40d8f1be70453b73150f4020a,174618670059520,-1915.0,POINTS,airdrop-point-deduct-season-1,airdrop-point-deduct-season-1,EXTERNAL
0x2ca7eecc3e13758d22141123bfa1a29b2f4ce9c7,7444732025700103291,-1893.0,POINTS,airdrop-point-deduct-season-1,airdrop-point-deduct-season-1,EXTERNAL
0xfeaa31d85403a3a931e196b545b9a0f7e64e4d57,159335056195584,-1891.0,POINTS,airdrop-point-deduct-season-1,airdrop-point-deduct-season-1,EXTERNAL
0x925c4798df848fa2bf11f44c97d36c38c19560f4,173742117486592,-1869.0,POINTS,airdrop-point-deduct-season-1,airdrop-point-deduct-season-1,EXTERNAL
0xe488fbb6edd91297b79c1a74d5f4025773681475,171349057269760,-1868.0,POINTS,airdrop-point-deduct-season-1,airdrop-point-deduct-season-1,EXTERNAL
0xe9eb4972aedf743f1acbb340ee560031383ccb79,6415762905100105189,-1861.0,POINTS,airdrop-point-deduct-season-1,airdrop-point-deduct-season-1,EXTERNAL
0xcb7d024923da7c4cdff71c0268478409a0b987e8,174538270330880,-1857.0,POINTS,airdrop-point-deduct-season-1,airdrop-point-deduct-season-1,EXTERNAL
0xa356be8b3f7a38d8d3d4940be398912182e5cd43,174788222730240,-1832.0,POINTS,airdrop-point-deduct-season-1,airdrop-point-deduct-season-1,EXTERNAL
0x52c3fdfb15651d2dbe35d9fab86ea0571e64db9c,157954646913024,-1809.0,POINTS,airdrop-point-deduct-season-1,airdrop-point-deduct-season-1,EXTERNAL
0x71bc89f3f180180352c39cda2cd575ecc8ea0d53,174852617846784,-1806.0,POINTS,airdrop-point-deduct-season-1,airdrop-point-deduct-season-1,EXTERNAL
0x68b722dc697c479d28c42433a97eb81560d3af07,174728184770560,-1803.0,POINTS,airdrop-point-deduct-season-1,airdrop-point-deduct-season-1,EXTERNAL
0x79266d5d5a49e9abb87d233d541c06d1d38de519,180475740516352,-1789.0,POINTS,airdrop-point-deduct-season-1,airdrop-point-deduct-season-1,EXTERNAL
0x93eecf1e5945bfe51ceb7c51a851e3694d27146e,180475967926272,-1772.0,POINTS,airdrop-point-deduct-season-1,airdrop-point-deduct-season-1,EXTERNAL
0x788d9e8e16e85d11b4aa96dda2ac54b89f652355,174627990564864,-1742.0,POINTS,airdrop-point-deduct-season-1,airdrop-point-deduct-season-1,EXTERNAL
0x009aff50460e9b4244097daef88d10ef10076a05,174622624628736,-1731.0,POINTS,airdrop-point-deduct-season-1,airdrop-point-deduct-season-1,EXTERNAL
0xd797fbcd0904479fa9539eba2a701d3732e926ee,3107172763746304,-1723.0,POINTS,airdrop-point-deduct-season-1,airdrop-point-deduct-season-1,EXTERNAL
0x851927681fba4773051df71d55f827339354444c,180476088676352,-1720.0,POINTS,airdrop-point-deduct-season-1,airdrop-point-deduct-season-1,EXTERNAL
0x71705561d019c7ce86e2473206ed828761a798f5,174463244894208,-1698.0,POINTS,airdrop-point-deduct-season-1,airdrop-point-deduct-season-1,EXTERNAL
0x49109422d078c3eddbde53952a9a530a3433b211,174616921956352,-1689.0,POINTS,airdrop-point-deduct-season-1,airdrop-point-deduct-season-1,EXTERNAL
0x89390a372cb9ca2c14cbfd3d6a8a17e60e33869f,174540244127744,-1687.0,POINTS,airdrop-point-deduct-season-1,airdrop-point-deduct-season-1,EXTERNAL
0xd175651a4afee571f2044b919efc0abb8ff55c2d,174610987704320,-1687.0,POINTS,airdrop-point-deduct-season-1,airdrop-point-deduct-season-1,EXTERNAL
0x50461379790fa713a7f8a2422e2dc901d519afad,180475938394112,-1678.0,POINTS,airdrop-point-deduct-season-1,airdrop-point-deduct-season-1,EXTERNAL
0xe99fc5be44c65ce909843702c3a54c19619cb69c,174510552113152,-1658.0,POINTS,airdrop-point-deduct-season-1,airdrop-point-deduct-season-1,EXTERNAL
0x194be82f8cd534b6cb8dd25927f1af5a12f0d99b,174497199427584,-1650.0,POINTS,airdrop-point-deduct-season-1,airdrop-point-deduct-season-1,EXTERNAL
0x51f9f3732eb875a8175a258135e993f2a53e66af,174626272145408,-1649.0,POINTS,airdrop-point-deduct-season-1,airdrop-point-deduct-season-1,EXTERNAL
0xd196fd9f93494428a2c16a88eb00048c5137a0a5,178460898779136,-1646.0,POINTS,airdrop-point-deduct-season-1,airdrop-point-deduct-season-1,EXTERNAL
0xeeb2dfba113c1738631b0ba7cf2ccec87f89b8a6,174637406806016,-1642.0,POINTS,airdrop-point-deduct-season-1,airdrop-point-deduct-season-1,EXTERNAL
0xa550b8114e06d1c8fe0e9ab78ce0e9b4c4870e7b,180476179709952,-1642.0,POINTS,airdrop-point-deduct-season-1,airdrop-point-deduct-season-1,EXTERNAL
0x7f048b6b12b87df3c13ff57200a6742babe43a5a,174537396281344,-1634.0,POINTS,airdrop-point-deduct-season-1,airdrop-point-deduct-season-1,EXTERNAL
0xc7cd4e6a1a6430fc1fa630b91ff4aeee8208a43f,172021585690624,-1624.0,POINTS,airdrop-point-deduct-season-1,airdrop-point-deduct-season-1,EXTERNAL
0x2fbced66ed8108ffc65d9012c43efe5a9b64ab28,174479117459456,-1623.0,POINTS,airdrop-point-deduct-season-1,airdrop-point-deduct-season-1,EXTERNAL
0x57567d236dac04a2ffb3df3ef7d501adc0824574,174506023391232,-1616.0,POINTS,airdrop-point-deduct-season-1,airdrop-point-deduct-season-1,EXTERNAL
0xb36ec2a113797fbf3ad1a1f50fd104546babb872,180475485024256,-1616.0,POINTS,airdrop-point-deduct-season-1,airdrop-point-deduct-season-1,EXTERNAL
0x469c75a3e053c8e67d70eb8cd610fe318df544ee,174532965220352,-1613.0,POINTS,airdrop-point-deduct-season-1,airdrop-point-deduct-season-1,EXTERNAL
0x739336eaab2fa149b1944cf9e4a55e318ec3c5d5,174484483788800,-1611.0,POINTS,airdrop-point-deduct-season-1,airdrop-point-deduct-season-1,EXTERNAL
0xed160239493c83eb4fd4b0cde841de2adad00bf2,174489382170624,-1611.0,POINTS,airdrop-point-deduct-season-1,airdrop-point-deduct-season-1,EXTERNAL
0x0bb00e276974691ec353e21db5e66b833a484b03,158128675532800,-1608.0,POINTS,airdrop-point-deduct-season-1,airdrop-point-deduct-season-1,EXTERNAL
0x43e4f78780cd8f651eee6bc1f424da0c17de5a2b,174401437913088,-1607.0,POINTS,airdrop-point-deduct-season-1,airdrop-point-deduct-season-1,EXTERNAL
0xcf5766f81cbd0c7dfd377f7751833f3637690b26,174446763782144,-1607.0,POINTS,airdrop-point-deduct-season-1,airdrop-point-deduct-season-1,EXTERNAL
0x9943f2f34b3789d04e7434d68a55c2762a92ec78,180475595710464,-1605.0,POINTS,airdrop-point-deduct-season-1,airdrop-point-deduct-season-1,EXTERNAL
0x8034a76756d322735d792fa6e4b0d179f69a70e1,180476082528256,-1605.0,POINTS,airdrop-point-deduct-season-1,airdrop-point-deduct-season-1,EXTERNAL
0x390bd8dd895115b91d2d435f973277bb52a66476,174515123249152,-1603.0,POINTS,airdrop-point-deduct-season-1,airdrop-point-deduct-season-1,EXTERNAL
0x24167d53d2928dbfd606de9c06f3e59ed8db6827,174528542478336,-1601.0,POINTS,airdrop-point-deduct-season-1,airdrop-point-deduct-season-1,EXTERNAL
0xf226d3950031267725997b16716bfffca03e7890,174501463240704,-1600.0,POINTS,airdrop-point-deduct-season-1,airdrop-point-deduct-season-1,EXTERNAL
0xb8b6e8b9a23f5cc5eb068b4afe272b87330dc5aa,174454257541120,-1600.0,POINTS,airdrop-point-deduct-season-1,airdrop-point-deduct-season-1,EXTERNAL
0x44538a4566da9fa94d247427f431513ced859df6,174467712192512,-1598.0,POINTS,airdrop-point-deduct-season-1,airdrop-point-deduct-season-1,EXTERNAL
0x8d65d4f4ee12acabc3543ac348cd0748a89af456,174469351342080,-1598.0,POINTS,airdrop-point-deduct-season-1,airdrop-point-deduct-season-1,EXTERNAL
0x95a3bae3ebcc3792b8e313281dc698062d18bb23,174493307088896,-1596.0,POINTS,airdrop-point-deduct-season-1,airdrop-point-deduct-season-1,EXTERNAL
0x80775d67b6a3da26de6b6330adfd4d4fcd63a5a0,174470959898624,-1596.0,POINTS,airdrop-point-deduct-season-1,airdrop-point-deduct-season-1,EXTERNAL
0x7680d327d259953519aeb0defba96e136e7f8aaa,174458571821056,-1596.0,POINTS,airdrop-point-deduct-season-1,airdrop-point-deduct-season-1,EXTERNAL
0xe9d26557340896154fa6206badcb1b3eba4bce78,163923234570240,-1595.0,POINTS,airdrop-point-deduct-season-1,airdrop-point-deduct-season-1,EXTERNAL
0x48dfdcd4494aab0340d3b019997072bdecb4ff10,180475587985408,-1584.0,POINTS,airdrop-point-deduct-season-1,airdrop-point-deduct-season-1,EXTERNAL
0xf65b09314480d437907cbcd66126be6278c24ff0,180475975380992,-1584.0,POINTS,airdrop-point-deduct-season-1,airdrop-point-deduct-season-1,EXTERNAL
0xd8406c3eb7677f139a6633bea5be1ee94bb266eb,180476093263872,-1584.0,POINTS,airdrop-point-deduct-season-1,airdrop-point-deduct-season-1,EXTERNAL
0xafee051fbc0a87a14c6a4971a26986b5a92b59b8,180476194754560,-1574.0,POINTS,airdrop-point-deduct-season-1,airdrop-point-deduct-season-1,EXTERNAL
0xae315ad0ff32e7252d2fc44c59381d1c7741329d,6451391904900106993,-1558.0,POINTS,airdrop-point-deduct-season-1,airdrop-point-deduct-season-1,EXTERNAL
0x064cf663173c98a72e841aed3e47214696990d04,174400108515328,-1554.0,POINTS,airdrop-point-deduct-season-1,airdrop-point-deduct-season-1,EXTERNAL
0x01a3a9cb24afb65587d893d29f9e252db874674e,174524141891584,-1554.0,POINTS,airdrop-point-deduct-season-1,airdrop-point-deduct-season-1,EXTERNAL
0x13d940210159136a486a2acf357ecc36486337b9,180475552526336,-1553.0,POINTS,airdrop-point-deduct-season-1,airdrop-point-deduct-season-1,EXTERNAL
0x46e2c08732fe38d4c1e1f2d35d5063d19ff51ea3,180475488952320,-1553.0,POINTS,airdrop-point-deduct-season-1,airdrop-point-deduct-season-1,EXTERNAL
0x24f9bd7bcdd0a48b2d29f29233e2aca510abed80,180476220723200,-1543.0,POINTS,airdrop-point-deduct-season-1,airdrop-point-deduct-season-1,EXTERNAL
0x38730c7baa281e22b4e5f26cc4f46c096f73c115,180475701047296,-1543.0,POINTS,airdrop-point-deduct-season-1,airdrop-point-deduct-season-1,EXTERNAL
0x64b7c5c2f8bd09f19dcc649209f5df2c0c4ea96f,180475434110976,-1532.0,POINTS,airdrop-point-deduct-season-1,airdrop-point-deduct-season-1,EXTERNAL
0x80ada885e07bd6cb4a9cde749769b9f9fe06d8c7,180475437719552,-1532.0,POINTS,airdrop-point-deduct-season-1,airdrop-point-deduct-season-1,EXTERNAL
0x9b7a70e734886f8daa6a032536cf2c0f02c8ebdf,174472692908032,-1507.0,POINTS,airdrop-point-deduct-season-1,airdrop-point-deduct-season-1,EXTERNAL
0x10f0484d42f93dd1cf454e7f6e6d3d86b1fd558b,174499847749632,-1507.0,POINTS,airdrop-point-deduct-season-1,airdrop-point-deduct-season-1,EXTERNAL
0x93b76ad86187980197e210cf2ca4a95e58a3bf52,180475499126784,-1501.0,POINTS,airdrop-point-deduct-season-1,airdrop-point-deduct-season-1,EXTERNAL
0xbbdbacb4391420f2ad4e8e6d739d43574d1cd993,180475534921728,-1491.0,POINTS,airdrop-point-deduct-season-1,airdrop-point-deduct-season-1,EXTERNAL
0xebcdaa82817370d7e8fa165187410edab24c640f,180475554603008,-1480.0,POINTS,airdrop-point-deduct-season-1,airdrop-point-deduct-season-1,EXTERNAL
0xabbd8690babe1ec4819d8b1d7e126fe9d42bdf6a,6395260639300107969,-1457.0,POINTS,airdrop-point-deduct-season-1,airdrop-point-deduct-season-1,EXTERNAL
0xcef55ee1773278f7ced5884efb4524a007fe6fe7,180475608907776,-1449.0,POINTS,airdrop-point-deduct-season-1,airdrop-point-deduct-season-1,EXTERNAL
0xaaa7ca298fda838671c79f80b57417da7562a6ea,180475939106816,-1449.0,POINTS,airdrop-point-deduct-season-1,airdrop-point-deduct-season-1,EXTERNAL
0x2f06ddc60fb03acbaab51b955cca730667d62fdd,6397808264900102008,-1448.0,POINTS,airdrop-point-deduct-season-1,airdrop-point-deduct-season-1,EXTERNAL
0x915d72fd6cf53c34d6b7c238be60a79d5214c452,6159234339100107634,-1448.0,POINTS,airdrop-point-deduct-season-1,airdrop-point-deduct-season-1,EXTERNAL
0xf9cc7998a2ab0feb1b97c12b4b1786a17f9fbe29,174472037650432,-1441.0,POINTS,airdrop-point-deduct-season-1,airdrop-point-deduct-season-1,EXTERNAL
0xa7e007e296dbe2a3ceb7b5a36b28c167285d8afc,180475996499968,-1428.0,POINTS,airdrop-point-deduct-season-1,airdrop-point-deduct-season-1,EXTERNAL
0xd8e610f3dbf3738acb2c87b5e7bfa7d619e8d1fc,180476010455040,-1407.0,POINTS,airdrop-point-deduct-season-1,airdrop-point-deduct-season-1,EXTERNAL
0x34d3ea92314584c7d9aac019e80cab8af275499d,180476407812096,-1407.0,POINTS,airdrop-point-deduct-season-1,airdrop-point-deduct-season-1,EXTERNAL
0x5e074b56bf808c1566f2c759dd9c4a3949c4369d,180475547160576,-1407.0,POINTS,airdrop-point-deduct-season-1,airdrop-point-deduct-season-1,EXTERNAL
0x83f4d47e071cdcbd06d80276676dfd1c330220bd,158129638850560,-1403.0,POINTS,airdrop-point-deduct-season-1,airdrop-point-deduct-season-1,EXTERNAL
0x834ed9addbeb84cb0fa82926fad5248dce11b034,180476109172736,-1386.0,POINTS,airdrop-point-deduct-season-1,airdrop-point-deduct-season-1,EXTERNAL
0x5094e3cdf157ffd64164a6b4d105e3d6b83d8fdb,180475941064704,-1334.0,POINTS,airdrop-point-deduct-season-1,airdrop-point-deduct-season-1,EXTERNAL
0x41e7b30519d93cacb1961edcf5ecd9419a8eee9a,158348734017536,-1325.0,POINTS,airdrop-point-deduct-season-1,airdrop-point-deduct-season-1,EXTERNAL
0xdd083e6a1afc1c48300f01caa68777929bee0d91,158162934341632,-1317.0,POINTS,airdrop-point-deduct-season-1,airdrop-point-deduct-season-1,EXTERNAL
0x7357f1bd811c1a31fa8bf12a2bc4678cdba1416f,1107079912210432,-1317.0,POINTS,airdrop-point-deduct-season-1,airdrop-point-deduct-season-1,EXTERNAL
0xe2d5f52d5529d1e1684102828d49c38443d18acb,158243108909056,-1300.0,POINTS,airdrop-point-deduct-season-1,airdrop-point-deduct-season-1,EXTERNAL
0x6f1ee0da549101e3b223c1554b6d997a19ecc151,6507735200200101033,-1296.0,POINTS,airdrop-point-deduct-season-1,airdrop-point-deduct-season-1,EXTERNAL
0x3e2613097cf934f39d7c0954cc3929a5fa3f9fe5,158260436111360,-1278.0,POINTS,airdrop-point-deduct-season-1,airdrop-point-deduct-season-1,EXTERNAL
0xc1d870e8b81f1b6e6fe0e31cf481128f802a6ab8,1106947862020096,-1270.0,POINTS,airdrop-point-deduct-season-1,airdrop-point-deduct-season-1,EXTERNAL
0xb7db6b9c3b4de8453bf5618bf4263c86368baaa2,171891397152768,-1252.0,POINTS,airdrop-point-deduct-season-1,airdrop-point-deduct-season-1,EXTERNAL
0xa061b17ff3f94f9bcd616199e1bbc67379df2edb,175135139225600,-1235.0,POINTS,airdrop-point-deduct-season-1,airdrop-point-deduct-season-1,EXTERNAL
0x4a954f6436b107ee5003becc06fd97fb9df5630f,174536372920320,-1208.0,POINTS,airdrop-point-deduct-season-1,airdrop-point-deduct-season-1,EXTERNAL
0xe05e50337c22bbb7c7d1c67aab3eab71410024d3,171197029285888,-1207.0,POINTS,airdrop-point-deduct-season-1,airdrop-point-deduct-season-1,EXTERNAL
0x3fcc776a83ff4a4be693f659314f210e8588b3aa,174629744390144,-1206.0,POINTS,airdrop-point-deduct-season-1,airdrop-point-deduct-season-1,EXTERNAL
0xfdecb68f4122412a569d6b57ce86d119117fc70c,6456581125900104488,-1199.0,POINTS,airdrop-point-deduct-season-1,airdrop-point-deduct-season-1,EXTERNAL
0xa14453de2f450da805a3d9d01e008e7e475d8093,173839451193344,-1181.0,POINTS,airdrop-point-deduct-season-1,airdrop-point-deduct-season-1,EXTERNAL
0xc1e58b7bf820e81fe1149e8bc878a9b3d309373b,1106776678625280,-1179.0,POINTS,airdrop-point-deduct-season-1,airdrop-point-deduct-season-1,EXTERNAL
0xe0f0b3b0478211a6382f699f929cfdeea430d57e,6446897895400109662,-1161.0,POINTS,airdrop-point-deduct-season-1,airdrop-point-deduct-season-1,EXTERNAL
0x872e1face1645ff93aaac0646ad5166a6a7d4d0c,6511263628500100766,-1151.0,POINTS,airdrop-point-deduct-season-1,airdrop-point-deduct-season-1,EXTERNAL
0x0a012c9439f0d19c076a71ead72b79335b83d0e2,6456560660800104304,-1124.0,POINTS,airdrop-point-deduct-season-1,airdrop-point-deduct-season-1,EXTERNAL
0xa2b25308870854b4bce948d90b141956ab762f17,158165120634880,-1120.0,POINTS,airdrop-point-deduct-season-1,airdrop-point-deduct-season-1,EXTERNAL
0xe13c71f4fba0a6bca7b332f941eaa62aba8eb520,6412997925700100497,-1103.0,POINTS,airdrop-point-deduct-season-1,airdrop-point-deduct-season-1,EXTERNAL
0xb25a73358f3affc6dea361cbf670ecf5b22f128e,173801785577472,-1094.0,POINTS,airdrop-point-deduct-season-1,airdrop-point-deduct-season-1,EXTERNAL
0xd2d4becc18f7c9dd07e9fddf8c3692a02b19d85b,174533826068480,-1068.0,POINTS,airdrop-point-deduct-season-1,airdrop-point-deduct-season-1,EXTERNAL
0x2c261c8a602976b3f39e20eb49e2e34db910f44f,174798615052288,-1066.0,POINTS,airdrop-point-deduct-season-1,airdrop-point-deduct-season-1,EXTERNAL
0x152a72d776a8f16b117371020d64dffafa10624f,159384252600320,-1051.0,POINTS,airdrop-point-deduct-season-1,airdrop-point-deduct-season-1,EXTERNAL
0x614dd1b4309ad1a182da26c2189cc9f83cbcd7e0,6456641152100104927,-1041.0,POINTS,airdrop-point-deduct-season-1,airdrop-point-deduct-season-1,EXTERNAL
0x7ffb6d48c6b5444c0ccf6f6273094f7346083825,174386464800768,-1028.0,POINTS,airdrop-point-deduct-season-1,airdrop-point-deduct-season-1,EXTERNAL
0xb6381b5a469f4c36519c7ffe0e1a9acc62805fb6,174548720345088,-1026.0,POINTS,airdrop-point-deduct-season-1,airdrop-point-deduct-season-1,EXTERNAL
0x50138cf31e7d458b3ff18ed1a88a1a14668e33ed,174824856031232,-1019.0,POINTS,airdrop-point-deduct-season-1,airdrop-point-deduct-season-1,EXTERNAL
0x8fbb2726adf1c4fe78099483eea643b55a943787,158237427597312,-992.0,POINTS,airdrop-point-deduct-season-1,airdrop-point-deduct-season-1,EXTERNAL
0xe9ab84567ac1ae8b8b17ab6da2af19f261893ed9,6159234282100107526,-980.0,POINTS,airdrop-point-deduct-season-1,airdrop-point-deduct-season-1,EXTERNAL
0xc0ed1956936b88cb3e13463202136fb573114edf,174416045711360,-977.0,POINTS,airdrop-point-deduct-season-1,airdrop-point-deduct-season-1,EXTERNAL
0x604b800bb5482b5c42668a6f07c2f61b6be0b44a,174457516371968,-944.0,POINTS,airdrop-point-deduct-season-1,airdrop-point-deduct-season-1,EXTERNAL
0x2f19e59f238edaca6f37b222adfd6c3773e775bd,174712613584896,-940.0,POINTS,airdrop-point-deduct-season-1,airdrop-point-deduct-season-1,EXTERNAL
0xdb4af1d0c77802e16f0b747b192cbc784361abbc,174634499923968,-937.0,POINTS,airdrop-point-deduct-season-1,airdrop-point-deduct-season-1,EXTERNAL
0xfc339c49c33cd325bd91d0ae24e571702d123383,159152203513856,-923.0,POINTS,airdrop-point-deduct-season-1,airdrop-point-deduct-season-1,EXTERNAL
0xa204e822486afd9639c22626f3b9f71270eab698,159152165081088,-915.0,POINTS,airdrop-point-deduct-season-1,airdrop-point-deduct-season-1,EXTERNAL
0xb6a54356fcae46129644b202a5b16dd1f61a0791,159151361175552,-904.0,POINTS,airdrop-point-deduct-season-1,airdrop-point-deduct-season-1,EXTERNAL
0x72003807b883b42cbe82d9dc77acacbaf8b34788,6455028642100104710,-902.0,POINTS,airdrop-point-deduct-season-1,airdrop-point-deduct-season-1,EXTERNAL
0xa6a32bc4c89df8dc99f465506c26524a8360cd30,158127777251328,-901.0,POINTS,airdrop-point-deduct-season-1,airdrop-point-deduct-season-1,EXTERNAL
0xdf9949ee079a6b92329af9980965f186a15f8df5,158119566241792,-900.0,POINTS,airdrop-point-deduct-season-1,airdrop-point-deduct-season-1,EXTERNAL
0x34614ab9ab33425ffadf20d4077cbfa9202ae78c,174459419537408,-880.0,POINTS,airdrop-point-deduct-season-1,airdrop-point-deduct-season-1,EXTERNAL
0x624c23354e9a2205672a85bae9b26f756e7e9d9d,6456659765600105061,-877.0,POINTS,airdrop-point-deduct-season-1,airdrop-point-deduct-season-1,EXTERNAL
0xe29c7065d44aa1bb101b8144d0a02e1146321112,2120744819372032,-865.0,POINTS,airdrop-point-deduct-season-1,airdrop-point-deduct-season-1,EXTERNAL
0x12c347466590c9fe7ed31b32c93a76db5c04a25d,174541961351168,-851.0,POINTS,airdrop-point-deduct-season-1,airdrop-point-deduct-season-1,EXTERNAL
0x9a87d5c56ae6d24140730ab21ef89040fbb86384,6456513136100104165,-828.0,POINTS,airdrop-point-deduct-season-1,airdrop-point-deduct-season-1,EXTERNAL
0x8e2dcf9ff1fd5b2f39d9f66cab1a98684b1ab802,158146091376640,-823.0,POINTS,airdrop-point-deduct-season-1,airdrop-point-deduct-season-1,EXTERNAL
0xe1c5991201669ebeffe95f5e4314919c2b986caa,180412112089088,-814.0,POINTS,airdrop-point-deduct-season-1,airdrop-point-deduct-season-1,EXTERNAL
0x42509db612eb6cf94c2c0f474f4057bdb79f4924,174473914662912,-807.0,POINTS,airdrop-point-deduct-season-1,airdrop-point-deduct-season-1,EXTERNAL
0xa0c8647a9358e2e5d5cca356fbb6984957264d6c,174454708101120,-754.0,POINTS,airdrop-point-deduct-season-1,airdrop-point-deduct-season-1,EXTERNAL
0xab19cb9b630af9215910c8f146ff9ce69f00d094,6456714516400105272,-738.0,POINTS,airdrop-point-deduct-season-1,airdrop-point-deduct-season-1,EXTERNAL
0x1920a2f2368a6d9b4e20ee4f26ee42c40b4182d9,159064558997504,-722.0,POINTS,airdrop-point-deduct-season-1,airdrop-point-deduct-season-1,EXTERNAL
0xe3d0cd9ac285f63164bb7e64079051ded0253573,6159236280500101288,-697.0,POINTS,airdrop-point-deduct-season-1,airdrop-point-deduct-season-1,EXTERNAL
0xcea6c693ee15b842407827f342fd74f28fe42822,6302011750700104679,-694.0,POINTS,airdrop-point-deduct-season-1,airdrop-point-deduct-season-1,EXTERNAL
0x7ca5dbe031b32d5b1aaa6b07aa05dc06fe2eade7,174519529947136,-672.0,POINTS,airdrop-point-deduct-season-1,airdrop-point-deduct-season-1,EXTERNAL
0xf76b12f4ffc7e6f4e603f0aa5c657652d4fc7395,174516093612032,-668.0,POINTS,airdrop-point-deduct-season-1,airdrop-point-deduct-season-1,EXTERNAL
0x49ac58198a6c9a1e6dc1ecc945403089069da88c,6159235143700109143,-653.0,POINTS,airdrop-point-deduct-season-1,airdrop-point-deduct-season-1,EXTERNAL
0x43a2088219c1f07f26a876b4d83f965f1bf3f014,6323400111900107843,-639.0,POINTS,airdrop-point-deduct-season-1,airdrop-point-deduct-season-1,EXTERNAL
0x91dd8b49d4d6a1198d62e7042342d1164018f534,161245026693120,-635.0,POINTS,airdrop-point-deduct-season-1,airdrop-point-deduct-season-1,EXTERNAL
0xd4f041060d18cb631397fe6b48bdd0cf7330ac81,158914840969216,-624.0,POINTS,airdrop-point-deduct-season-1,airdrop-point-deduct-season-1,EXTERNAL
0x89b17bebd6806a92b7e4afa2db1f6d20e0d47c44,174513604308992,-621.0,POINTS,airdrop-point-deduct-season-1,airdrop-point-deduct-season-1,EXTERNAL
0x95c577cd446d1bb1b239e9ef28609e1d3d6b8315,172029515649024,-610.0,POINTS,airdrop-point-deduct-season-1,airdrop-point-deduct-season-1,EXTERNAL
0xf8b9e49e84a389a14708549510e75a9e1118cb5c,172035136401408,-602.0,POINTS,airdrop-point-deduct-season-1,airdrop-point-deduct-season-1,EXTERNAL
0xf8faddc6a74e075492ca86aee0dc1b06cfe8e550,174371124371456,-586.0,POINTS,airdrop-point-deduct-season-1,airdrop-point-deduct-season-1,EXTERNAL
0x954e6f8220db2c4d51443e95d5db4b33d5743dd4,6508452853200103462,-578.0,POINTS,airdrop-point-deduct-season-1,airdrop-point-deduct-season-1,EXTERNAL
0x61380ed3d64718981919f9de0591b01e738fc957,172035150299136,-560.0,POINTS,airdrop-point-deduct-season-1,airdrop-point-deduct-season-1,EXTERNAL
0x66c4055beaf1f2d1449edb7a6c350840c4cb056e,175132650565632,-557.0,POINTS,airdrop-point-deduct-season-1,airdrop-point-deduct-season-1,EXTERNAL
0xdc9e9187460b199fe8ce3a1fb97aa74d668bf849,7160906403500100983,-551.0,POINTS,airdrop-point-deduct-season-1,airdrop-point-deduct-season-1,EXTERNAL
0xbafcf0ddd410f40d99cf5ec46861e62f180f9d78,173798805131264,-550.0,POINTS,airdrop-point-deduct-season-1,airdrop-point-deduct-season-1,EXTERNAL
0x0de5a5d50453e702ad66d3fcf7c986f408019ffd,1106769510129664,-549.0,POINTS,airdrop-point-deduct-season-1,airdrop-point-deduct-season-1,EXTERNAL
0xb9dd918ba0334804590642307ce8f4521b9b2f99,172035165978624,-542.0,POINTS,airdrop-point-deduct-season-1,airdrop-point-deduct-season-1,EXTERNAL
0x19324b9244db7b351d7c65c3ec4d68b0b1adacf3,172035135234048,-536.0,POINTS,airdrop-point-deduct-season-1,airdrop-point-deduct-season-1,EXTERNAL
0x6df858ff737fd632b22c499db899bc34d692e49e,172035158884352,-535.0,POINTS,airdrop-point-deduct-season-1,airdrop-point-deduct-season-1,EXTERNAL
0xca0cf762643371d771879893b5578dfb2a53d19f,158916682838016,-534.0,POINTS,airdrop-point-deduct-season-1,airdrop-point-deduct-season-1,EXTERNAL
0x3b3d74e64f61689af362b98b367b84553f99f578,172021585612800,-527.0,POINTS,airdrop-point-deduct-season-1,airdrop-point-deduct-season-1,EXTERNAL
0xce068112d758bad598142a700eae404d92106c7c,171995779784704,-525.0,POINTS,airdrop-point-deduct-season-1,airdrop-point-deduct-season-1,EXTERNAL
0xc80eb85a8ebe5a1372a885c8b419d822379ecd0b,171995791745024,-522.0,POINTS,airdrop-point-deduct-season-1,airdrop-point-deduct-season-1,EXTERNAL
0xe0c4d0a6b5fabdbf79d14afaac25386c778b759f,175096784863232,-517.0,POINTS,airdrop-point-deduct-season-1,airdrop-point-deduct-season-1,EXTERNAL
0x75e6987abe30cc253c0143416c90c2cf5a70f30a,171995760238592,-515.0,POINTS,airdrop-point-deduct-season-1,airdrop-point-deduct-season-1,EXTERNAL
0xbaadec2191126ec0409da51b6834a49d8a84e907,172015570751488,-513.0,POINTS,airdrop-point-deduct-season-1,airdrop-point-deduct-season-1,EXTERNAL
0x7bec02c7a009877d83b20e14206364761e60b4b0,171995839221760,-511.0,POINTS,airdrop-point-deduct-season-1,airdrop-point-deduct-season-1,EXTERNAL
0x04615be99bf045b29261cfcb6fcacfe843239657,172035134803968,-508.0,POINTS,airdrop-point-deduct-season-1,airdrop-point-deduct-season-1,EXTERNAL
0xa5ea4e9b8da3da0550119a6f85433f6abea4adb4,189795999100928,-505.0,POINTS,airdrop-point-deduct-season-1,airdrop-point-deduct-season-1,EXTERNAL
0x003401733aeb3f78f11a53aa9d18259374fefa20,6159235069000109009,-500.0,POINTS,airdrop-point-deduct-season-1,airdrop-point-deduct-season-1,EXTERNAL
0x7f7c7d6d48520a243fe85fd7479f52a4589b0547,175133615628288,-500.0,POINTS,airdrop-point-deduct-season-1,airdrop-point-deduct-season-1,EXTERNAL
0xbcf2de4fc3f675fa034aaebab612de630fed88f1,172029512437760,-493.0,POINTS,airdrop-point-deduct-season-1,airdrop-point-deduct-season-1,EXTERNAL
0x84e27c82d6664e2407597a8001d38b8d79dfebff,174182631915520,-492.0,POINTS,airdrop-point-deduct-season-1,airdrop-point-deduct-season-1,EXTERNAL
0x36e5c718910cb6ab23420bf3f07c63dee2a2ca43,166089470488576,-491.0,POINTS,airdrop-point-deduct-season-1,airdrop-point-deduct-season-1,EXTERNAL
0x70785f080b155afe335de4710ce89a793a9ea487,172015586459648,-491.0,POINTS,airdrop-point-deduct-season-1,airdrop-point-deduct-season-1,EXTERNAL
0x3e7e18d243bc8eb64ea2efcc745aa5470075e3e5,172029515640832,-490.0,POINTS,airdrop-point-deduct-season-1,airdrop-point-deduct-season-1,EXTERNAL
0x7875585c00571355778a5267b1bbe7ec35f66354,172010933977088,-489.0,POINTS,airdrop-point-deduct-season-1,airdrop-point-deduct-season-1,EXTERNAL
0xcf7e9e5c51301bb6e8cca6286c9a1ee233921390,172015564378112,-487.0,POINTS,airdrop-point-deduct-season-1,airdrop-point-deduct-season-1,EXTERNAL
0xf3e3f7ed14c42e5785f380f4957e05f8b7e2300a,174333046374400,-483.0,POINTS,airdrop-point-deduct-season-1,airdrop-point-deduct-season-1,EXTERNAL
0xcf879527a6d1b7c0513f25580e91bc9c43f23d0e,174354984030208,-480.0,POINTS,airdrop-point-deduct-season-1,airdrop-point-deduct-season-1,EXTERNAL
0xbd4faec4dd667c3416f127f009c05d20d35ba46b,172001887285248,-479.0,POINTS,airdrop-point-deduct-season-1,airdrop-point-deduct-season-1,EXTERNAL
0x11941372659adaf1aa1e3dc70a6525905a23905a,172029514293248,-476.0,POINTS,airdrop-point-deduct-season-1,airdrop-point-deduct-season-1,EXTERNAL
0x666f5735d5d7b1d6b4764c0044ed70bac3d5566f,172029527449600,-474.0,POINTS,airdrop-point-deduct-season-1,airdrop-point-deduct-season-1,EXTERNAL
0xc825d750b3cac04bc302e77b0b503c9c88e9cb00,172029536133120,-471.0,POINTS,airdrop-point-deduct-season-1,airdrop-point-deduct-season-1,EXTERNAL
0xd117ff2d177d758b28af6925b575ee0ce09bffae,6414620273900108468,-469.0,POINTS,airdrop-point-deduct-season-1,airdrop-point-deduct-season-1,EXTERNAL
0x36d19419bd1bcfbaaf575471e8006ab179072a65,175130180993024,-469.0,POINTS,airdrop-point-deduct-season-1,airdrop-point-deduct-season-1,EXTERNAL
0x0fda66ecf22fb745939d57a25a35bf79e7464bd9,174059601924096,-468.0,POINTS,airdrop-point-deduct-season-1,airdrop-point-deduct-season-1,EXTERNAL
0x097c7a0d34baae2ff6a4397d30f729b076c56d26,6159234168000107313,-468.0,POINTS,airdrop-point-deduct-season-1,airdrop-point-deduct-season-1,EXTERNAL
0x063f4b72872f0779569b0ce9fc513c610cd2e843,175133930627072,-466.0,POINTS,airdrop-point-deduct-season-1,airdrop-point-deduct-season-1,EXTERNAL
0x3b4b29ba4cb7fcddd3cfd1e3f99a1bacffb38a81,174302508593152,-465.0,POINTS,airdrop-point-deduct-season-1,airdrop-point-deduct-season-1,EXTERNAL
0x01b163c7b45b7759f6c0cfd54172781c121f9d96,172001893707776,-465.0,POINTS,airdrop-point-deduct-season-1,airdrop-point-deduct-season-1,EXTERNAL
0xb53f8ddb1bbe1506ab29c8b35cfa5a8738f06cf4,174189512294400,-461.0,POINTS,airdrop-point-deduct-season-1,airdrop-point-deduct-season-1,EXTERNAL
0x9c3b1182115fc5ea643533d0532d5a3254f40d05,174238204932096,-461.0,POINTS,airdrop-point-deduct-season-1,airdrop-point-deduct-season-1,EXTERNAL
0xc5ca5c2d4dbfefe6d9ebfe38f5c09c063f221f1b,175123704193024,-459.0,POINTS,airdrop-point-deduct-season-1,airdrop-point-deduct-season-1,EXTERNAL
0xa46ae1a607f98d1fa3d58660b522a9ddbaa79201,172005366824960,-456.0,POINTS,airdrop-point-deduct-season-1,airdrop-point-deduct-season-1,EXTERNAL
0x3be1caf34c2730342336e36907ed182d7ebd799c,174392732737536,-454.0,POINTS,airdrop-point-deduct-season-1,airdrop-point-deduct-season-1,EXTERNAL
0x1a478d59e5c4e76576b787c6eb7b3642e198dae8,172021610070016,-452.0,POINTS,airdrop-point-deduct-season-1,airdrop-point-deduct-season-1,EXTERNAL
0xfa8b1b09754163326570ec3aa9ce1c7f011c1155,175133103669248,-449.0,POINTS,airdrop-point-deduct-season-1,airdrop-point-deduct-season-1,EXTERNAL
0x8e4a8b7af760082f987e03ac996404cdb3853496,174352155566080,-448.0,POINTS,airdrop-point-deduct-season-1,airdrop-point-deduct-season-1,EXTERNAL
0x61a813f34405777ab51ed9f55c42e4b02db9d1cc,175096439193600,-448.0,POINTS,airdrop-point-deduct-season-1,airdrop-point-deduct-season-1,EXTERNAL
0xdea342b8ca6e21d88c4481159d045ec5db3d1ad3,174333290692608,-447.0,POINTS,airdrop-point-deduct-season-1,airdrop-point-deduct-season-1,EXTERNAL
0x22d81cc82a98eef50d5a48131ca128e244a7495b,175132592640000,-444.0,POINTS,airdrop-point-deduct-season-1,airdrop-point-deduct-season-1,EXTERNAL
0xe423e21fbb21bf6be335500cdb1c0854696086b6,175087034150912,-443.0,POINTS,airdrop-point-deduct-season-1,airdrop-point-deduct-season-1,EXTERNAL
0x8c55c7c91abc8c167a10fcbe7c451f64c7518696,175090579111936,-443.0,POINTS,airdrop-point-deduct-season-1,airdrop-point-deduct-season-1,EXTERNAL
0xd58cd8c9d3e9fff98956a372839bf7a821dacefe,172010935050240,-442.0,POINTS,airdrop-point-deduct-season-1,airdrop-point-deduct-season-1,EXTERNAL
0x422ac3d2d62ac9f0f66093dab37da21ace4f06d0,175087699988480,-442.0,POINTS,airdrop-point-deduct-season-1,airdrop-point-deduct-season-1,EXTERNAL
0xffe1f8de49686c789c822da55529b694da6b62ec,172010930847744,-441.0,POINTS,airdrop-point-deduct-season-1,airdrop-point-deduct-season-1,EXTERNAL
0x4831ddb6502ca45dbeedf58b47292061cdb6050b,158238665867264,-441.0,POINTS,airdrop-point-deduct-season-1,airdrop-point-deduct-season-1,EXTERNAL
0x2942c36eb4dfd0dad4bf49d33897242c3b470761,6457287724100107992,-439.0,POINTS,airdrop-point-deduct-season-1,airdrop-point-deduct-season-1,EXTERNAL
0x6afe0c066478e6c5856ff065365d0d458bd341b6,172005368262656,-438.0,POINTS,airdrop-point-deduct-season-1,airdrop-point-deduct-season-1,EXTERNAL
0x236c4f1c75833bbb9275a4b8ba97bbbce1d0fb71,158068164616192,-435.0,POINTS,airdrop-point-deduct-season-1,airdrop-point-deduct-season-1,EXTERNAL
0x4cef9a17c8997b8b8ce5c7d3fb20e2df0902495e,6159234810200108522,-430.0,POINTS,airdrop-point-deduct-season-1,airdrop-point-deduct-season-1,EXTERNAL
0x06cdd73b7f42c2bc39cd1b39661355c65af32a34,172021595910144,-430.0,POINTS,airdrop-point-deduct-season-1,airdrop-point-deduct-season-1,EXTERNAL
0xd05f9dfc8153a3bbbeb4b174627bc48afbfb9a94,172021585526784,-427.0,POINTS,airdrop-point-deduct-season-1,airdrop-point-deduct-season-1,EXTERNAL
0xf272f5b98f188b5df120916d234e82629b51998d,6259040480800107289,-427.0,POINTS,airdrop-point-deduct-season-1,airdrop-point-deduct-season-1,EXTERNAL
0xc0448a77b9a344652332df0f22e1826dad496eae,172001841016832,-427.0,POINTS,airdrop-point-deduct-season-1,airdrop-point-deduct-season-1,EXTERNAL
0x0ce40b6ede5b05424f2694f14c4a7790f616f91b,158218005012480,-424.0,POINTS,airdrop-point-deduct-season-1,airdrop-point-deduct-season-1,EXTERNAL
0xdfca5f47b843ff80bcba5c50808e5682cabc7b23,1106717734322176,-420.0,POINTS,airdrop-point-deduct-season-1,airdrop-point-deduct-season-1,EXTERNAL
0xa359395ff673a8513802e1458600ec65313ae880,172021604982784,-418.0,POINTS,airdrop-point-deduct-season-1,airdrop-point-deduct-season-1,EXTERNAL
0x4b996beddd665ee3343b4af9ed683ba1a87dbc94,6456681088200105173,-412.0,POINTS,airdrop-point-deduct-season-1,airdrop-point-deduct-season-1,EXTERNAL
0x4ab66e6a78b47b2f7319e94fbc66fccef08bcb15,6411565038200104145,-411.0,POINTS,airdrop-point-deduct-season-1,airdrop-point-deduct-season-1,EXTERNAL
0xe199b777d5a55d6f82f233cbd0588659f8aa2edc,6457261903600107953,-409.0,POINTS,airdrop-point-deduct-season-1,airdrop-point-deduct-season-1,EXTERNAL
0xf53f3b7c2b29ca182473c34a9b793ea896d0e35c,172015586471936,-407.0,POINTS,airdrop-point-deduct-season-1,airdrop-point-deduct-season-1,EXTERNAL
0x05dd29401bb5394ba2437531c92195140fd7b4c1,1107030350036992,-405.0,POINTS,airdrop-point-deduct-season-1,airdrop-point-deduct-season-1,EXTERNAL
0x5b34331fc84875a838cfed5700b5d3984c924bad,172010932379648,-402.0,POINTS,airdrop-point-deduct-season-1,airdrop-point-deduct-season-1,EXTERNAL
0xe6a49a85aa1fd08b325358fe4a520b47a12c132b,1106717753110528,-400.0,POINTS,airdrop-point-deduct-season-1,airdrop-point-deduct-season-1,EXTERNAL
0x25ab9b03b84af77ef816c8e21a7ca3319e6cfc71,172001853284352,-394.0,POINTS,airdrop-point-deduct-season-1,airdrop-point-deduct-season-1,EXTERNAL
0xb1924d7fd82f9f5540b86bb4390dc2801ca78b2d,1106717899255808,-393.0,POINTS,airdrop-point-deduct-season-1,airdrop-point-deduct-season-1,EXTERNAL
0x413eb0c96efa26aacf4c78fdf495e1cb455037eb,6457321252500108171,-390.0,POINTS,airdrop-point-deduct-season-1,airdrop-point-deduct-season-1,EXTERNAL
0xd1e17a4bb13026c4f3847984d81ed90de2ed0196,1106717901053952,-389.0,POINTS,airdrop-point-deduct-season-1,airdrop-point-deduct-season-1,EXTERNAL
0xb5beaa46a022e84ed944e44124b59ba5be2090a5,6159235248500109339,-387.0,POINTS,airdrop-point-deduct-season-1,airdrop-point-deduct-season-1,EXTERNAL
0xc89ea01b439bbf47ed4898418fa1b410ce4ce365,158684336013312,-374.0,POINTS,airdrop-point-deduct-season-1,airdrop-point-deduct-season-1,EXTERNAL
0x4de518bc382cc0399507a433eb0f0cef208426d4,158289719709696,-369.0,POINTS,airdrop-point-deduct-season-1,airdrop-point-deduct-season-1,EXTERNAL
0xab91cc4a4bda73d207e2853810d3dcb0604cd095,172015567409152,-363.0,POINTS,airdrop-point-deduct-season-1,airdrop-point-deduct-season-1,EXTERNAL
0xf1c9775a71d3ad07475c4ccc4d877c6aa47f0f18,6159235355000109543,-362.0,POINTS,airdrop-point-deduct-season-1,airdrop-point-deduct-season-1,EXTERNAL
0x7f9bf8c55a45ae73a07e3aa9917b87a6eee8dc78,172005365772288,-360.0,POINTS,airdrop-point-deduct-season-1,airdrop-point-deduct-season-1,EXTERNAL
0x2bbdde867584e47d842d4c650f19daf7f0c2dd77,158387782344704,-354.0,POINTS,airdrop-point-deduct-season-1,airdrop-point-deduct-season-1,EXTERNAL
0xaecb01d3cb5def80f916f725b27eb30917da53fa,1107030213087232,-351.0,POINTS,airdrop-point-deduct-season-1,airdrop-point-deduct-season-1,EXTERNAL
0x26590b3ae8220675ecbeb37fc835487058217649,1107030251728896,-338.0,POINTS,airdrop-point-deduct-season-1,airdrop-point-deduct-season-1,EXTERNAL
0xc7ba90ce97edc362cb37e9437de0a1051ed22b37,6159235559200109926,-337.0,POINTS,airdrop-point-deduct-season-1,airdrop-point-deduct-season-1,EXTERNAL
0xd6dc68f44b81644066fff20af5aac102f34b0b7c,1107030305529856,-336.0,POINTS,airdrop-point-deduct-season-1,airdrop-point-deduct-season-1,EXTERNAL
0x5f7757ed173e9b63763af8357214a5fd1ee392a5,172015586451456,-327.0,POINTS,airdrop-point-deduct-season-1,airdrop-point-deduct-season-1,EXTERNAL
0xf12848c2ef733efb9ae3d8ba18e2a1d75f443933,1107030373519360,-325.0,POINTS,airdrop-point-deduct-season-1,airdrop-point-deduct-season-1,EXTERNAL
0x767a921dc19ff1fbb343ae4fb8c70fc78a83e5a3,172005365452800,-311.0,POINTS,airdrop-point-deduct-season-1,airdrop-point-deduct-season-1,EXTERNAL
0xd40452042ead7e51428985cdb2f1449cdcc022ed,167519175831552,-308.0,POINTS,airdrop-point-deduct-season-1,airdrop-point-deduct-season-1,EXTERNAL
0xdc26a4ead439128c5eb4997399d1448930cd029f,6159234751900108416,-295.0,POINTS,airdrop-point-deduct-season-1,airdrop-point-deduct-season-1,EXTERNAL
0xa88852affc22fe720a6b21af4dde711961c40ba1,172005366521856,-287.0,POINTS,airdrop-point-deduct-season-1,airdrop-point-deduct-season-1,EXTERNAL
0x7ae836b10d6d6c5ca6e5b926ba59b414cd9e8bc0,172005369982976,-279.0,POINTS,airdrop-point-deduct-season-1,airdrop-point-deduct-season-1,EXTERNAL
0xe5d2eef2acac6ce9cf3294cca456cd23359101a7,172010978078720,-275.0,POINTS,airdrop-point-deduct-season-1,airdrop-point-deduct-season-1,EXTERNAL
0x6149ad41ac2ea5643bcedf011b443caf6664ac68,172010934079488,-274.0,POINTS,airdrop-point-deduct-season-1,airdrop-point-deduct-season-1,EXTERNAL
0xc073b6a602d4061d57ba78db3d93a3f856476396,6159235114600109093,-274.0,POINTS,airdrop-point-deduct-season-1,airdrop-point-deduct-season-1,EXTERNAL
0x22f6e173ee638eac5ef235a750990e049b9cc62a,158163735461888,-264.0,POINTS,airdrop-point-deduct-season-1,airdrop-point-deduct-season-1,EXTERNAL
0x4df320d25e8df805543a0f74b88ce2d2f6d67c90,3107127937916928,-260.0,POINTS,airdrop-point-deduct-season-1,airdrop-point-deduct-season-1,EXTERNAL
0xdfec6c2f34c765714b3e41a36e489d4eaca120c2,158276622856192,-258.0,POINTS,airdrop-point-deduct-season-1,airdrop-point-deduct-season-1,EXTERNAL
0x1f7e51ab52abbbf94d6b251f8fe227c76004fda7,194037524688896,-258.0,POINTS,airdrop-point-deduct-season-1,airdrop-point-deduct-season-1,EXTERNAL
0x7fb82bd1905dbc0cdf05489d52116deeb9b6a61c,1106632636620800,-250.0,POINTS,airdrop-point-deduct-season-1,airdrop-point-deduct-season-1,EXTERNAL
0x4f17d98914a2e688c1724ea2041def71f80613f7,159304854016000,-249.0,POINTS,airdrop-point-deduct-season-1,airdrop-point-deduct-season-1,EXTERNAL
0xf76bf0f87e42ce159fbd9b730fa9c676de43c716,159304854601728,-241.0,POINTS,airdrop-point-deduct-season-1,airdrop-point-deduct-season-1,EXTERNAL
0xe2660a83934192565e315ce946b94c6cebfcbb3d,159304979275776,-236.0,POINTS,airdrop-point-deduct-season-1,airdrop-point-deduct-season-1,EXTERNAL
0xf002fcaec71dbaaa233e97685f07ce930390d6f3,159304853131264,-235.0,POINTS,airdrop-point-deduct-season-1,airdrop-point-deduct-season-1,EXTERNAL
0x03d4548e3d28f6f63806ec477ab379d31cb97165,158514510987264,-225.0,POINTS,airdrop-point-deduct-season-1,airdrop-point-deduct-season-1,EXTERNAL
0x3a1e6b5ad3c8aae82f4536774ff22f89d9dccc85,157947572502528,-220.0,POINTS,airdrop-point-deduct-season-1,airdrop-point-deduct-season-1,EXTERNAL
0xc696f11b3fc8ec590c78b37e60928c661a86fb5a,178630658150400,-220.0,POINTS,airdrop-point-deduct-season-1,airdrop-point-deduct-season-1,EXTERNAL
0x01736f38ffe3952c97f7f8b7f0579e03fe62e560,178630697725952,-218.0,POINTS,airdrop-point-deduct-season-1,airdrop-point-deduct-season-1,EXTERNAL
0xda5c4c2d8009504f318d489961f22eb968f50486,178630657597440,-215.0,POINTS,airdrop-point-deduct-season-1,airdrop-point-deduct-season-1,EXTERNAL
0xc4c50935e98f59e1d2f3e0eb6f5c65630f95ad44,1107020855201792,-214.0,POINTS,airdrop-point-deduct-season-1,airdrop-point-deduct-season-1,EXTERNAL
0x0aec47fdac9b1d2a140697ef47e3616a3d238c5e,7169075604700103505,-214.0,POINTS,airdrop-point-deduct-season-1,airdrop-point-deduct-season-1,EXTERNAL
0xdab363d302322ccde6a24110be6f2a046284b0b1,1107020861804544,-212.0,POINTS,airdrop-point-deduct-season-1,airdrop-point-deduct-season-1,EXTERNAL
0x994cfbab601aa9c491639411a765f1cc54901684,178630652649472,-212.0,POINTS,airdrop-point-deduct-season-1,airdrop-point-deduct-season-1,EXTERNAL
0x46dc1863378b672dcbe63f3e975375ca0bb1e043,7169052754600103424,-212.0,POINTS,airdrop-point-deduct-season-1,airdrop-point-deduct-season-1,EXTERNAL
0x7ff87d4027b7aeeccf1a0835afae4172308fd004,7169154271300103941,-212.0,POINTS,airdrop-point-deduct-season-1,airdrop-point-deduct-season-1,EXTERNAL
0x584938323210c8a0775f704add83cd13b8b6bb38,7169220343900104336,-211.0,POINTS,airdrop-point-deduct-season-1,airdrop-point-deduct-season-1,EXTERNAL
0x9c8090c6cb2c2083b1d5ef079bac372a2fb1e435,7169499101400106013,-211.0,POINTS,airdrop-point-deduct-season-1,airdrop-point-deduct-season-1,EXTERNAL
0xba3c769163553762b40685504f18204effbcce9e,7169007343300103027,-210.0,POINTS,airdrop-point-deduct-season-1,airdrop-point-deduct-season-1,EXTERNAL
0x99c31f8d36d6bbc306c6a0ba933795d862dfd6c6,178630700306432,-210.0,POINTS,airdrop-point-deduct-season-1,airdrop-point-deduct-season-1,EXTERNAL
0x5cd6fbc82a56e72ad847644df18ed06f4c928390,7169032176100103175,-210.0,POINTS,airdrop-point-deduct-season-1,airdrop-point-deduct-season-1,EXTERNAL
0x67c7ebb40ea47cf9463c0ff00aa50dadcaf55891,7168906964500102269,-207.0,POINTS,airdrop-point-deduct-season-1,airdrop-point-deduct-season-1,EXTERNAL
0xe83675b32199985f45b79c69f6363e6e832308b0,7169165458600104034,-207.0,POINTS,airdrop-point-deduct-season-1,airdrop-point-deduct-season-1,EXTERNAL
0xdaf07e13fd3397607dfaff950bad7157b292eb72,7169289649800104661,-206.0,POINTS,airdrop-point-deduct-season-1,airdrop-point-deduct-season-1,EXTERNAL
0x4adc711051e4a0aa49c07f4a5928a773539c5746,158212508934144,-206.0,POINTS,airdrop-point-deduct-season-1,airdrop-point-deduct-season-1,EXTERNAL
0x249e74f5a299e661ab65a23b012260e15b16e16d,7168927349000102510,-202.0,POINTS,airdrop-point-deduct-season-1,airdrop-point-deduct-season-1,EXTERNAL
0x98a74f4936e4eec6c8ea75f41f0e88a1b7455f5b,178630658052096,-202.0,POINTS,airdrop-point-deduct-season-1,airdrop-point-deduct-season-1,EXTERNAL
0xa49637d0284ba17ad3e40f3873c10f479d1926e3,171995310936064,-202.0,POINTS,airdrop-point-deduct-season-1,airdrop-point-deduct-season-1,EXTERNAL
0x5b3ddb2d2fb28a18cdbcf129371ccc10161d488a,178630657712128,-202.0,POINTS,airdrop-point-deduct-season-1,airdrop-point-deduct-season-1,EXTERNAL
0x0822a1dbd9fc5b3e2913020469180a1fee130542,7168874533000102087,-201.0,POINTS,airdrop-point-deduct-season-1,airdrop-point-deduct-season-1,EXTERNAL
0x39ea11d31c83a6716b398b6d66991bffa2dfa180,7169008224400103046,-200.0,POINTS,airdrop-point-deduct-season-1,airdrop-point-deduct-season-1,EXTERNAL
0x8e8f9a30bf688b24bc613cca0a0e63b29ed29b2c,1107020981252096,-200.0,POINTS,airdrop-point-deduct-season-1,airdrop-point-deduct-season-1,EXTERNAL
0xefe7d04b512d39c45af8e5dcef003f4a164053a3,7168842491400101881,-199.0,POINTS,airdrop-point-deduct-season-1,airdrop-point-deduct-season-1,EXTERNAL
0x35e9492b2622e803a4d50fc7826cf6778e3f6e71,158924177395712,-199.0,POINTS,airdrop-point-deduct-season-1,airdrop-point-deduct-season-1,EXTERNAL
0x96ff51c428937cb29062556f996a49d29617d571,194037504266240,-198.0,POINTS,airdrop-point-deduct-season-1,airdrop-point-deduct-season-1,EXTERNAL
0x4f09cd70330a2f29ac121b7b63b68b4e2ab6243e,174383645536256,-197.0,POINTS,airdrop-point-deduct-season-1,airdrop-point-deduct-season-1,EXTERNAL
0x96ad750b6e9d32a71c16266c06d3cfe156a8f4c1,194038005436416,-192.0,POINTS,airdrop-point-deduct-season-1,airdrop-point-deduct-season-1,EXTERNAL
0xd68c9835613543aea4f4c37736a472b561937d0e,7160906344100100978,-192.0,POINTS,airdrop-point-deduct-season-1,airdrop-point-deduct-season-1,EXTERNAL
0xa0cd5bcade6a5fc2a8a05b622b0a0ea82cfcb234,7176434498900107954,-190.0,POINTS,airdrop-point-deduct-season-1,airdrop-point-deduct-season-1,EXTERNAL
0xa6dfde3bc6a7d8c7aa628b604f8a4743b3354b89,7176387608500107632,-188.0,POINTS,airdrop-point-deduct-season-1,airdrop-point-deduct-season-1,EXTERNAL
0xe8bab87536fc434ae9aa65dc4b2dd70025457629,7183565309900102334,-187.0,POINTS,airdrop-point-deduct-season-1,airdrop-point-deduct-season-1,EXTERNAL
0x5a8c52831621f27d207653c26f63579e07263ffa,7176393173700107698,-187.0,POINTS,airdrop-point-deduct-season-1,airdrop-point-deduct-season-1,EXTERNAL
0x8af9521b0693e2bba543d72569c63eab40964a29,1107032187805696,-185.0,POINTS,airdrop-point-deduct-season-1,airdrop-point-deduct-season-1,EXTERNAL
0x7e00598675b1e91704d93db1eb0e9f1fb9a004a7,1106717917065216,-185.0,POINTS,airdrop-point-deduct-season-1,airdrop-point-deduct-season-1,EXTERNAL
0x29b274a172f938ca7cf061db2c5cf7452cc62269,159166234353664,-184.0,POINTS,airdrop-point-deduct-season-1,airdrop-point-deduct-season-1,EXTERNAL
0x335f6f6ad4b0cfa89537d773f219ec2981f57865,7176420205100107766,-179.0,POINTS,airdrop-point-deduct-season-1,airdrop-point-deduct-season-1,EXTERNAL
0x341d260aae821431aa249d05a6a91b1a7df72b39,194038090821632,-177.0,POINTS,airdrop-point-deduct-season-1,airdrop-point-deduct-season-1,EXTERNAL
0x9e8aa53b72d178a12786ddadcffcd633dcf2f546,194037810028544,-177.0,POINTS,airdrop-point-deduct-season-1,airdrop-point-deduct-season-1,EXTERNAL
0x4f3733aeaa9835e7d1f281c3be9f266af81cbc44,194037825748992,-176.0,POINTS,airdrop-point-deduct-season-1,airdrop-point-deduct-season-1,EXTERNAL
0x7d29fb99479f53e4f7f1de31720aecc1e3a2cca9,158220432449536,-176.0,POINTS,airdrop-point-deduct-season-1,airdrop-point-deduct-season-1,EXTERNAL
0xf099eb137f442ff9d23886e82e5027f00ffcb467,194037948534784,-175.0,POINTS,airdrop-point-deduct-season-1,airdrop-point-deduct-season-1,EXTERNAL
0xb49748aff677087c8806e39711697f8ff82194f8,194037514231808,-175.0,POINTS,airdrop-point-deduct-season-1,airdrop-point-deduct-season-1,EXTERNAL
0xb998ed1cb295e918a0ca164231cfb6f281cb4c45,7176323109100107123,-174.0,POINTS,airdrop-point-deduct-season-1,airdrop-point-deduct-season-1,EXTERNAL
0x751c1f38b4f9560685389f6edf5ecc8ffd43e0e2,194037703884800,-174.0,POINTS,airdrop-point-deduct-season-1,airdrop-point-deduct-season-1,EXTERNAL
0x04f972dc6ca1a726eacd66e34b76ec74b2ccf78c,7366853872400101731,-174.0,POINTS,airdrop-point-deduct-season-1,airdrop-point-deduct-season-1,EXTERNAL
0x6fcd3561c603cc72b15357caf59c0e579f5c1b03,3107541712470016,-173.0,POINTS,airdrop-point-deduct-season-1,airdrop-point-deduct-season-1,EXTERNAL
0x1bd6bedec3479af26a8b72e962032e70cf10820a,7176583596300109576,-172.0,POINTS,airdrop-point-deduct-season-1,airdrop-point-deduct-season-1,EXTERNAL
0x14693ed02aa1d19c0f54482972664a2212064f2e,7176561887500109314,-172.0,POINTS,airdrop-point-deduct-season-1,airdrop-point-deduct-season-1,EXTERNAL
0x9107b8a5d2a8e11bd5899ed03651034dda2703b3,194037532295168,-172.0,POINTS,airdrop-point-deduct-season-1,airdrop-point-deduct-season-1,EXTERNAL
0xe57a0925a251dccf3c95359eb9e8d7acbe9e4e80,7176356335500107324,-172.0,POINTS,airdrop-point-deduct-season-1,airdrop-point-deduct-season-1,EXTERNAL
0x8da37ad2f94f26e279c473518fa7c9301c17ac4d,7176545220000109078,-172.0,POINTS,airdrop-point-deduct-season-1,airdrop-point-deduct-season-1,EXTERNAL
0xa4c420969cd3d6880c0641555cf77bf145cc2584,7176474958300108184,-172.0,POINTS,airdrop-point-deduct-season-1,airdrop-point-deduct-season-1,EXTERNAL
0x7cc4f0328a2906aff009e046d8c8c4ed49214911,7176596653600109793,-172.0,POINTS,airdrop-point-deduct-season-1,airdrop-point-deduct-season-1,EXTERNAL
0x9c392f2018765d96c037baff307fd57b3dc07c02,158159655415808,-172.0,POINTS,airdrop-point-deduct-season-1,airdrop-point-deduct-season-1,EXTERNAL
0x538ccd51438019cc6139ed6843d748677cc18cfb,6393598174900101015,-171.0,POINTS,airdrop-point-deduct-season-1,airdrop-point-deduct-season-1,EXTERNAL
0x6555f017285c7c8b2a7658a68a1f52fde7b8c3de,7176354793100107311,-171.0,POINTS,airdrop-point-deduct-season-1,airdrop-point-deduct-season-1,EXTERNAL
0xde67e2a15a408cdb33f6be4a10b3b60d8668100d,194037714231296,-171.0,POINTS,airdrop-point-deduct-season-1,airdrop-point-deduct-season-1,EXTERNAL
0xd9e13c3ebee47e02db0cd5a761803d544513cdef,194037939363840,-171.0,POINTS,airdrop-point-deduct-season-1,airdrop-point-deduct-season-1,EXTERNAL
0x554b48126c09660f14ec9c410b981d6b3d2af7b3,7176758322400101715,-171.0,POINTS,airdrop-point-deduct-season-1,airdrop-point-deduct-season-1,EXTERNAL
0xb909343d23b2e5d98954f3d0ca85fae82512ef80,7176533832700108937,-171.0,POINTS,airdrop-point-deduct-season-1,airdrop-point-deduct-season-1,EXTERNAL
0x67bf13631a59ca72ee64ccaee11b7f3e94b49b2b,7176490057400108423,-170.0,POINTS,airdrop-point-deduct-season-1,airdrop-point-deduct-season-1,EXTERNAL
0x020abb92e686d55338c7eb13c89cb3301df796eb,7176371005200107445,-170.0,POINTS,airdrop-point-deduct-season-1,airdrop-point-deduct-season-1,EXTERNAL
0x9c7a9df7273091d80f61d2570210ce45427021e3,7176755914500101666,-170.0,POINTS,airdrop-point-deduct-season-1,airdrop-point-deduct-season-1,EXTERNAL
0x39b3a1610e3cb3c9112cdcb531e353351e040ded,7176617814700100057,-170.0,POINTS,airdrop-point-deduct-season-1,airdrop-point-deduct-season-1,EXTERNAL
0xdaca431d2847fff9792095c230b2da965fd3cf4e,7176725309900101319,-169.0,POINTS,airdrop-point-deduct-season-1,airdrop-point-deduct-season-1,EXTERNAL
0xd55419331ef9fd291bad5070e523ba7e22be9094,7176601198400109864,-169.0,POINTS,airdrop-point-deduct-season-1,airdrop-point-deduct-season-1,EXTERNAL
0x99fa4d783b6c4be2036a03a53506ff86fde6dcde,7176473542400108164,-169.0,POINTS,airdrop-point-deduct-season-1,airdrop-point-deduct-season-1,EXTERNAL
0x7593233bc85286a17284c9f8db8ce90eb2a685fb,7176701657200100945,-169.0,POINTS,airdrop-point-deduct-season-1,airdrop-point-deduct-season-1,EXTERNAL
0x3750e8d7a3cd973c50e619e7503ae813a656ef46,158531071152128,-169.0,POINTS,airdrop-point-deduct-season-1,airdrop-point-deduct-season-1,EXTERNAL
0x34cf7dad322ad0325c6d45c4a2ccc4f6c0e7113f,7176616323100100042,-169.0,POINTS,airdrop-point-deduct-season-1,airdrop-point-deduct-season-1,EXTERNAL
0x0d057cb1faae2a49aaf05c7e1e6f08a0a0a3d3aa,7176516009200108712,-169.0,POINTS,airdrop-point-deduct-season-1,airdrop-point-deduct-season-1,EXTERNAL
0x0ba5c0e5d5b2761fe75667def43443b434f12e9d,7176323154500107134,-169.0,POINTS,airdrop-point-deduct-season-1,airdrop-point-deduct-season-1,EXTERNAL
0x037e8f4d0ebecc8e69a45abd993220577bbaf797,7176322952500107113,-168.0,POINTS,airdrop-point-deduct-season-1,airdrop-point-deduct-season-1,EXTERNAL
0x617e1815a4a5a6a4432f4dbcc87cde4ec1d3ab8c,7176778374000101990,-168.0,POINTS,airdrop-point-deduct-season-1,airdrop-point-deduct-season-1,EXTERNAL
0x1cf935f4fbeb66725d71b0b7e481808e7db778d7,7176671429300100704,-168.0,POINTS,airdrop-point-deduct-season-1,airdrop-point-deduct-season-1,EXTERNAL
0xdefd1c38f41995af8f0a15f2fda4c14639a47d4f,7176322941600107104,-168.0,POINTS,airdrop-point-deduct-season-1,airdrop-point-deduct-season-1,EXTERNAL
0x8d03ef9c6d88cd05e042ca3807da21fb463ecdae,7176521590200108807,-168.0,POINTS,airdrop-point-deduct-season-1,airdrop-point-deduct-season-1,EXTERNAL
0x34f3ebe89d238652105b4c285b752e44d9cb9b1b,7176612938400109990,-168.0,POINTS,airdrop-point-deduct-season-1,airdrop-point-deduct-season-1,EXTERNAL
0x875cfaccd73695f3766264f35b3456c2f40b41cd,7176475795400108202,-168.0,POINTS,airdrop-point-deduct-season-1,airdrop-point-deduct-season-1,EXTERNAL
0x24c9d38a4bc1d4a8f59a742ab451c2cff4b0e357,7176516984300108732,-168.0,POINTS,airdrop-point-deduct-season-1,airdrop-point-deduct-season-1,EXTERNAL
0xb4f7fc6035c763ee881b1a4b53f3d6e08e8cd224,7176324098600107159,-168.0,POINTS,airdrop-point-deduct-season-1,airdrop-point-deduct-season-1,EXTERNAL
0xfadd36e9aa0d09d980ead7f5dcd66c304ac8580e,7176323141200107129,-168.0,POINTS,airdrop-point-deduct-season-1,airdrop-point-deduct-season-1,EXTERNAL
0xa251e82e21de109304dc6f7cf26c737a11e4d339,7176636390000100244,-168.0,POINTS,airdrop-point-deduct-season-1,airdrop-point-deduct-season-1,EXTERNAL
0x7a99d70587ec06ae76893b8ed60dba3d90d1520b,7176323722200107149,-168.0,POINTS,airdrop-point-deduct-season-1,airdrop-point-deduct-season-1,EXTERNAL
0x24451c543347e2dabb2c167886287085b3eaa8f7,7176644204800100347,-167.0,POINTS,airdrop-point-deduct-season-1,airdrop-point-deduct-season-1,EXTERNAL
0xd96d1c04c4f9670c444a1459fe70d9fdcc756d25,7183652985300104397,-167.0,POINTS,airdrop-point-deduct-season-1,airdrop-point-deduct-season-1,EXTERNAL
0x95d818c409371d2e9369918d043f4b231b9ff627,7176392319400107679,-167.0,POINTS,airdrop-point-deduct-season-1,airdrop-point-deduct-season-1,EXTERNAL
0x9fe1607bb5816a5520994d9813a1a1603a4d0d3d,7176477113600108222,-167.0,POINTS,airdrop-point-deduct-season-1,airdrop-point-deduct-season-1,EXTERNAL
0xa5b767e99526de2426e57fdc85c537666580ebbb,7176436759000107980,-167.0,POINTS,airdrop-point-deduct-season-1,airdrop-point-deduct-season-1,EXTERNAL
0xad7f4e04d5e3c0d679b184991fb4c4e53817b835,7176477626500108240,-167.0,POINTS,airdrop-point-deduct-season-1,airdrop-point-deduct-season-1,EXTERNAL
0x86eea5000e9cfd620a589558b16330c234641197,7176663268600100588,-167.0,POINTS,airdrop-point-deduct-season-1,airdrop-point-deduct-season-1,EXTERNAL
0x572adfdcaba51fe98bef0835181c9a6934e0f3f9,7176372381300107469,-167.0,POINTS,airdrop-point-deduct-season-1,airdrop-point-deduct-season-1,EXTERNAL
0x06f07d0bbafe478a9e8725926f24c2f1b970c42d,7176645415600100373,-167.0,POINTS,airdrop-point-deduct-season-1,airdrop-point-deduct-season-1,EXTERNAL
0x5520c6ae49ac0e0c871de4350ebe427c45566cb2,7176620590700100074,-167.0,POINTS,airdrop-point-deduct-season-1,airdrop-point-deduct-season-1,EXTERNAL
0x0b3a7f37dd431148ea6540887c446c069e59f257,7176777496400101970,-167.0,POINTS,airdrop-point-deduct-season-1,airdrop-point-deduct-season-1,EXTERNAL
0x493624339d509a06fbf1cbdb7bb299b532bc7390,7176731673700101402,-167.0,POINTS,airdrop-point-deduct-season-1,airdrop-point-deduct-season-1,EXTERNAL
0xbac78da976bb712d321a72807d07e6953527d565,7176558782400109250,-167.0,POINTS,airdrop-point-deduct-season-1,airdrop-point-deduct-season-1,EXTERNAL
0x100bc647527551b591fa34eb9afd34c654897e35,7176540240300109004,-167.0,POINTS,airdrop-point-deduct-season-1,airdrop-point-deduct-season-1,EXTERNAL
0xec85b44fa783db217b14201ebb9f18df3c350383,7176322942700107108,-167.0,POINTS,airdrop-point-deduct-season-1,airdrop-point-deduct-season-1,EXTERNAL
0x3ea488eff68629f2f2eaa08513b8fdb4c9993296,7176431116200107891,-167.0,POINTS,airdrop-point-deduct-season-1,airdrop-point-deduct-season-1,EXTERNAL
0xcb3878c824df1dfb4938da1db1d124a2be91e239,7176326263800107176,-167.0,POINTS,airdrop-point-deduct-season-1,airdrop-point-deduct-season-1,EXTERNAL
0x627f44543f2b694bd9fd5ca0fd7d4097c500dc33,7176323577000107140,-167.0,POINTS,airdrop-point-deduct-season-1,airdrop-point-deduct-season-1,EXTERNAL
0x30a98f7fbd2917f6ae35df8e4b511afec9d7fd75,7176758049400101703,-167.0,POINTS,airdrop-point-deduct-season-1,airdrop-point-deduct-season-1,EXTERNAL
0x1d2628696d02bdb591d0f9a01da86f12b4e8ef58,7176584863100109604,-167.0,POINTS,airdrop-point-deduct-season-1,airdrop-point-deduct-season-1,EXTERNAL
0x26045d3d2812dca6dac470809e3f821414d022e7,7176658320500100505,-167.0,POINTS,airdrop-point-deduct-season-1,airdrop-point-deduct-season-1,EXTERNAL
0xfd23c50af72988239c3d0fad24247ca3e39dd8a4,7183619269000103634,-166.0,POINTS,airdrop-point-deduct-season-1,airdrop-point-deduct-season-1,EXTERNAL
0xcfdfa370c35d96a51777a16abcfed3102f887df3,7176609126700109954,-166.0,POINTS,airdrop-point-deduct-season-1,airdrop-point-deduct-season-1,EXTERNAL
0x5cedc62b8896e0f38f74e7ac397e787a9d8bce75,7183661598400104552,-166.0,POINTS,airdrop-point-deduct-season-1,airdrop-point-deduct-season-1,EXTERNAL
0xacf56c61125e8b2793739b03d7cc5f536142ddab,7183637406300104061,-166.0,POINTS,airdrop-point-deduct-season-1,airdrop-point-deduct-season-1,EXTERNAL
0xa1bcf35728632f8b3223102c07a910515af73236,7176425254400107810,-166.0,POINTS,airdrop-point-deduct-season-1,airdrop-point-deduct-season-1,EXTERNAL
0x7d24dd368a5fd0cc8971c97773e26300ad97431c,7176530289000108900,-166.0,POINTS,airdrop-point-deduct-season-1,airdrop-point-deduct-season-1,EXTERNAL
0x126a712d3d8b122c8ccbdd9f1ec7e536a65519d5,7183612026600103474,-166.0,POINTS,airdrop-point-deduct-season-1,airdrop-point-deduct-season-1,EXTERNAL
0xb60e081ba63c674878157640248b17bf2eed3a14,7176764767700101799,-166.0,POINTS,airdrop-point-deduct-season-1,airdrop-point-deduct-season-1,EXTERNAL
0xc0ecf3f764fe525b0a10057b06d137254ad78805,7176490890400108437,-166.0,POINTS,airdrop-point-deduct-season-1,airdrop-point-deduct-season-1,EXTERNAL
0xc8195906291a93451cfa31b4f6df7940502bd3d3,6159235899400100569,-162.0,POINTS,airdrop-point-deduct-season-1,airdrop-point-deduct-season-1,EXTERNAL
0xddd0b55cb5fde4252912382a86ffa9f4b1c2b5cd,7176654051700100458,-162.0,POINTS,airdrop-point-deduct-season-1,airdrop-point-deduct-season-1,EXTERNAL
0x68eee7a8db7aa9318d076b445d431c3fab7b5e48,7176563368300109359,-161.0,POINTS,airdrop-point-deduct-season-1,airdrop-point-deduct-season-1,EXTERNAL
0x1d667b9c521701d1c977b37659105e1c2174a5f6,7176722823900101266,-161.0,POINTS,airdrop-point-deduct-season-1,airdrop-point-deduct-season-1,EXTERNAL
0x366342f5291fdda70ed8e1ecb61f36bd5ae26f95,7176673463800100737,-161.0,POINTS,airdrop-point-deduct-season-1,airdrop-point-deduct-season-1,EXTERNAL
0x5554dd9d74c6f264cd759e418f5b8d1c9380b3a3,7176494194600108452,-159.0,POINTS,airdrop-point-deduct-season-1,airdrop-point-deduct-season-1,EXTERNAL
0x56c8836732182cdde1437bb0196c1c9a0352c93a,7176570241900109452,-159.0,POINTS,airdrop-point-deduct-season-1,airdrop-point-deduct-season-1,EXTERNAL
0x025f055cf9cecb9b6003bdcaacecfc6e986909c5,7176616056900100030,-159.0,POINTS,airdrop-point-deduct-season-1,airdrop-point-deduct-season-1,EXTERNAL
0xe4487d0ba27c9dbd2c1b9435a0ebd24104271800,7176593073400109730,-159.0,POINTS,airdrop-point-deduct-season-1,airdrop-point-deduct-season-1,EXTERNAL
0x9a6b9020a45457381b7ab19acd9eeb258bdbe460,7176547586600109110,-159.0,POINTS,airdrop-point-deduct-season-1,airdrop-point-deduct-season-1,EXTERNAL
0xa49aabb7bf594808231870456bd2228a239b6991,7176375881900107485,-159.0,POINTS,airdrop-point-deduct-season-1,airdrop-point-deduct-season-1,EXTERNAL
0xb291fc0a417d339beb93554d523a9e08a14c8c6e,7176710848700101069,-159.0,POINTS,airdrop-point-deduct-season-1,airdrop-point-deduct-season-1,EXTERNAL
0xab10ce4f314e16d0b6ee4e4d55f04d320ff3b2b6,7176701865000100951,-158.0,POINTS,airdrop-point-deduct-season-1,airdrop-point-deduct-season-1,EXTERNAL
0x15f78adf382dd4ff5a946b85b03d4cb2d6ab6572,7176537074300108973,-158.0,POINTS,airdrop-point-deduct-season-1,airdrop-point-deduct-season-1,EXTERNAL
0x18aeed870ac18281248db9418bcc4e5672d3d68d,7176564365700109372,-158.0,POINTS,airdrop-point-deduct-season-1,airdrop-point-deduct-season-1,EXTERNAL
0x36683b1bb17307b9f6abec120f63529d1c6df84e,7176717453000101126,-158.0,POINTS,airdrop-point-deduct-season-1,airdrop-point-deduct-season-1,EXTERNAL
0xafe274b630a69dfafb39bc9fe6a789da494a8600,158348168437760,-158.0,POINTS,airdrop-point-deduct-season-1,airdrop-point-deduct-season-1,EXTERNAL
0x6bf56d46214ad0a6c473934ff21896f875da39d1,7176441650100108008,-158.0,POINTS,airdrop-point-deduct-season-1,airdrop-point-deduct-season-1,EXTERNAL
0x6c3c3ebd0f9ae5af556b2d4e8874bc24520e2f9d,7176420237700107771,-158.0,POINTS,airdrop-point-deduct-season-1,airdrop-point-deduct-season-1,EXTERNAL
0x0c6d8db3ac8ed6dfedec607e0e00d39acdf6ee0f,7176807596200102526,-157.0,POINTS,airdrop-point-deduct-season-1,airdrop-point-deduct-season-1,EXTERNAL
0xd78518a88ecea20b423eb7d17ed84442ce962a84,7176726861800101345,-157.0,POINTS,airdrop-point-deduct-season-1,airdrop-point-deduct-season-1,EXTERNAL
0x7e67defdfbb22395a3f66143f7e697c723964359,7176565286100109392,-157.0,POINTS,airdrop-point-deduct-season-1,airdrop-point-deduct-season-1,EXTERNAL
0x08deed53bbd8b44968dc0c320699706e7b233b50,7183692258900105167,-157.0,POINTS,airdrop-point-deduct-season-1,airdrop-point-deduct-season-1,EXTERNAL
0xa506b43a40277cf966fe15f3e0ca425d847a5375,7176483802100108346,-157.0,POINTS,airdrop-point-deduct-season-1,airdrop-point-deduct-season-1,EXTERNAL
0x2030030ec75cef4025f7b04bf80706dbc51fd820,7176785185700102097,-157.0,POINTS,airdrop-point-deduct-season-1,airdrop-point-deduct-season-1,EXTERNAL
0x12c3e7d82eb7d92d1e315d249b78a637bdab66a8,166426595266560,-135.0,POINTS,airdrop-point-deduct-season-1,airdrop-point-deduct-season-1,EXTERNAL
0x9f31cf878831bb1a720774ab27e95496ef0bf34b,6303516121700104843,-128.0,POINTS,airdrop-point-deduct-season-1,airdrop-point-deduct-season-1,EXTERNAL
0x987befb791a33bf57bf8c9351f5f27822cbb6a0c,158182198534144,-127.0,POINTS,airdrop-point-deduct-season-1,airdrop-point-deduct-season-1,EXTERNAL
0x05255253f4f25e90f1d3c6be3409bc23219c87c5,158144439005184,-127.0,POINTS,airdrop-point-deduct-season-1,airdrop-point-deduct-season-1,EXTERNAL
0xc9c5bb9a214673221ef6ab622aee5b74dc1b64cf,158164951420928,-116.0,POINTS,airdrop-point-deduct-season-1,airdrop-point-deduct-season-1,EXTERNAL
0xa6ce5fb8ee069baadd0926a96b633a69092e1484,158214903783424,-115.0,POINTS,airdrop-point-deduct-season-1,airdrop-point-deduct-season-1,EXTERNAL
