user_id,address,balance_result
389237510328320,0xa3d5fd5227ba8536fcfba6100010f09e6835c51f,1000000
6156810723800102096,0x8c6cca499d53fa3a9e062165cc26c8699fe3c9a6,1000000
6159234141500107261,0x10e52e5f2051fde001b05f96022bef7b4e46f727,1000000
160661641793536,0xedb106c9e5f429a296a94c56bcd797511836c350,1000000
160981638512640,0x9adfb11af29666298771fbb307123be7825ac403,1000000
196315733127168,0x4e9cdd3b8cf1e952a0e17f50c67f68e480788904,1000000
158263549747200,0x3f9cb04c52dd73970d324f2383114724480d479d,1000000
179855912722432,0xc77133169C5d3f6f8e73a4116eb60304AAC65C15,1000000
6156810704100102061,0x18be1b64f17bd4555b2d8b806c9182ad64d8fe81,735113
6156810705300102063,0x4124e726E6d4C7C0685C6A5E8cB263Cb8b1B1505,735190
6684165517100105197,0x9d88fe890FC781F692c256D6229aB37a35d54Cc9,613903
6449398056000108453,0x70B6BD8FD04cAC4FF5816fb2fa27f15b5209ffB6,597970
6684192344700105268,0x38Bf7AB12658F3a514809faf80B1E9fC7ca7AC87,488063
159444857671680,0x59bad2d46362701516bf9d0a8eafb498c6420ae5,457292
161836424851456,0x377279Bf225152AF567Fb416b57Ed505Dd618636,440968
6684169298300105204,0x82027d5076bB0725724F4aD3c12c6b43bB39C2F1,398882
159510239100928,0x2f85519624cfd2f7f91f02b63d4abf4b9efa6734,393891
159210921218048,0xd2aa404d6b704dabc06565e4f33e89a31f634ad7,369128
6684179354500105230,0x8a705EFAbF831a81BcD859b5c1F1FB8CD2fdA2a0,348481
6684176126700105219,0xB2b06c9Dd222171898285ca2bCA299C5527B9a95,338923
6684155280600105172,0x76F0FaaA35A0cc89d9194e499A6c8D09bD1CCfa8,316999
6684183510200105237,0x181089Ac570054eC939ebefDe537e0BAE002dE43,305358
159187058655232,0xD5739486c28D034CBb5DD4281ddDdC7014D5315D,302422
6683854737500103750,0x54f6FF8FaD0Ab1a8afCb4697b796763bFe39196b,291718
159016710197248,0xe95f9c3619B2d921E56d642c0A6688A4885945e4,265560
068572088905728,0xF484b4d5b3105C6fDA826dC605313CAD17fb6C16,264894
6684162027800105190,0x14bb219B6D1a38E115752500b8ec54aa6506FbbD,259438
6684150700300105147,0xd23FBa03452557E141Aac7b40f8c2D6438746163,257416
6684173114300105212,0x9abF21AD5adBB786B0F360c2b4E973ff1F0Be223,252696
6156810771100102168,0x7869fb5aa1f4e93c6f15997ec9b9190cb9dd0a2a,243786
6683848873600103736,0xC8C487bBF982ACbf499756122D68E59a2c7d00af,231072
164162560475136,0x0a5fd68be1c0e5970daad35cc930a273d4683047,221972
6159234087000107163,0xbeaf30b79002c46af48ffc8c449db7c83d2dde9c,217436
6684189520400105258,0x43a8ddfd4D1f7A20E8243C8E0dEb3aded511107D,218053
6684196598200105275,0x2aE18E48e44452199A0Ea5c4389713a799219166,210428
177517863706624,0x5cde0ccb7e21ac91dcd4eb4b73fc0ac32612b453,192535
6318410648300102668,0x3e5281e4df187cc764d63cc5dc257a064b298504,187489
158158212513792,0xe34acc68c63d2fe769fd7a248fb6bb61ed9e5f89,181551
159582096531456,0x24C7418FC52B5c7ea532c8BC2ab282baDb1B36eC,187631
6684146556000105092,0x85d9c5509aFa2b6BF84862240948F4D7aBa9a2E6,187476
160036332793856,0x1245780563149dDEAB2FDB15c1ffc28E210b5680,184189
177612386566144,0x454E66F0Ae61AdBf6d04cb429B7d5Ddf78cC715B,171151
159041695535104,0x8f4d466606f280c7402153f1f0101928c1819dac,161172
6511745774100102824,0x63bb0529E616FB58Ba5893dcF93B1b6429D387aA,168790
6683851717700103743,0x0f8B19f95512BA469348ce0F9283e89424E2a9dE,159460
6267802366800107970,0xab833e38a35164c9edae07b9747ab6d32434bef1,151067
6683840130700103720,0x2FE53ba0632D9fd38D575d1E9701634007864c0C,142997
170574764511232,0xf715ae46dc41f2686d0d7c5a5c782150ea299b3d,138326
158373222400000,0x51aef8792efc68da8b80529636720235b2377271,126572
6684186391700105245,0x6cB54c6053Be264c828ebD51c09b6Dcb40a9eFcD,128824
159149727526912,0x44604bb3a940e93e644ae03a96b876df1417f750,124231
6159235322500109482,0x61cfeb14f185c911464183153bdf59f9071a1b5b,119216
169925008379904,0x17150027ed7c68cdc24c6e2515fee911b4f77c34,120766
6684158706700105179,0x7AC45574050D5CBb9b15198f84De223Ae2E905A8,124841
158359118221312,0x8c410c293db95a9736335de4ccd7910cca2da241,109839
158380108673024,0x0a5634fcd02088b04ace88c29ae4bc2fe35379e9,109427
6683846226300103729,0xED8134c261CD6E2F95C3908C243d18A5Cd3Ea63a,112364
6260299133800100106,0xf815a3a9a38b88d76df1c8fb9bf3f6a1cd9979be,106952
158861501067264,0x08Bb5aa719123D787BDD3555798b809644F03421,111160
6278163572100101439,0x2da16d778cfde3c174a3cdb9a8d92ce7c9b594de,104929
175906092834816,0xe711f48C9Aeb6803ee4E06afdCA0e470C6469f8C,108324
168628618338304,0x0f841dd3bdc2f8b47c1fa435df2a274d2dd858f9,101067
3107314361643008,null,104560
167681478590464,0x5D58c29164858aE939704B0c01729cf2e28c03fa,103900
159585183023104,0x559d3292A1C383920797152cbBAd45903A6b4ed4,103422
165605844025344,0x9153e9d01EF6DFf2A7D6E0e3DC6313a8e939f5BC,102586
162107436134400,0xc069d0c1cf3e4f54fd638c31135fecc2518ed099,94372
166444468875264,0x8508ae9177b6cea8e5b95e9eb66c257fa5189ddb,87644
6159234090500107169,0x4878e0bddec9504d25478c3cee28190d285030d9,87509
158512278425600,0xf1d02ac5085d4c2103087d2e978da76a5e5cc5eb,88584
6159234949200108784,0x4ba6cc4e80806fe8fbcfa1d768b1b5b1a3a20832,83374
158319620063232,0x72b1bc1640c0b80e0eb2014cab7bc5824c8aec84,81066
158406246838272,0xBCcFA11b09F67B27d38a7CF437f45334A9b4f9DA,82751
174932026695680,0x6726a23340321Df0C8CCbD5F08475f37C63a885E,82144
159205619630080,0xe5A3b21e08322C736dD8824267A863daEB55f7ea,81576
2107317405843456,0x57cb9E2c44F79B162672Eb04937d4D8398fa0bed,80196
158793767440384,0x59eee5c4f34d0e9b331f8ee90ac59b469d5997cc,73731
085443017457664,0:137e4268b81c5190709a589fc1b7271afe553fcd8fcdcec75b95f4040519953c,77115
085399662694400,0:a0698ad4375fe5ce7f069e6b5d8859901af9ed24877605d8acfd1e5d748f0bdb,76938
6413230248900101630,null,76768
6264078150600102398,0x4379c690D5Fe11C400a28e0C9077EE50094F0911,76601
085388216414208,0:0863354481fc4b30ccefe2342521fde23de822911434466ea2471e6a704d74d9,76265
6463981841800106708,null,74714
6456611667400104756,0x9e2A4bBb27507126BFDccDD12b36A49c2bA94Ec8,73911
172785752809472,0x67825d1a49a1762350f0e7866bd2b6667c74c155,63554
6159235377000109585,0xb27b793a284804370fc2e1f77fe7c65e5db08977,67730
158276468846592,0x97C9828Df913ef7220526A8fb73cdd74Ccad2b01,71896
159093219479552,0xC33C088579f1c6AbF1521DEa7AC9C8b4c89c6fC8,71083
6156810751000102137,0x2306a174e5fc98adc0f2e8759ae4cde6e4c31a09,66556
6159234053500107102,0x5245b5954a75c85c6c7c5f68e9db2477b626c385,62012
3115636868521984,0x1612248a020006e2dee5b06e14150fd562e0111e,66077
6413879968100104605,0xB01CeCC943E4016A227Baf781Ec1b8A06C919Ca1,70583
3106694763859968,0x8e6a1c36c40e8bfca37ecca5b96902e5d01bd037,61635
6159234287400107536,0xD249E4808deD7D034E758C6cFdFE4B7F36D50666,70335
6159234205900107386,0x13b72f35bf2f1210d84a1345c32b5ded4a8979a3,65387
163389128724480,0x82b001d6098ab6Bff5E1ef3B651D441BAcCfe2ef,66935
168227983958016,0x5b6BD39cE35A2ba94aFF55565b5c4a764179de51,65648
186376942567424,0x90d73B1E6d1815e5bca4A8e3Cd0A59467BDC6e1b,65079
172382673723392,0x333c4b621f79bdfed3a57fd9e9d69cc20678a31c,55934
171180299563008,0x5e88b6140ad3347b4c025d28e74a4c96dfc17d6f,59585
6440888951700104468,0xeDe41D250F88117e057fd3340Ca30857aD44f6F0,63601
158361994153984,0x7e7d882abb417918dee9e1be780f48cd65ff7a8a,59288
158276869763072,0xc66c23D2F15A7Be2b25D0514560848a58aeDBA94,63492
172423080374272,0x9d2313e0e07a703b051ef984fe0f0b455405944a,54546
6274815630900102034,0xd7a5ea9e8c52bfc1f78b50ad225331e1c9139f1e,57609
3106800959819776,0x1307ab404e65818318f9590ffd63ea8ff1720c8a,53200
086642012610560,0:7d8f4a457e93e07f2fb6fe5302ed1e0b2ccc8c38604871bb812370056e8cafed,61373
172436692316160,0xb073065f0199fd87865cddd3027b720dda1bf691,52525
6397757173100101890,0xbe8868e1071a61AbC3816D6627462CDC6008582E,61106
172426044542976,0x5f9cf8f84c13694f15d239e755ebc1c06b0b09fd,52053
160651854401536,0x78d70387e6c0d56c3acffe11a73d9e3165723106,56316
178811444998144,0xf32f0cb843b7e9a5383d2040314370b3c54cdef6,55767
086856433565696,0:c4f2b76d7efabdf6292c341e43c0a57845c6c350b249b2066d7bfbfafd99dde3,60200
086867786620928,0:d9070cbf6784338fea547ff3aad7570118088024f3d6b3d328e0580b20e1ff57,60154
6159235585400109976,0xF96feE6b24D03665Ff3A64Ec8D56120397f51Cc9,59718
6499588120600109453,0xb99082d8E11E8c619781CCaC6C80113F46334C75,59611
172785735139328,0x47a80ce840282366eab11cdd7da07ace38aadc14,50481
087313155063808,0x8365dEDB268E223Cb2F4004FC52280CeFEe34373,57845
158318037372928,0x60d4cdb08203d2215833f262a625f3a127423b9a,53236
172428469600256,0xcf5d0bfa17854c52a856dfef72eb2076a7acc978,47946
6683484239400102556,0x7540fC44B58fb918415D5D05522D3bf985f8D624,56142
3109895128621056,0xFA2507144e7E216ccF1E0E8f0177B18D1474191A,56023
6456655195700105036,0x5190535A3d67875868035900F5876838A12AF69D,55725
172766410203136,0xc0abb64f8f7ebf7152b14a3098d750f08dacb37f,46555
160605643382784,0x2E0fE936157BD1031bc5444CDeB2655904c1385b,55307
172814510764032,0x74ba7c37a15248eb810726b6bebf24af390345cc,45705
6283089977600100826,0xcc882cf64a8ac5d7ad7876490bfda11f47e47124,49775
158307555893248,0x0f1c8be4c81bf43a70b1b7e1ed582c5115c15fb4,49633
172814516400128,0x21e19094e5c2592b02ca367c9e326c35b1110a3d,44325
159086506491904,0x908407ddee1da8a1e02b8cdca2311d4c5a4bbc6c,44129
091028751585280,0:68d4bd9c3067bdfc9364747a88443c26e3d9bc59e359a50a1c0515044364d42d,52906
6683082122100101474,0xb72dDac09eeb0B468d48705c7a38402833587C1a,52844
6440142524300100898,0x33162554B708d910042687E5691e205C7496D6B7,52717
6683614009700103043,0xA3f0D3a720dd63eD2c284CA006b3d3Fd63A62523,52542
6500899340900104549,0x71B04F99f4697C6775013b767a55A72ad992E313,52318
172836793798656,0x10efda21e5fd3e548a55dbc56badef7cc3ec2cf9,43106
172766402756608,0x8b2860ca5159c44ad1ff1b9eda380fdad2d506f0,43045
172836788637696,0x85a9493631784cbe6dde7785437e8bd162f07b59,42622
160486093217792,0x2A306022ff6c2D88122A1c1FBF7c5ACEb6Fd723c,51266
6414628587500108493,0x131820D1DAeb3C99FA159B52Fd68a2F53f123C6B,51067
6283204993000101431,0x80935146a3ae79a8fa15e2db3001d202d1241768,46516
158253018267648,0xdc84a4a5f6438a1b4b1ba271488311b34c5c9bfe,45419
6463010312100102056,0xEF1EEBb181493aD196F5d2163254C6956C002062,49259
6302783240500109453,0x2012e7d3DD25ca77BF5e5e3a9b516345E65E1769,48580
6441444333200107128,0x0666740F6Be0199645bCDA64a67fcb888E68404C,47829
6290993717200100233,0x299995fd6f7bafeb439f3276b547922402601b2f,43188
3100438402457600,null,47191
6683722371300103400,0xaA44a7CEC13306bFE71415D7Aa8C860ac1254D9E,45558
389288267431936,null,45395
6159234081100107152,0x429a80a58e0055f0898eea5ecba20bedc8021a29,40429
396038938836992,null,44854
158337188859904,0xd686e2e60c01694f252553fdd6ac80da2f39f35d,40260
6159234299500107560,0x7E551cceAdBF1061b60Dc072ce2cb21B0EA157d6,44694
6363125669300106168,0xcd3e2cfd3f4a438f730c48b805603f9aa87d438f,39511
6156810728000102101,0x2F9cAD8D0f2E86f709247F540472C17BE8d72756,43746
390626534109184,0xb47f75b1eaab9a732b5fc6d9649dbdf36ef4d6c8,38560
158121174351872,0x45c6D4Bc13552433b5fE3EF3dA1b2317065C60cf,42445
6441092724700105615,0xca2Be3517528C7F43a3b15d600b68f1381c26b2c,41993
6159235105500109076,0x276433E93749dF9D9496bf807c57Cd389344Da65,41234
159216011423744,0xF6cfcC755B18Ef51457aC04C892f4486655DE3bD,41052
158561004666880,0x3b48ec27ad2b0934c9741529bfd5694b2f7ba856,36678
6683783655700103579,0x5DE44ac80bB742fbee9dDdb0b68bb29c3C64f166,40838
6264426454100103410,0x1d2c20d26327a180ab843c88cdfe413759762094,35443
6275253822700105636,0xa374550a93322c34598c9a5a5358d76a8ddf40e6,34801
159951543218176,0x444587b91acb6aa570cb6d80e4d0913d35b10598,34176
159328514924544,0xd6191441f069ff03d6d44a362d684882f5374c1e,29621
160711754948608,0x7c70686088221ee68d2d66bf6667105fbb01908c,29087
159147966840832,0x6AdaF3d3A978f3F8bD38dc4486A886aCA913D0C7,36701
1106973709729792,0x22a8d39ef6b62b76a8eb8f16116f57ac061a4c97,32026
6159235251700109345,0x3Fbda6fd925eDcdfDe023a2c11FC6FD9C90462e7,36050
3107016953401344,0x8b8937b3f7af69354c3dc90f6c0ccc04c08cb25b,27186
6683369061100102203,0x74AC283ea7763E7cbb5321744B36Fd2d3BF2Db04,35735
159400370794496,0xc86fAfe0759dDC1790A7F263184d1440190c76A5,35731
159331208835072,0x258b355fc8fa8a2d7886076fde0527c2d18ff4e5,31322
159316724690944,0xec5bddb1d987d6bc5b400107b305794922e64b29,30550
6679969322600103429,0x591a00154A16a49011ef37CeA0EaaB7506D3e174,34869
181301117263872,0x6f1F58532ad491919e314a902e80A2b4eFd743b0,34142
159315119087616,0x5ca39925af348525885cff41df47add5d0378361,29170
6405600139700103729,0xF8FA21783e23B6107616e9Fa6dbc504D618e2a82,33689
183729852485632,0x41725116715e7dcac092f02b6127a4c54D29241E,33610
159316739784704,0xe3b6a486bb7143246f0ab52f1b64aa9a381c86a7,29026
159316737511424,0xbf185c104196bebb0f154b45dc4a2b2d4e7f8753,29000
165288273764352,0xf200147083ed1bD98d542E39f1913bBb9648Bfb7,32925
6407504173900101054,0x53f7416fcC55A7488Dac019dFa7866e1f3138F9b,32795
383037285412864,0xd26a110abe3164c2406a713a3ab1bc9f765a5ad7,27658
163292730310656,0x63C1AD57ee8fF80169df268A51F4E5aE0A044E54,32159
158546708750336,0xE93c519cdfEB8EfC801b471e9Fa063c1fc248b64,32027
6338270869600103700,0xbb26732f71e7cbe3795cf33d2882bb3c12226b30,27429
6156810722100102093,0xD8072C8C4F96A17E9dc4E38252814fC0E90B7269,31364
6456539370900104207,0x1Af7a63F2FEAE5972449269937f15c33D7D1CCFd,31037
6472821477100103453,0x1F61677f419E597640063Fd93CD1e6e7153D5aAF,30426
166407776210944,0x62973eCfD810DA59Fdf29E3AA3cADd6E5C226AFc,30169
163218413363200,0x9a67BB26E9339381e0Cb8Cf74a95bA366D27bBdc,29152
190593678692352,0x3d97905858bc62bb6d270e44b58279cedbb5c01d,24756
158226036477952,0x8F3D05AB8945654fB43Ab753Bf91Fb83759249d7,28963
3106711044456448,null,28661
162569170259968,0x7d862f70e037F1F7aaC8BB9Fca3567D991FDe380,28518
6456539299800104201,0x29cf65F5DC93959E8bAAFcB4814aC8c7Ebe8A8d1,28310
390236692803584,0xF130EBeFA9A1c4203c255189db1F331C27032A32,28129
087560536870912,0:c284e0cc79f9118e37d0b62074bcfbc96e2b9306303cea2f21da43d5f9243ea2,27937
162612715700224,0xF8852b9C9b90b67D49834CC7B519ACd3aA7483b0,27731
158611660771328,0x547E230C1A90C451C9c76A6bFeCB0e7bA15f1d93,27318
6406242358200106046,0x525eD09145BFb848D4112F346B4ad154D65a4C78,26554
6406409654000106695,0x8AcbE1E88c1C4D3D81901EC59A4906D06B4dC400,26531
3106866513195008,0x490b0ec983791be8aa42b415b5926373be83f431,17388
158278680600576,0xa05c61521c1ef0c9a2f82f44f24e4732bdf45d92,21649
158328606928896,0x1Ba292fd286037B81Da9749aD825C60d873bc2B4,26043
6159236269000101267,0x192c8ed3d3e1dc327be51786895277a17d400450,21608
158324560707584,0x5912cd486053666ec346c9c0AFA11Fd0843AEb0F,25355
170825704071168,0xE9cA4f822007830D41bD002dd689105965649826,25339
6394725557700105224,0x45312E13e1A4df3ED15254b9d3e79d0D1Ed8d8EA,25253
161000039497728,0x0B57eF8847D8e30678b68005880406FF64b57d7b,25183
6456555382100104255,0xAfAEeBE66fB2Adf4Ab6156B9Da95c768788676eb,25153
199195347046400,0x7455128a55525fcc37d49d32ff3d1cb04b88b1a2,20559
168182244937728,0xF52dB8EbE8428d49888E9cEb1AE8148A3Ea7b1F4,25088
162561881067520,0x8d8d61B439F329f688206581Aa9c135B95a990C8,24932
6260256847300109709,0x06fffebd5ebd97329da366b80f11e7a4b858ee47,20272
6456548699400104242,0xcC251bD67e7EdAc9EC7bE619205c9a177F148015,24807
171181239631872,0xcbC135C4A58ccCC2F9e28B6e963170676bC8A6b0,24769
162474489401344,0x03ec67675a189A33Cc633821bF6fFFd3f21630B3,24680
174941203886080,0x768144B29ff8e3CbFcA51D96b46f2cF841FDb1AB,24452
170844925321216,0x008860aE60e578d6A0F6d26E02334B72b03E0Cfb,24375
160584009412608,0x6bD17d08d4a5ed039D805De386497e56A2D86730,24117
158445232082944,0xDe2e893F335207D0c7a47F4eC77A8baD31326Aa3,23961
6406242218300106036,0x9F752A43b08977784C8D59278d41809FE869A88c,23740
3106731181801472,0x4e6486661c4bb47ab833d2a79e297d8ad61875ce,19180
158378761568256,0x9a1d7dC6eB6D40203a9c4ba0077790b1B3586226,23555
6405869207100104937,0xd4B9372Aa34D19226586fFe6DE11A547dffd2Ee3,23535
174399082147840,0x16AA3DE80BA3d35729C143d2B6600A40E22BF44f,23337
162530987597824,0x3964544F9fb67B5Bc1c36730f7bEa5DfC4B72050,22907
158551807029248,0x71bcee31054137448e78f2e28dbe3160aae3e235,13743
6406409074800106677,0x90A366e51D0Df769D91468DE803cbdB60548906D,22547
170822659043328,0x74c92DE56aE056a4182e2Adc2238340153f8B128,22438
1106804064288768,0xea6124638588c5cec4a0cb7709de1fb2f9ae5f16,18157
6406408823700106667,0x2Ac83DDd83EEc0dD6D42997CeF0479C2778327F0,22408
3107369080393728,null,22316
3115636873351168,0x4FF6aF3875B3aA16d430427287787B7D4184818F,22315
170474155966464,0xF0D14f2Bc4638EB9f8a676C74B1E51D7ff3759aD,22309
170847784226816,0x26Df5D1D74ba4D4F1876ffE28af00AA160f1e10D,22142
6456557175600104265,0xBDA49acD69df6F6D2F07783f7026968420044b34,22111
6456539471700104216,0xd0b1b39e00D0E9a67369210b1eB6722e52bC1583,22005
162817374248960,0x592ea15175E29c35a5106aeda0A5E136E9701cA9,21891
6363063831600103802,0x5905c4c67bae89aa343ae378fc26ac2d2ddc01f4,17130
3115636876070912,0x78DB2C91186694aA8Ed10d7A7867057c7488d595,21350
170819508490240,0x816bbAE20Acd699C1743E54b21504d66002A5C25,21264
3115636875341824,0xAaBf14b1bc9083E3AA4D51EFacb01B6990E04b11,21235
6159235070600109012,0x53d2B4Aa381B9fe8ba95E6efcFc9A44E1E511188,21119
6447909406900109482,0x6c6ba054F9657CfE7c46dBbc6082Ff2Db817c1Cc,21073
158515607855104,0xFc20E9aF61AFde26FD9a40162751F9CdCe30cbAE,21034
3106686674018304,0xcc57840e7e89c463472ba6111f7f2d4ff0ee1ecc,7914
6405869056000104932,0x3D027332872e80eAa82D4961de76E7B4f514b918,20977
158217127481344,0x91c7C2F0721A199344D57c1Be4dE507ef54c8128,20958
3115636870610944,0x041A2F798d02399Cce0CCE36E63AAeae16BD4693,20907
3106686460829696,null,20748
6275906323800101021,0xB2a9d4f7d65447cE58049923fC194f5357b633B2,20619
170171673808896,0x3F34C2aE65d202E47a5aEaff4097D5135ed6EE7d,20508
170846971236352,0xFe60bbcdB4aE799b711F57734C071791fd297005,20507
170800892190720,0x41FA88B6D0f6eBbeaaCb23dE911D0c659aea78fD,20387
170816862810112,0xaF8EeFcA66dE204fB6c519158eB21eFA4c9B89E9,20296
3103244773937152,null,20233
170833890799616,0x1396BcBCF180D311395D74261CA5C8044995FBDe,20022
162817348214784,0xAe86999F1cdda2Bbd6fe828944E7f9475B9f806C,19997
6406408812200106662,0x0538f0642DAeDa62F9B19b8EA96B4057AF410a45,19792
162049740247040,0x3882481281cb3f7ddcc5619763cd0437f02e8805,10978
6275906817400101036,0x04e96477fe6e59F33B3bFD42cED60Cf820e66f92,19751
6456558752700104291,0x3524d2D60dAdf3BD1770C982E4575ACDdF753DC2,19721
6159236167800101075,0xdf7875ca3a44309576bcc91a5d8886534ba0dbe6,15035
170479732940800,0xb2e1a494F50F496C4feAF5795fd0ecE68c24a9cc,19509
159618617806848,0x22D8E1f2730b1EE9A6EDefF95d311a9F68411111,19379
6456557268300104271,0x4AEa797124B1e4742533B3428787b207774eDF5A,19332
170477968801792,0xEcea66CcbEBB7756492204128cfa9A52bA56a2e7,19143
170481038123008,0xdc242Db1060eD66b03CD73C68dB3729ce1b303cE,19115
6275907060700101043,0x3a176E6eBE8240B6B317848f35843861b9B21e90,19005
6406408741600106657,0x0F7016e82F9f3e18917319BFBf6DF7eb75a44967,18928
163317384077312,0x2bBa4D4C0f60eE017A66D3c6064b3077015FD9cb,18885
1106745701109760,0x0d659056e26916e090d4702383371a5451e3dfcc,10054
1107016569643008,0xe1c203775e55884f8b0386766aee16b4538f3309,9891
6273578546800103267,0xbf58652fe7e6e791929450efc14ffb2a95fd6b38,14041
162029475573760,0x602b62182B96fD978387959E2181F756DEfd1635,18577
162893932781568,0x108D36FA04115EFD6748D1fbe8eB7c1f4F4E394c,18490
6406408892500106672,0x0fa5B4840849fdcEa8605d9b11d26bd6C7326D12,18354
6406242108900106031,0x12940d257989a2c7b44d8D808e3E5F1d590F744d,18336
6413851698600104525,0x7799A3442d8188ef43096C38e91f7dDA3031D808,18221
1112914772254720,0x7523e1029c2514f88aacd1a538028d179d0daa35,13557
6275906547000101029,0xD4119f3a26C07E22270AE179FA66fe3690A9d418,18059
170482438168576,0x645134C49b2154ad4a7892018d2168DB2D8A55A9,18023
159566709174272,0x27e7dc8bc7579836ca8d9367387c84632c33ecf7,13480
6286320527400102847,0x7c4997fd0393bdec92e0a194ce2e78afff6e2e96,13441
6159234457600107863,0x81ffd08075429f9657A19F27Df6B78860167A976,17864
160352006483968,0x683F4AEad096543F108AF18ffAC8CA30AA52f11b,17825
163386267709440,0x82505700378316a8359dF5Ec39aB979b402382AD,17804
170831486783488,0xf89ba003A838ddC86DAC2c3c4960e601bbcDe73c,17784
1107052920311808,0x80d9ec77ef4A518BE786718E8B06921eD276eABc,17773
163472773529600,0x12E626B999134627f062DeFd694b2Fc2F3a44daf,17561
162923350409216,0xFDf995b1F6E0a01cc75B97a91DAc378a5f84871f,17450
6439519046300106353,0x84721e8B3ea3d61a43d713BfdD262961195d9B3d,17408
083438530019328,0:df44924dede3d39cd41cb201c4c196a2d96c207033bf31a470a0d7947708088a,17376
6347137333500103179,0xbD502B2453D193042e623Bc7e3D51644Bc466727,17295
158293852291072,0xf4de631F577c6aEc03e1d1E55aEE1c8C9Af0A601,17201
3109216511913984,0xe1d7eb25d7b71aa778e8fc3ff5fffc7f0c92197d,12607
6413137108000101249,0x0468c0DA5FD5164dD9c931CB7C73b10B8fC814d6,17088
6406241764000106021,0xf5cC159b732336Cdd86A2dB71A1B4fA653ac399b,17077
159299740917760,0x0e0b6b12717d029047bc039460016782ce458e0e,8056
162406085578752,0x7C9efbFb19754F2c0CB0Bf0B66de221C90A850fD,16787
6406458151900107515,0x535D2b3F672BA0808591287B2AABcA8aB822F4aB,16780
385412978741248,0xd0428711bf3a7125282927a143f1ff55bcac5482,12237
158284576358400,0x55f8fd1dda04b035b95369c6a9e08766f164dbb2,12174
6406241877200106026,0x5B08Dd9b4c9187183371B4F4AFDE6a56Fd186426,16620
6156810777700102179,0x36d4B81c8Cf4D0676cd84fD1bc331D1719d9bd7E,16608
6159236160800101062,0x6a07f5Cd2349A13D213A81AbD3c5d44D7080d660,16349
6406248018200106084,0xB58c76c0B9a9Af6cA5259C1A03c713a13E97729b,16034
089296286322688,0xCD7cf563e1451366fd2Cf8B4b6C021b2fce71C6F,15935
158827928092672,0xeb7a089eA2b36d3Be76D22Ed41995688019625a2,15926
6156810771700102169,0x6aC722dCE77b1420a143187A648A05e4D45a1562,15744
159128188923904,0x84D0F8e334d0A71E01A065D433EB0DdBf56720c1,15680
6159235604200100013,0xE6F7d15d3f43B88A4c8069Dcc4951bF376A2018B,15448
179426674196480,0xc5b6939b9b4660f269a08bdf7a6f8f4d27a00c78,11007
085944198017024,0:c9d3f8eceda0e98afacf26f3632dd3a245ca1e79f8ff04043e0d6907cb4ffa3b,15265
158570378653696,0x620df7de4c1ecf500357b0532cf9ddf0165ad766,10639
6449496846900108804,0x5d36B42463DaB8c3B0C96592281F4631DFe2Fc87,15161
6406457843200107510,0x54a0bB662EFaD554be59090396bc550327F84186,15159
6406244159800106075,0x43F5f5Ee19bBE99C28609BB0E1Edc7a034462b7b,15138
6300473045300103517,0x276e63998e947669d7f39bd8df21b108866d7b0f,10564
1108051438170112,0x774058bea27013e38f2182fbcfa8883beb870ec8,10376
158267935260672,0x312bEe34B82000d8257fF7Dc3a497f7D39cd5ae3,14896
6461476323900108828,0x5E867df01d9eD8949D899F28E55BEF222657cDe7,14841
086979901411328,0:cf276d5e93bc580a91e00cc07721bec6bfcba17f15bfb1e661c24037b4f3be77,14742
6265673780600102289,0xb5543f21c809e9e42faafe7423eee48063f899ca,10143
6455125602900105846,0x0dF09D4FFb1401162Cd6795b9352aed41c9270c6,14655
3107130249674752,0x64Bc6C0A969076C98E84046Ae452FacEebb99Fd8,14434
172397845225472,0x0C4112FC7e1C83382B7B0d5754825c21b18d4464,14184
158513516589056,0x3093f37fdD2000588E0C7391e92418afc36e972E,14154
6439774957500108348,0x97f24508940E2a5f8C353F13CC26622146075290,14119
159647666851840,0x94701e154AC2FE8bC3448E08D7a68Ad1a2c6f2D9,13942
158564588589056,0x82a94330Ff4134db5Da7465120186D1055E41CEf,13922
6405869953300104953,0xe351203F3AcA0977250eA36C7f6A86d7B450316e,13903
6156810868000102328,0x3648f2d9d225af990c6a1b191660f6bdb901e940,9624
167421642571776,0x9eAF349691FCbdDE32Ea45Ee277575B77354DFf5,13889
6286186646100101690,0x2d9e9b4a7def1b6ce54a88a820fe04d77c321b8e,9317
162050199785472,0x7cBD0Ba84BAd0De2090F2F6b3a15eC4dCddC7EED,13795
6467648718700109732,0xB9b7df5a0B6c9C354A51B1B44c9DeF8e5bAA5d10,13787
162044080300032,0xBC4a5be8fd31931b1Ac0d9Db69D0448B7ADF36d4,13738
161782165422080,0x76b8418ADf1f2774636aC57D00C5551e44A484D9,13701
158535855169536,0x170F09fdb2DE4C29B1132352B29d594A5F408203,13676
154141439123456,0x455b4f2e8a8ED759832bFb87CdF38e530B81E50C,13570
162050690551808,0x05EBb0B324240fc612A0d8f99dEcbb4ffE76172e,13487
162050488573952,0xcc122AEB1D6D3cF9732EaDD27c6126a2c95fCbEe,13481
160070329405440,0xF856129941804EDdBBcd3771678Deb289a9C8a5e,13453
6414334933500106826,0x4ECd2E18eaE532608E921f09509A3A03B248c4F2,13403
162050792923136,0xf8Af5A6d9ad1B4054317b583b11986C8362C8aD9,13326
158141797728256,0x78a8391283b9c6FC748A689BcD2950e8369D9647,13247
087789215297536,0:5598026e3e431dd10dfc459b0c5a9b6088eeb3f164fce92d6369194d36e8f749,13183
088600403890176,0xbd2f119846c89b2cbb441155f74bbe258850b1a8,8577
162050317234176,0xB01AC2B4989B974F0eE97BF111223fb1A257484c,13098
179848230174720,null,12897
6638382613400106023,0x42670eFe102c08d4a7Fb009ddB1D0867605Ba90b,12811
162050944299008,0xf2B1a0bE1E990F6F719125c7c22b41241FBB3ba3,12730
174845083238400,0xd6d0c1b9059bf65998A4927CDD1d95553Fc52318,12705
162051183599616,0x3a5D18e4b0b65B7F21C796d754810C80E5d61b02,12642
085409738170368,0:527e7f4098d03243b9904679b868a1a9b93dcbbf609da19324b82ec915b03cab,12587
6292408695000109741,0xb19d8790ba71f24bc8d9f960e471a13bfe6ccf05,8033
0105871601831936,0:d6d2e914599a4a3f02df64910e91af3ef583a9de7785d5be85fd36a66537b9e2,12546
163111956856832,0x98090162dBd6712b49cB3CD71265fAF424099427,12501
162051289137152,0x6267fCAD52dAF7cc6F4cB85c4e2AD5FebEd373e8,12394
6304026988900107961,0x8774f8fd93d16929e2115731250f4a27e72afa66,7846
6445324558800102635,0xF0b4ED767c12dE09EA100a35F615721eF88038C1,12352
6631128066800107133,0xA859975e26ccFf2D11abBdE26D12f053EAb82Abd,12325
163490780344320,0xA6199dEE89c7449073817492028311508C2D1CdC,12278
158271163011072,0x147eac1a96b0a1f29799e9290e78462fae4ee238,3430
6412731712700109136,0x3B7dF71e1A2e2e18ED0F70b5D419196321df8c92,12235
172329000525824,0xb6CCc55F822F3c2Dc512cA33a110E566AD424cCA,12215
162051192602624,0x36C7CD295ABc662E7F270e2A5e12CEb7B32AE02B,12174
167474850856960,0x6735fbe8a10338258d59f01dd852c107e9888888,7887
6341719961400107822,0x24f5cb4d0846395c629032eb2deb759ecc251846,7568
158161345265664,0x14d6Af37888BF9fE72bcfaEb027fA8f487DcDde8,12066
163392471777280,0x2C93d9f188E589Df0CA3A37acda4fBbB0D12FE34,12057
6803524337600106259,0x519d99DF720549B0BD8B91f1DcB14B6A4d05A7B1,12048
6654060880100100195,0x38D4B3c2703f7cB4272B6589dc1Ff78240937007,11954
3106813500186624,null,11949
162473528160256,0xd0b8b7f21d72acb209d84155aa280fee3b6c1c68,7397
158898740445184,0x64e9c3656aee020f22a9f3dc6c405916185c9290,3084
185527617060864,0x0285472bb0fa00b9ff39dff7d18159e480583aaa,7337
6334311635300107158,0x5799d5ba0cc3f44071c40800b643fba51feb7de8,7322
6638498959300106626,0x2e7E7fB704F4336E279737AF776F92Bb90F00D72,11852
081039070208000,0:2df2fdc1fb199e95356901eb41a0e837a2640ddb99e3cc77af2225d12c4f9ae6,11731
6156810838600102280,0x7a88a1376fa85a0010e9ccd2ca660b1cb780e9a6,2825
6653872921600109140,0xF8ac51d509fbb87AdE8ac6CAdBffE370917425d1,11632
158294397603840,0x5544ba3a2e81b82B95Fa70F54888E2EC9947E988,11586
6270805178600105437,0xb125957963e5a2ab26f06b542b14ce9be306fcc5,7019
158261372620800,0x12358E4fC5617722786ce667c6d7bDeC3d6971b1,11479
3106748788244480,0xc738315ec605e0fd302d6e91e185636d2d07f68b,2607
164500084219904,0xa559CB0D3F365030E55BCe4Ea8748564E33b7D66,11380
1106995126894592,0x8f3d07d0219e4caad4b2899000e623aeeb741a67,7083
086144332738560,0:e61f83bbc0b68c5701eea715d13ac9f9ade5c0d911553463019b84ee48cf2189,11352
081456946364416,0:db8cfc773287ee044cadda5a3d4da74fcd866cc7aa0da6434dbeccc76935a4d7,11316
154014810181632,0xa4c284e950dadf4796d220194ab88d34eee50815,2477
6265443121000100426,0xa2efff0cff6fbd7ed40784a8ca9149efef24de88,6517
6646557000500108845,0xA160D86daA8bcDb1478Dd3A61Fec72C917eA5603,10985
6278399507600103391,0x8eed2a1dc7d6718c76c64e3fb2125fffdc3e40dc,6434
1107020423655424,0x5aae24e4bf1f96d4443f3136d89873d32e896c50,6418
6336121550200101251,0xefbb34a0048803996c0431cb80aa364112472804,6418
6304388597800100039,0x4e61d0589a0ef4e5b2b69a103b4d04c25a8f43ac,6376
159146980065280,0xB5beDe296E239A0963bf0A71AA737770E7474543,10914
6459131017900107322,0x900cf9324c9ed356062890fDC978c375659A2987,10865
6440871332300104399,0x74dE59305335Df880920e888E5dd933642a888eB,10772
6336121535900101241,0xf271041c42f2c58370b9e58f7a4a1052b89a4063,6175
160028822065152,0xB81c866A647ef9963Bd484CE936Edbcd8cCE7322,10672
6638546390400106892,0x22fDE8890659028Afe401c45a191F0835f203Db9,10654
6428278560800103072,0x3a052EEaFe489fC8d7975CF19aA52a2B6F0ebcB1,10616
6332794821700109708,0x2d493d71402f8958d0eadad56fc1c3f6a477f8fd,5867
6332795013100109715,0xa4ac8fd91121ab88521093c7471605889b79eea7,5866
6332794475000109694,0xfeb49d4e37724c71f6f07a9ce19d5471b091f688,5865
6362798188400102134,0x942a578cc743e0792f9905134acfc0792cd97199,5822
158664863285248,0x3c7C2a2d8e20598Ee1a8800a2d6E6878eda8e848,10364
6329806375200106626,0x8141b3a1406fed33f80991821f012ad351a1a36d,5803
6362798156900102119,0xfe26877cc4529d4a2ab5798c0b396c9c34d3a06a,5747
6335984493700108707,0x587e582f3FFf6910570530e5494df31a5e50EbF0,10246
6362798181200102124,0x065f7a4c5d5c4e32681b9327ebc24ba0f466561f,5654
168853744582656,0x7FD13Ea822E30cA9694640e45a5dc68F8bF7400a,10152
3106682943795200,0xaaCa8c69451442983e84ba5Bde55895ce60e1F1f,10094
6362798187300102130,0xb56c886500681963acaeba3b91d2773563487f07,5525
6159236123100100992,0x2b9d7a6b2deaf92881f3a64125e3c6dd3e49f889,5790
3107143908556800,null,10045
6329805898400106610,0x63cb94c5d0c9ed67d06dfaba91cfc260fbef031f,5491
6332795192000109722,0x67546957eac8f94f4e5c29b86933f3c52e6f9110,5464
3106696392855552,0x20107ad0b70366e6af88ca97ab7a8bb5138d5ea5,1176
1107949499944960,0x61e3a87dbb3bb5d589f030629d9f15233289daa7,5443
084452885110784,0xa8f9c73af01674f700d21a013286621cec928a55,5404
3106682775830528,0xa7c01355bfbaa8b839c4e043ac11e47cb31610e5,1129
1104580778434560,0x88945c1F5b0A5248f6429A72d8108b42A77E5c6D,9884
158959531778048,0xa1ed36fe9e4a32737472ea0dd632825e73cb2943,1058
162411196096512,0x7fc8A571966FC04FF2FC9714eE3a0E8C3abE757F,9867
161649530793984,0x45F7796803ECD1aaD2236f8413ec6b0b93d050C6,9842
3106971366461440,0x3f50284748d7dc8f416e824cd6710935ab993947,1019
0107568877568000,0x2b510c3f97125f7235a323659ea280c17a142893,5228
6159235584400109974,0x2879bE52b386aA56447ECa498e4CbE7e126333a6,9744
162410763059200,0x86494b7577E3b84e3BB7b54C8D0B4c8809896Ecf,9724
6265039327200107480,0xdfec457543c990429482fcee83ff0561a01dc0fb,5178
159238251991040,0x100e6A6E19008f1c5b356d102e9cc389cBfCC4e3,9641
1106911858384896,0x1a994f76addf9ef5ec5914899f7337d2b1314520,826
6267075100900102221,0xbb3eba13d4acf19a474355cc88d6157f61c2110d,5097
158836320497664,0x9c61e9becefc2535c939fbb28ec23467dda49f81,817
158959535312896,0xe42367065f040bca835bb1c11683e5d22881940a,804
158959530913792,0xf6c719dc30fd8a3b8f23d075ddc4e4b00fa2736d,800
1106912425345024,0xf4989d7d81983fd3e69f32cd4fb71bd1ca34edf2,795
3106946188394496,null,9608
3106747064459264,0xe5b54ac18df549315e02f71ea50207fdfe54c591,779
162410767572992,0x5245e16245E2C737B3488036ECEB1EE0bBbB950A,9574
158959526973440,0xe89966a24bb3961250d2f5a451b527f26c277b18,749
6854973543600105132,0x44bAc20507487F4d0312083A0d446b736cA6850c,9510
171044461883392,0x202cd1ab1f7f2ba5d19878f891eb19cc8a83e972,5226
397860111720448,0x20e26e5966e06a994d6e1178481a08205c18bb76,4901
158272691826688,null,9435
162410762907648,0x9796228d8AC345D61d47cf8439A339e1954edE77,9404
162410765144064,0x91Bd24D22Da89f2CFe0f9552A836fBdb9233627C,9403
171900932554752,0x423C2fbE753E5cB0C69749613D6e4640e1996e54,9360
079533639892992,0:2030dd274840bab569830877bb4a5914f8bdab60f1c22397b9854979deecb32c,9317
6309885982100104310,0xd547a5c08d8d10838e199b99ce7b26e051f96a79,4767
079833910669312,0:3d000fed299c5f363b2683682ce199c746c1f180e401e2b125ace3b5ae81cbe9,9278
160294226063360,0xd2ee27c1f2eb1175b45d24fb0f91304f017c49c3,456
6646525589900108746,0xc04FBEb80aC675d8769e0ed478021b8584EE35C0,9257
158704378023936,0x8259590916004bcA4Ee602b66504EA595cb3B04C,9207
162410767560704,0xdd74f76ed58063BA814dd01dD879f79050d7AaE8,9187
3106765952086016,0xd39d43f1ec4fc89f4267a87a5989bb7f68426c3e,361
179124214730752,0x544CFdBeE9034E8aF3689EEb7DE545C4E6727237,9172
162410796003328,0xFeb1E1D64369673A050f90bAf4CD9DB0473565Af,9169
2106747873390592,0xae7038bb91f5e9319832e5bfb030f4d9bbc721ff,4882
6260191908300109276,0xc92aade0694c33c8b57d586f76c6c28d2924e99e,4580
3106704160202752,0x1927c3956108cE4887f03aac770DF22f3838795B,9117
1106930414092288,0xedd8e363a74d597f98f14691f9a9ab85298effbe,302
1106911140380672,0x2eec5dbd5c07908635fdbe1af331ac191a666666,300
1106930510151680,0x2c486ff22eb0a2ba98e26c93bd3fbafaa7e4cb3b,292
1106940378095616,0xe4631b72336a6e6dd5f8264a82db62bfb1cda09a,289
1106930768531456,0x2084e6c85470191867441ba5138bd0069e3d02e1,281
3106976552370176,0x93742cb55356803828b14d991cde5458149cf23d,278
159611033141248,0x687862F4B979beA7B5B1D3ee33876995267aA19B,9050
091749102071808,0:9520f9d355075384c96b59d3dd7d5865dea6df99b793d6a29d4e2d5ab960bc8d,9032
181968640495616,0x17d444e42f67799c0768fcbf048cf002c4e5bc2b,4731
3106774731214848,0xb05e3b47fc167b9f175aa075925636bb864caa74,4694
6638961396400108287,0x8F7Edd649e1f5571D384a8e50eDC5D41c0C43710,8914
159965468020736,0xaECF47F6bb1dD26fb04D54b4aB27f968a0c4b3b2,8892
6266250749600106137,0x1a8ce177858ca486a8c0d35e94582458d59dc7d7,4342
3106741357592576,0xe53af7fd3c2629ff427adf9c870fbb0e961f989f,4524
158332542251008,null,8725
6159235974500100711,0x02305596b2c328d4cCFd7EeE3DF2BD27Efe3296F,8683
158046105300992,0x5255dA12C76E9d64e4203a4780f2401f70A5CB75,8643
159581710987264,0x58F933b40B40E789EC249a2Dacf03d00cf4492fd,8621
2107015674515456,null,8615
6653949464000109675,0x680EfBbd83E0fA78418466d1F25BF1ef42A275C1,8614
3106739619254272,null,8514
1110911234658304,0x3cb1fe7d2dfdfec3afdaf1d8f441634569d4d7c1,3964
162410978095104,0x1cF3218f9E1E42A0091b670e169324ac2a19148c,8324
6277728822100107237,0xa75fc2cbe4c8a68276853c274e700561f05a78ae,3717
158978308542464,0xbE44BCDf3dCDCeEf754730cDDfa5BdE0253b4aCb,8237
6419327737000102523,0xDc5E0775AcAf7Ca434cf6385d4EB65EA26C828B5,8226
162410762960896,0x560142c808cCD73CfAFC819CA51C1d2EB18E8C6C,8210
174951747784704,0x5c08f6262dc2f3996016f3a17ccd60cb41b17d61,3914
391038775701504,0xE34CEa6bA44080Fb5C2307db6c0b375Edb5E6e54,8182
157967409807360,0xaF3a20fA6B49743882f9F7ab2EcdF953b0e2a970,8130
158239243325440,0xa3fb25e161b6ed471dd009a7453bdd83f26ca769,3568
6308375213900100695,0x5df48b9d75742cde8a4822b2ea494b3815af15bc,3554
6414252465900106450,0xc497fD32AEb05a4Ffad1fB0027350A6317040ce8,8086
292296334753792,0:4430663b7d310a6de07a43981d4dd16e54b8102457956bf9ea69fe67c4ce856f,8026
183041349320704,0:841b44be1c8defbda152fdb1caed258f4aa707195d60b3071edb2b56dda381b3,7975
2110202708844544,null,7933
162410767552512,0x7B4D69F3c4087CbE1d8F0CF642151918321022Bd,7916
6439686776700107808,0x417490D1143e515F70ac20D79753a0448f5f4d81,7908
175958174167040,0xD36111B81B5D1FBA33E830b0dF380B7366c443c5,7891
6405871106600104979,0xd0bCA5Fcd1f12AF6bE831ED6A134A99a7706b003,7866
158279359221760,0xAA1ebF6168Cd2936e7311c7D53ED828430aD5a24,7861
086746870714368,0:ba7ed1de2889f4b961cee8e8aac4d60428a494c98e9acd4d9b56bf45ba5d7920,7837
158375031238656,0x94cdEC488bfac461a9FC65216C1b1c6e2589e4Bc,7825
6285709854800108683,0x8f374730694c637e92c6e17eae4688aafa594c9f,3281
085373314334720,0:d12bb7ccba4b46e05d2429f27679f43473e7a533b528271b347093ce210ce700,7747
087376322539520,0:6c5692ef6b312d805a27709253908b937bd498ecf941b0fa294ca4a81e4f6daf,7744
6321468856900102588,0xd51450389b40cb5ed934e1a8528854a688d2c34e,3153
6295471508300108495,0xf6c19ddafcdcae1f044ed848c24f924839018230,3098
159959221616640,0x4F8d6aEf543C98f448F88915344D10047F56Ad0d,7547
6396790656800106293,0x6a015E5872BE4Db640Cf5a0217Ca19581f982ddA,7540
173373871706112,0x9D715E708F9C7f4492D7E72d3408705d5f4E7b1f,7515
6321912418000100514,0xf2adc952105c6df3252ee2797fe5b797d6aa43a0,2834
6459201834500107587,0x1dbA75c14AF69B4eCFe494f85de8ba00046615c2,7362
6654782173600103103,0x8847f6e82833297ff24D36Ff8C1e17170dc5ae94,7321
6159234052000107099,0xcb06159cf19eead28657860a58d392f1991dab23,2645
085872513773568,0:ad0c63288dd3e02bdf6e0e1ce31c5ec5066907ed3a9a2ec0427535a0241198e0,7129
158281413468160,0xd46B0B9C3c2948cB09D0D9760ae714a57e497136,7059
389701745418240,0x0AD03f7523521F2CAF8f95343ab69EF129423a1d,7051
159844144898048,0xd32f6c47f928b6e72b9e51161844e43f974c3242,2503
2105557423099904,0x223f5dc94B97f2Fe515Ce7264961DB07316D5787,7006
085413536555008,0:59ee0add84183e1bc5dd2b85df42976ba847aafd5bac66b5b5bfd6d6fb057de0,6927
6332794641100109701,0x3c8b5064732bfbb63a96039978ff53e5ff220643,2315
3106748289245184,0xe460aa677689a469e9cB904796717129eEcd5483,6815
6267541971500105887,0xc0896a8f88249a7ab931890a2412ec4409173e7e,2268
3106754152476672,0xfe08945f392cf1873f2c5b1bd7c7401e452153a8,2536
086097031036928,0:bdfbfc96e4530fd877678cff434afd5d6ce7d615e21f3cca20b64d6621ae7846,6790
159193239486464,0xc9ecf0eeb59978e521cdf21ac1fd2116791c3490,2502
079834854551552,0:ca67c5bcd12976d143fb8266ab28f11da107b0e5f969e4ca9285f6d45ddb54f3,6762
172672666583040,0x79b4d4bafc2924aca83fcbf9a4e1eb0d564bdc12,2210
089716622868480,0:6c126804269fd672028771c905c573135ae3ea304062061064287ea8218fb022,6745
167772446941184,0x78dac94cc6d45c0d3100c2998b3e2753df51be74,2466
6292602400800100755,0x3633341abd2c7730a4457db551428bd54f0ffcd2,2112
158424785371136,0x8736c985509c2eda4335e58e56459acdebbd641c,2346
3107134622269440,0x88e650667778b9dffee3141ac801cff7b41cd30e,2059
6159234181000107339,0x18a05873d6627bfff76a25df2c4d5ba80d8aa224,2028
158037688041472,0x07837d40f89eb13c4aff62f20420129a9e92a646,1993
079835932749824,0:f2e423dad462f314cb978e91d6735db6d0ba916f48da112c5cc62447b3e15138,6513
3109235847311360,0xf87466d10d542d85e1c4eb0cf0975e6d2d7c17e2,1950
6156810786500102194,0x1a3c4cb5b8f44e6919d9434d97395a0ae63d3b24,1939
6345328613700105301,0xa032d9816b83cf9ca5f90a26da65fd571a3c7416,1930
6159234329700107616,0x53ce838d63763cf6272b22ebb8c56feff775d983,2166
1107002541404160,0xe54b96e58187186a434b6864f253df3505694510,2159
179236847169536,null,6402
159226120990720,0x1608ba245f47bd35215538413164761b2e9305f5,2110
6301402389800109875,0xc90cd40fa96ab378b24cc3644156a4e384b2f021,1820
1106918527754240,0x69e8e23eb2e61bc8449e02ced7075186dafbcfc1,2077
6287387400700109915,0xE058b50974e6d90aB3a92175a058f41cbabe42A5,6322
6359258186200107340,0xd4b296025db6952471b79cb6fd238dcca15b81d3,1776
6336121538300101245,0xbe7a14d54a414d54d1941105dace6ea351cd2501,1767
181038638583808,0:6617dc7cca17bd4dd5530235c297698f4b8f594c0cc324b8ab7f064704b7e1ab,6292
085425495576576,0:d6de70de88c3896fbcbe0e74ed49aa4c53687c501c09c0f1464ac57ce3fe7a2b,6290
6456584443900104507,0x83D0026f1164b4f49c90e3340c1C4eC441d7AE15,6255
158275176067072,0xF848Ef7d75A98C9C998aB8EC2270f229f51589f8,6239
6265485074200100792,0x018b52b70e83d2a33eec5b25f7f3e80ae3773686,1638
079832280567808,0:c1b63deffb9b78438e6cc856ab2da65ff1d694a05ec8e62cfe83a4ca47371b8f,6170
3107094817308672,0xd6E8c0275FA3170c5f236d33acF4a2baA83c9dE3,6136
086241979031552,0:cc7e60191bf4d9968942032971befec2e44fb931829f4ce14e1df02a9072a9b9,6133
086120179023872,0:a98d27cc6846f47764d7b993b94435eeaf92849d37c4f8d3277d35a44e7c9d25,6126
6309848371800104000,0x1b85d15c311def9e3fccd9b9095c7461cbe30377,1564
158392884162560,0x6e6f1e4ca553a1364f824e2ed0a5af50d74ffa7f,1536
179721504669696,0x88e70C4Ed9C53aF2111e4837133dC990997230c5,6061
6159236228400101190,0x62e974d7a03a870217b6f7ecb856b72962d13eb8,1502
6267742199900107504,0x81ED6BEAe9101B99C87b4AD91e92fDd058912a17,6039
085553859223552,0:f50fd52a7e941ebd1c753fe57273b58de8989a5b60a694f19853ab22ebf05d80,6028
158312741945344,0x1fa54bc70b7f543e518256b2a666a5f123ad9ad4,1482
6279382189100109721,0x4910252db2d9fb70ac0ab9bc58d5181db2a88c61,1466
1107002531270656,0xd61862252ad1b95319f8bcb14560208ca257b862,1737
1106995553214464,0x1076523318e3ffd0cbeede4ddb4f2d5528508545,1737
158804665671680,0x4bf898a01b4051cbe926138f2c824a288cd95f1a,1461
6159235253200109348,0xf094cd78c6b7583a571058691aab252616613fc2,1458
1106995533049856,0xc4e91d4b157577347127b0479fb728647390699d,1717
1107003380924416,0x83ca0fa7451c18f20394a935935e021011b840a2,1712
079835764748288,0:7cbc641325b5d2625ee5d387595dbfe6c0707e2bae62dd88d767ed06b0543ce8,5980
160716996571136,0x1e79dd0de66eb3c76fcb2d1c61a82d69bbec0091,1437
1107004756779008,0xb5d687358a9356a13ae2efe76d9fd12c67c61067,1690
6311728824900104822,0x78281629ffcb2b8de6a9a5f2d5290b2553b82381,1417
158501437100032,0x8e28cd31d3a3d87ca617d866068168642b5ce9cd,1413
1107019932536832,0x44b2287c51b06edfdf703b4208f48e730efc2452,1684
6414377942800107184,0xaECc4e3f98874F8E201B30D62dfaDf0d1c62B8a4,5952
1106995531399168,0xbb6b17a6ea08f1501e76b017975bb7f9d56b5bcf,1664
3106709162328064,0x37d70356edfad4d7bbd1777faefdc87404b05e9e,1383
3107491133829120,0xf866735dd42689b1cf918d0cd5a95e68d408d321,1379
6156810727400102100,0xd2c41cc04eb699be26546fcbb74815bd68283a6d,1650
087044168048640,0:0791758f128d0f390088c540759eb4f38e96b062cb68148caa69e961120ae01c,5912
086969665769472,0xa048b18248E20D376485F79b96502589Cbd5Ed5b,5905
6159234184100107345,0x724d0d5183ddaf1c7b53e27b53c9e76183d8dff1,1630
1107002592284672,0x432a2a5a781227065d0442001037250fe279a6dd,1627
159355843080192,0x496e2ebb17d81d9bcdb97b75980b952bb9b750b5,1355
6159234220500107415,0xb379c64d950d46705ea9c1538dcc7186bd88b145,1308
1107003357356032,0x856752d0b3235fff7a359cb80d7152436ddd5769,1575
6269271672700107593,0x39379adf58d2c8dcff9375883d9d2037e7a76d48,1303
6438780747900107099,0x0752cB04843d8ef3f42915836Ed1F7A9F18Fe90E,5841
6319914225000107589,0x2d48cb7a5e617c3ce004d2a7608ac6e3e9c594f3,1297
6329805952100106619,0xcde9856652000c7b9dd86bbff9108f3e17fcd8ef,1294
079813952724992,0:a56a9d2979f9cd22e477c8df00905654eb55dcbd9509c7fb86bfecc3153cf605,5825
6329805882700106605,0xf38226f1a8701b67b2b52623bb58b0f195417b53,1280
158354812854272,0xfc284bce16967548b9636f405646e21bae6b25d4,1250
079813960613888,0:f4e01a6fa5ed370284af8a4f2ae37cfb255218c2ec4d4d3a68de539c92a2ae51,5787
161345104240640,0xFbAC7C0931fD25a78d74Abdb0dDCc3bC34a0D74f,5785
389755701841920,0xe27b555cd114eAe68dF02a1fE3F2bE86544Fa0Ff,5769
1107003370328064,0x6fd201bb7e995440aac292f1814bc19fe09e96b5,1496
158293756416000,0x60bb0d6809de7a95c5d21a58d08b651d3a37fca8,1221
160705862234112,0xe5f5dfda7c421beee3df5070fba8a7a27e71c9d1,1216
6159236227700101189,0xba8421340396eb6d6be19e8b4715ae68e34ec161,1483
3107943687430144,null,5754
6349566636900101335,0xcf8b2a6844c7ba43d23c8328a84fcb57fab16a53,1200
6438780692700107089,0x787ADAF009F3AEBD967AeAf7eD5Ed6fEa5e6eFF5,5733
6353049966600107822,0xb26c58AE8c7ae99E405480BDeAF79CC72C746241,5724
164250066124800,0xADC672f9914a71698c84017F2f446C636F962E45,5722
087552818880512,0:36ab5edab48e595d04decfbda1bca6da9d4593d4236b0290d454d4281af916cb,5688
6159235183700109221,0xeac66d94e304fb1806c620932c0daa02fe4f90c7,1141
6265918760000103968,0x8f38447a3fbc19973c32c3c50da42bb84a1e1476,1130
3106778491936768,0x3100cbcb26c66ce03a1dc2955d8a80c1bb9f333a,1399
6280048775500101395,0xf5Af90A8ED0f1512763D0199acAF5d74Fc577437,5656
6156810707400102067,0x0c7e1f07a95ec9a5d498bc8c90e9d11087f5eb7e,1384
6378234731800107148,0x2f4ffaa59984d1b72318019b882c181e8232e04b,1111
6263254511100100446,0xba8cdb1deadf026178dd5211ab1700586a76c14c,1090
159079578742784,0x58B8fFb8Dc92581747503435bc6db0390fAc4254,5603
1106936792682496,0x081ea225fb53925331f1c87f1b64daf960837799,1331
079791548080128,0:5db9725c3adfc0bc656350d4ccaa7dc4258cfce5de98ff7e2a1c9a1f3231455c,5596
159173163454464,0x0B90638134E47704667216E1B89a467623708e50,5565
6438780790100107104,0x54171257270CF85b8B9260A2393BC23A6Ad5f359,5531
160306420289536,0x31d172e57173988945b57aea106b7a60ed01b24d,1252
158119041634304,0x4227e2581ec746bc91fddb258c7a29f9e06a9316,1244
1107782901104640,0x8171ae7f73639b0016ef02f9a5aea7f708e83469,968
079832391430144,0:3aa3ebacea52a66161eceb800526c424b6ca8c299c0559f63889f1dc495ccb2a,5499
6709186536700107619,0x0037610010c422Ea7aa0DF1FA53EA8cf4C1A4c47,5497
085878403858432,0:4db05e60dd0d549591ca7c30199b147a85d845d5b0ca16441930cd4163c7b9ea,5490
3106706967986176,0xecc7bf36690534fe89a317ecf71b0bf8f323ab0b,1200
6280542012600102471,0xdcfae64f4a58728b10e1e16b53b40592166acae3,923
178677905305600,0x0736a533fc0efb4816305dff4df089558f628389,921
171045994602496,0x868c218c46db69a34eb0610e135a1057f908a26e,1192
079802672185344,0:95383ef53cde2f92c9b6ab9f8c98eb26157e8e2315a33e763b864c759b0051d3,5458
079791459450880,0:696056a3e6a86a4e8b0806b9c777fd3462d880ecda37ded5d00f44d8acd1ea29,5453
160631034425344,0x5a55dfe66c6c19bf9ce9afa7111d7fb03ce94f8d,1171
6414898365700109736,0x84d026E4897eebbab0002f41a4bA68C765203944,5438
3108979094704128,0:e549cf2df7110557302688b05bdb2363013e9aa4b441befa8ce1cd7d3b5582d9,5424
6156810718300102087,0x15d4bc311bd7256d55cb4938d079a66574cb88ee,1151
159278878851072,0xb2cb29a50dc1ae56ab1464bb110b1207263661fa,1148
1112044847071232,0x44c491ae1a37e21b933fdfd92d728e55aff3a97c,869
6156810730800102106,0x9e590f36185515e5a6c20ea67d90e8b4264f2e35,1130
6300039862500101776,0x948663aa42d97af7e9d81aa8842387df1c31389d,858
159151126827008,0xbd9c56561761034a0d821c8ecdd902ae69174ff1,857
6305946475700104546,0x1cf71879ff2ed63b35d02eb35604b144c0b3552a,855
172362173255680,0xba6a186F10fe8EA4B4e5f2189Db3e87099d7D118,5393
3106799925862400,0xc8385cf3a34625e141bc7cde937c6657200df4b8,1116
6159234095800107179,0xc39e336c98d10118f4e89744e959b1e2b48c40d5,837
158267427483648,0x3398dadf2fed2d5895b5087fa47f35d2c1f52d8c,830
159152104644608,0xffecf19baf4fc778f7af9e2c3e24e14f09fae386,830
3106820412375040,0x8a50deb4aa603bdbdea9c99e204518ca23b71d2a,1093
163226437574656,0x4E25B34CA30C87a30028a1fC25F97F41068Eb846,5340
157942016708608,0xc7e1af93de975a008d5b1d117c026044d8766d7e,1067
6159235093800109056,0xa861CD98Dd0f615B3FF5E2472bD2cee6Aff6eD5F,5326
085861177610240,0:ac79c4d79496f37ea118e55e5fd6d1441dbd0b82ebfe26337af8d5ae0dbb6ac2,5321
6309605635500101858,0xcff1901ee82b043f18160157fa15f7b6a09bdf45,778
160434748993536,0x6c4A6E8cd602bEC887C95051FA24206B98ffCF9E,5308
158271692853248,0xa9e862326c14a7578e3cdd90dfb9766da72228c5,758
6383500864700102233,0:0f0e96aed0fb73931c1e95d475ad0ab306c12919a6c7f6bf18ce3e2981dd66a1,5297
158959531646976,0x0d7fadd685aa7818451effbd5184a5ae49044732,1008
1106608546213888,0x16a8c1f4c94d146e79ee26fd7cb4da9d5d83e6f3,1001
6270283019700103277,0xa2eca8ce8a0b2a56f7c6d353bef7c13abf983ddd,727
158349193633792,0x382827268efd1a65e391f058cdca9c082a3b9df2,724
6709203237800107635,0x86d97FECFF03554Ac937Fa4640Aa04740D3bA8bd,5254
6365667781700107587,0xa3cbeb4400043343176f17d3619842be613d5b66,683
6278866185400107298,0x55886ca7b8bb797c709790e5a6a3ee6d93ee7bab,675
159278892728320,0x8d0a4c72586d9eb6281b91e84fd448f487ba0246,946
161110143156224,0x36218acd40a0898b01041c4358ce08c8573cc8e4,672
3119453618978816,null,5214
085748695511040,0:62289fc0bc1769ccb85f5ccfad6280bfdf84be3f525588286a25abc80af1ef06,5214
1106766763069440,0xc6a5d9c4796096882fe31fa4e44df3d03b428604,922
1111310611968000,0x855f3dd9b3fcbc1dd693915c4ab1606396ffeaae,644
159278886449152,0x6ed65824d3ded29a7c78158655a657af904f19ed,915
158169722830848,0x40129535de480024fe6a9e342b748edb12344d3e,914
159278892978176,0x4927f15304e06d554175b59af0a84e1813142019,899
159278840532992,0x01a1c72bf9547d1e6abd8486ae3cad64e781cd7c,898
7303440698000101212,0xfc944E1ee3C45Faa876192b10a11b047cAFb69D4,5168
160315366531072,0x0136b00be94ed8ea798f40e37135596337305461,625
183732173193216,0xfc2A00C930855Fea598775492b13c1C533226B54,5167
6352039438700108583,0xee8044cf5c4575c2b8dd296d7d3eebace27459ac,623
6159236278600101284,0xb0c04e13e4ea01cb780c2628a303c5c902010dcd,892
171692091359232,0x29b21FCBdC8Ad4fcf2C8159D6645721cDA036D81,5153
079802661351424,0:030d793d14c6f34d30e95eef5d29d82af0d6bb6b5eed7d30ce9248422d939df2,5147
159278888148992,0x6c46bc7da588f4fa1630c5a8be4eb89a171ab618,872
6339939945300107420,0x8ac1802c1c60b76ee88cf6643e4d8afae42235d6,600
3106992196169728,0x72e63cb6fae0257f9808512b86474864a3ab3246,860
6709164351300107575,0xcd7b7c0b0001f88298835474888af627509A1961,5127
6159236065600100882,0x857b812714fea7421bb337b42bf35db6d01eab22,833
172337505509376,null,5097
158124687810560,0xd0E085e67Dba4fbF7c5f5371D3A328Fb279A96ac,5097
158861848907776,0x54fDCDE6B088746BFbF3ffc1952194B9d1Cbc617,5092
6159236405500101517,0x45deabc44f8e2967c65a5c4e8c945d524dafa963,548
158982366674944,0x4dcd4c3a6d4de71970d453fe49328c8a95db6075,536
6264654281600104522,0x0974447cb182bf1567f2039aa056f4e9df8078a4,535
6286507156600103980,0x36f751ec50269ba798703228ef4b4129db5b985e,525
389756696981504,null,5063
3106586596188160,0x957db95952ddba2e26b0290bbc85cd2e06ee1ade,790
173047157825536,0xdb4f0eeb7c89b00118cc74de8c9ed55d65c2b933,515
6267387030400104673,0xe37f1712e252fb77241d390e015327a9f8a546a6,495
6347767651800102764,0x76879364d495e12b33c00b4586335428badd3b4e,492
6320371304100103974,0xc5b5b1813aee31d18427bd22f18f4cb207e2e288,491
085535955668992,0:c0b1ebb861d6dfe04fbbc95f89600210e730b10e42acfb34f235abc472b1b6c6,5030
085392863821824,0x363700d10ca9c4809ad7034f5b21650a9a5e34bd,476
085507097993216,0:00f25f537af968a8cd8cd24541c66326449c76d216fa0ce6e5b89ea6afc474b4,5008
389727023251456,0xcd0d967449430caaabda422af22f64254c3f1168,734
6356373934400101511,0xbb3520afad6fc8eb02a1790549f872ca52deac2f,435
1106712639705088,0x935811aee151287e2ed59de615933a2de0af86f1,700
1106737212567552,0xe07cea473a66bbf8ba3327648c089ddd5cb0a18a,694
1120703326674944,0x20f6e1f371560b612f81475b48961138584c5723,422
6269014228900105711,0xe431119b2248c43f48b09e93e931b90d7fb2eed0,414
158271075536896,0xfb7d327de8b2b37053f92c869a7b71282f48d781,412
6159234930400108748,0xe3e2c69de286dc2d2b73e0600260c0552ea0ee02,412
1106708456996864,0x888a7df4425ad55d19f72de28a8b9a45807ac418,679
2106671260282880,0x520ca088966e4eb095fbb60ee76570f6014db103,664
6376057565100100582,0x4c9510658066bf7f8604540467903aa3e5c5c344,381
1106695116132352,0xc098b4c465d8e899c4075e14ed0c9097608a7ead,649
1106707915984896,0xc4b1fdbc1ea400aab137a3b1ce5803256f7a31f4,647
6351383659800100044,0x3aa572506f2ba4dc443dea2f7d805aaceb3b11fe,375
1106966624493568,0xfa873ab75d4c3e28e2d0dc7ffd38c4be358226cc,370
158257694228480,0xF07A25661556765b824194CBC6ec8dF4EB1648F8,4908
3107033166974976,null,4906
1106763346481152,0x1e1b1ecc990ac64e8c4b9c49f5915e1f86911908,633
087696787013632,0:c3dca93236b64e618638edb729ce509ae081ff349d15f4c7804d8066f8bb141f,4904
6371040802300101776,0x1d403b5e66afd072ec9dc8d623a5cf38ec813ce5,359
1106705787457536,0xf8bba2bd6f6122d33fc9d35b0b9f2971e5903c96,629
1106708118921216,0x6843821a2573bb74519b53e7307c4fe665d1ebd5,621
6364978720400100349,0x3e7ba24830eb2ae409173659377446f48ff265b9,342
3106695672922112,0x861bec93aec4db9e34acf797ad784edef8d68e39,611
163764004208640,0x482d52e0beca16bdf201915e3fe40929662af387,334
158253510344704,0xb07a824157fc15496869266181c157ab16802702,328
1120806287798272,0x57a0fb298f0eb78cc327fe746159698e5e89d2f4,327
6261914030700105120,0x7eff6a05d7800b619bdfbd1c9916d774c21a3059,327
6313786754200108969,0x387296812f50bf1acb2868b76f00257f9c584212,322
158011662524416,0x99dae7af846f5855e1ed0d40ce28745b7f607842,319
6275604706500108320,0xaa002e3bf0cf2858bb4942dc2511b71b15524cef,313
158870700822528,0x28b70156ac20092a961c04aceead0de2e57aed89,313
6341556620300105829,0x517273a231c5e86670e68eef7ecaada6a5bdc3c6,305
6274697088500101090,0xc908a0e2c1f4e265223d4ebff9a03c38ce0eba49,305
1106710079393792,0xc23436a7c9bd4a84a3de7491df28c4b3830dcbfc,560
3114075486597120,0x94762960c98a36589c88563ff5c61921a0a860b8,284
6277580381900105844,0x030a0b3141ae5aabc32b198cef4881b14b1a6f0e,281
158245204033536,0x4accf9bf7ee75ff6fb743219e56aafe110bf0ed6,281
171204035751936,0x9c9e0905e7B07278dFDaC7Ea599608DD4C706D25,4821
158241472876544,0x2737ef1a23e0c32c819ac9bc5b17558f5d92427c,278
163902364442624,0x7a170e5315dce75c63adeb64e4ea6344e4aca0fd,276
1107111354449920,0x5fa7dc74e469f57122e68044c2ccf36581f79d24,271
174150397456384,0xb4a6954d21d50a1555c7f9d11288234ed237df63,268
6370507594200105498,0xe3b7c2b86b407a404104884c007c1992f8109c75,265
1106709860790272,0x7e36086f2011d7202aa0ca50a07ad72de9ac8531,536
1106710164996096,0x2f3de7c33e2e763a1d3e3910bcfafbd2c0b055d8,535
1106710242197504,0xc0dd50aee342a5a3f94b4c9c54ff809fb3055c6e,533
183369607720960,0xdb3d4639e3a1d3fa5e66d0eff34158f87938dea2,530
1106709982027776,0xd3d35e93ae1ea27faf33b6dbf1d541ca899d29eb,530
6159234403200107760,0xfa9c1c4b51f21a965d51f25fd82cf193a0f361ba,529
1106709961453568,0xab0137ff09df603235ca2b1c1de2bfef1e44817a,528
163902369320960,0x8d85bbdd8186668e55964a3183bddfcedd4c9c0f,255
1106714692509696,0x249c986782e171581c2b3b9a734508d004031ea0,526
1106549838012416,0xe11c97836599b6ee54c82afaad80c2d2c011ccf7,525
6346176511300108071,0xc18a5f3b3ed48d57e92895504fcf8496c0e9a15e,251
1106717725888512,0x88584f41a7a0fa70e0d2389f7ccea78ff2fe6c8b,522
1106712877498368,0x768d668be64d2415269a1e203de73189c47bbd67,521
1106787899609088,0x287cb6e622d08a5de02bb302a1bd0d224fa918fc,520
183378231066624,0x936933b11d5f33a100398c3510905b48893338b6,519
3107329365417984,0xe126d54d589c8a8c16c2dc19ccdeec2544025590,247
183369437229056,0x170b94adc54b6659dd6d6741b450114dc4d8f857,517
163902499074048,0x67db8760671f28414cbc154cf7fc9b2e84f07ab9,245
1106712775741440,0x6da2acd1c5c1be0b4632722ef55d049b0ad5675f,515
1106712824848384,0x5ca08646c0fa8a954a3471c3f03f7c857be8dae5,514
183378002599936,0xdcbe2e5ac30fbb236535b8a5cac6db0b116a60a6,513
183370063609856,0x4af89343cab3f4e0699eef065a57e3fa099e27ce,513
1106714858459136,0xf923580f55613a736301b3920698af28735f28e7,513
165741555523584,0xe25f3be026fb8c20b21bc25d05f95369495eb8b3,512
3107002088595456,0xaf7fc6459ecc14286a73fbe9fc97c8ce2330103d,240
6156810856600102311,0x5ed8e44f58bf5cccefa2a02cf8a96f89418c9604,506
158251106324480,0x5beb79df031c892e16eda801d93b6f2c15093904,233
163902357753856,0xaf25da97ba1451a8b4f2f96a55c8ab93622b8a69,233
1106714851409920,0xa048d282dd9543fbb67a2475f9b84b225a65e3a1,504
1106709816274944,0xbb5a4f4b2279d24cda9e64f372f7c54a0f5b8374,502
183377876639744,0x1c9559c47bf27f0b600b6e47a1ebaace65536167,502
158249970798592,0x5554920ef6ddbb2416ee9c5f09c77fbb3d10dba3,230
3106847986978816,0x450c4e566871a7ee86e35306a1adb131111869d0,228
6159235528700109869,0x09b7b905f0b2314a48bad6faad3eb3e6beb6d80b,227
6276132383300103148,0x79e53ff1e2dcbeb720d4b0c6eb8474d5cf1744d3,226
158248317636608,0x8212b844236afaca268029fdbbe7fc1b1b9af46e,226
1106710232342528,0x1f5c06e1aa28158d2c0cbd57d2f0c841a33855c6,497
158246794993664,0xfc2e0b8cfde576681e810a81eca50705e1345d3f,225
6159235206700109263,0x7c4457e9b075833b52a8d7c01241d7a61dfa5679,225
183377625534464,0xcfa6abcd9d8e60658758a97d51694353f2e9aa0d,495
183369549361152,0x83b3b4962d3c36ca9f77acab560de0250b2e160d,495
3106698545037312,0x179ee27cc755b1d75f60b1a437fe142b4f49d9b6,494
183369890021376,0xe40cf4a4dd8d52661f5435afd4a25069df2b1e33,493
1106712765759488,0x10fddd588b911a8a93c2d4eccd48dc4c7c736f50,492
183369859346432,0x9e8caf409de3cb78787a3af75a6cf80d249d0582,492
3106756314796032,0x6d6c26185b0ab093a03dd959f50d555f711df7d6,220
1106713123713024,0x8cad93ae9be82677171c2bb9e4cc9a9925934a47,491
183370135539712,0x99971d3e8b4c2dc3608f0c2403c74e32dad8c6de,491
183377971384320,0x9bdc161b8baa3f641e83656f65c109fb6f176118,490
1106717882986496,0xe97c5431847789841cd31538ed1a0cd5a2eb3fd7,490
183370258632704,0x52c2608b4c1c6982f876b98942252b1108da5cf0,490
1106717876064256,0x989a1258ae2298fc1173d5be2be4db08db2853c2,489
1106993557684224,0xf533a2bb5d10cc4a2ff43e744a2237bf40614206,487
6438780685900107084,0x02c5ca91c724533A23abfBCE4985a93699843bC7,4758
1106710229397504,0xc56c650ec5bb314eed646cea2d48853bb5cdfccc,486
6159235685300100163,0x24b705362ca111d52363d604bf2a7200000944a6,212
6159236404000101514,0x67dee0aa79072c95ced3dc1407f746b20366a64f,212
1106710171664384,0x8c623bc9d53c46c1f0c68b4bd4dfc93026b45139,482
160800952295424,0x2473b0c52c1c2d2c049d34a80c1b0f0294920ad5,209
158249298468864,0x26ec40313547dc3d053b7f0079f2ea1e1dbb7844,208
183377766854656,0xafe3e78ee299b791b2423fcd65174bfe4fa387c7,478
1106713080852480,0xd6dcad4ed3b042677500856314bfcec9d6fffea9,478
1106709708066816,0x0738190acb64ebbee07a1cac444691e34f91a5e0,478
169453861826560,0x29e86e1eacdeed890d687b708a12bc59feef62e7,477
1106714726379520,0x24a6bdfe88a94f9b151ebaaac9e01f74be288784,476
1106714755244032,0x6da2b7a23220f7105213c7ad915f3018b2f21659,476
1106713191903232,0x1816465b387ccbdbfe02d2c1fe49fd88c9774a90,475
157949164294144,0x8b6deed7bab8de3ceb438e89476331c4ab07f378,203
6274828533800102138,0xcf3e2a33968f36924ab32dd2dddd116a95fb692a,203
1106714794156032,0x25207ca410a64bb22d7fc8f7527c2cd23e05aca8,474
183377770799104,0x63a58d6d596fbb905907cc69dae2aec63456a198,474
163902387097600,0xf2938606dbd35723b13d4ae8eb24af800a834645,202
1106714836021248,0xbff07858d62f618f710f03b61f03a34e3c6f1e66,473
6347354964100105303,0x291dcec425fd5e6ef6d7004522d6c752fe7cf07b,201
183377787944960,0x9f5dd652e80a15a7d675889b343dcce0334754cf,472
183369404792832,0xe0f023f333e64f457da069d746e13027c2de66de,470
183378043289600,0x90008af5dd37957b11b6b9a76bb991bf9e1fa256,468
183377637261312,0xd01b30dff219bf3ed21097dc56e2c49547b33d69,467
158390958972928,0xb9940dfD8fDae5D0D43Da57564C3084Cb575DFDb,4738
163902364708864,0xc175c871e014498c790306a19018bb454228c842,195
6364540611500103975,0x3a4d03e2c1cbb1ae31998838d1be62bfa7605af2,193
3106779201306624,0x5a6f20ac42b3cffc6776748da77cecbb4728953c,464
6270448342600104077,0x8dcb67f5ede01ff0a08a6dd95a616a475bb02f5c,192
1106713151508480,0xf20f126ff5fd26a2da9433a19f6d31a26ce1d44d,463
6300547588300103971,0xe0f1e972a9c77320bec7bfb72e7415c39b459b42,191
1106713032626176,0x54c711ac09f7e8708f094ef639646a5a230651b7,461
6366620844200105061,0xa7dc1f2a4123c124c61a2a6c738a2d1aacdaf652,186
158520123609088,0x53b7d2da9607de98cd5e77b5c02893c6330ec70b,186
6338357047900108428,0x977d785da680a43fc30f447a01a1959fb71b4bf2,185
3118751223336960,0x38019eba03708663221192773ad92343f182ee53,185
158270074679296,0xc06a0e9c9a70c3e4fb330a0f57db690ef0db1ae1,183
163986692296704,0xd6eda80de108a54ab7b462c80e2a9d770cacf192,454
158418498088960,0x0dee37df987b59f167c7f22aafbd7ea59bd5d206,182
6267000715800101656,0xa95181f5857825b79ee215489feef1d145b3ef12,181
161041499746304,0xa58959c1a05c2941d7af49c57f9bc456d2f77c3f,449
6159234238600107446,0xd5c79bf55ba4e2ed3b1a1f5692eb70463817687e,175
6278588610800104618,0x8e8a9dd8446f08e3205a0f5baad44c4c0abbfbec,175
183377140273152,0x205c024661f5f4f4d9330375d9202c03b9946c0e,446
6286648516300104971,0xa696bc98f0484b5848bac13cbf9e6257d4d239b7,173
6265091395900107868,0x209ab78d0cd066e44d63e5055740d53910a5b5a1,172
6159234808100108518,0xb8193d3df04963fd411b64bf370cb0c0cd13ea05,171
158270265212928,0x13bc41f4947deb31f75aaa6555099baf870964e0,170
6296044976500100970,0x4ddf95f28ae0c313a6a77ed9aed1a825c97e65ad,168
1106707804078080,0xe315358ec0ce731874b79f269e40b70320c2ca1c,439
3106823051767808,0x450377903750a875185bc9da10bfebc856510332,437
1106715038576640,0xa2e6c3793ad20cc361dbaa857241feead31f4d6f,434
6264801566700105464,0x26fbb3772190087668397fef704fb75ce213a19b,160
6322392827800103804,0xe92e488354b5c99a8f38202c2b7b8aaa80bd59e9,157
6295238061800107042,0x2fb9faf53e87a2448e6ab2c4166786dec50f5857,156
158251596529664,0xd21005fba48ee6d81259a1795e394e1acc15a6f9,155
6159234839200108574,0xe2eb4d14a69028ee994446e51db0f2bbb95c1d4c,153
6159236132000101007,0xc29c601c002d5d2ed06c18322cf3929d29e4b48b,152
6292317096700108886,0x9ee78753ceeb4ed98650f178fd241d3e4b87668c,149
6274268299500108062,0x966cda3dc197ebb63fb688a06069ec1bfc91fb6d,146
3106682877755392,0xd751a96efcfe8e32a7e40f01852729f6fcfccab0,416
1106568060841984,0x2199d54497a52b0ae09e054eafb2611259dfdf3a,415
6344675753000106906,0x7336da816c79899a3c3358e9f08dfa355e9b7606,141
158392876826624,0xc84e3e262f34beb3c4b665766833d6b416cb18c3,411
1107030214651904,0xa0ce4ce04339c442e798df4c5239d94ba37048be,407
158391926353920,0xbade689df4cf7abd1d527bdeba0cc3404e12e2e6,405
6371614435100109594,0xcefce1cd8d7a4f1b3147b4cd59093f0cc4904567,132
1106933242355712,0x0a201c99fcc4f3152735da55f9f0539994809d17,402
158292702629888,0xF55D6bCAb47936Ac6Ffb0fA971Ff24106b9A3ca1,4673
1108825419702272,0x5f22188ad560793e11e8ee468ebb5c7e66cbc38d,129
1108830824783872,0xa73bbcecdb2ad41a0db70af480db236cc03ad319,129
6325840675800107218,0xee51ef1aad863ea31508ae2c07fe1766368375a3,128
6281602332900104399,0x5be8ae8741581f0873c2deb4662856c768331c2d,128
6362822397200102902,0xfe9c1670ff99df195bd98d12c0507e1ea46aeb14,127
6341348591200101851,0x27620c22570a814c06bcd0994186bdbc04c61061,127
6340665616400104570,0x4374de11faddbaa5e12bbc972bac6cd799908166,127
6284063472300108136,0x055b31fb42d63eb5488a59e8bf2ebe48c2e6d4c1,124
6438594060100106328,0x1b3368Bce7BB931ee656744EBBec397142c1b52A,4665
158638274392064,0xad920cd7046c3e3c5b562bbf61c60d7a0b5d85cf,393
1106802774880256,0x34f93587ce8565bef459f058567bdf72dd8ac8b4,390
6365902248700104643,0x41b3ed5001ab2cf688a05f50a562cc8c8deae408,116
6355528103400106441,0xb1ffa42fa8f0aa04c969853e83c3c21f54a794a6,114
3108817854443520,0x43116c20f533bb993cf6a5473d7aae243b9e3282,111
1106714445316096,0xdd5956f3c1694085d7b872513827e59149a62133,381
1106719828422656,0x07c3910e88703026b2572de0d3b401a052c0c3bd,377
1109016920842240,0x0092c792df93a5d6013142e4b34eb0acc18d07d4,105
1106867658002432,0xaa331f502bc99058a67f656e335da22c0a2155b0,367
3107003820593152,0xa8e8c5adf3e714c682150d2f81ac8d5bfa2050b0,363
6159234354500107663,0xEBF27E7717b9806E1eee73Cf0cc53DbAa9eaa6C9,4627
6439408439700104673,0x4830Ac2e0901Cb76b2A7B7B82d8540e6BDFa697c,4609
6655280052400104967,0x667e9622F977d2260c4e3ef371dC078700170bf1,4608
1106981300461568,0xa750bea0afc922bf504e4913ac6b3833b0aadb71,330
6438780737400107094,0x25bc2584823ff118F32fF6B1689f0651d8481Aa7,4595
1106586488557568,0x080c21b18013784a107b6c9368d81e92d49bdd10,319
186142824517632,0xd9dc76abac56ddc09252fe8d71dd3f6ee65fe70a,312
3106721139331072,0xe8f9829aa0164c27b10aa9f3af23002eb72566c7,305
6456547279200104235,0xc1B6E770A5F6eb4a1495340C49569B898FAD37f8,4569
1107010036289536,0x289da46f329cdfb63987f35a41b4664dda14c042,290
6445469633300102943,0x0Fc9550a9cc36Bf3CBc93D95a9DE89925aBF662e,4561
1106721782104064,0x31403a32bbee128a12aae4f4d02d867925cd7e57,287
1106885776248832,0x422347ff0b827a43ca4637a48a04b42f469278f4,287
6159235840000100458,0x7b9ff8c9ba6ad40892e94c94de5a3d6460b97e76,283
1106907512393728,0xbe62692fbef964154a8f2796d19d45c201769a7e,274
166700065918976,0x65049c499b0c5136b114b5b1fcb0fc3a56440089,274
160155357036544,0xe39953655ba5E88570604f2A054bA46f1e7Cb60e,4531
186131438972928,0x2434a54c54aa6b6d02a03ce931cc407695be61e8,258
1106648942202880,0x5c2962fe0bab001307e9474ddf32ee66d14b155c,248
6159234172000107321,0x174284E257808D6A97C84e7aC4F0C3500A53E819,4511
6467384662200109108,0x74a20b36EA012a5eC2400DB9faD04F87D792937E,4509
1106588353802240,0xf76104b03cbf9a608d9d28fc009c292218ba9934,231
177552842006528,0x421a0ce5434ddd46e9c97cb7785d87e0c4fa3c54,226
1106713685471232,0xed4799d748be3eda277608c7cde41d0175235ad6,223
1107009847721984,0xf0720dd29c12d7076c6d63320fcf3ff6313f1c3e,223
1106570446503936,0x52f15b7b6cd79d5222c6370b9bf3ed035e81a1b2,219
161301387001856,0x665f44e3c2d7a9d6370e2c682a7d2e88047147ea,216
165933465374720,0xda3605d79bc9e6ddef9bc8166c922cf7fd7c01a0,215
1106705515134976,0x4ad649301357e22d5486e04cc9ec72a37bdc21a5,211
1106828206444544,0x52d536190d492e50b2b46d0943d839b35cc727a3,211
1106907684233216,0xabf7fe1fb3ed2d5b14a46704824035a663acacb0,209
1106827060563968,0x5c921c8ff1fbc8ae744457e28b099f7e8edea211,208
1106821466726400,0xbfca450489c969f1653ccde62961f18cd2556b17,207
1106694301122560,0x354a5b91621b4633d617200f1cba33186e5ab431,206
3106701952565248,0x4b7dad7cb62ab8f95828cddcd2bb4ae2b47eac61,205
1106973233221632,0x9e88250db84e00d76a1ee4afb8d76becc5a8bc53,202
1106754749030400,0xca46144cd13dac22a903bf5341415166d8ba4417,200
1106750365958144,0xcd9869d32d6c405a704fb0e9714c239f8f80c0c6,200
1106598831583232,0x4fb8e7b08f02859b56264d85548a793a7483100e,199
1106698580070400,0x07d7201372c2f5d5bf50d2ab9cf89b83124089b6,199
1106717832105984,0xf64f998af643023b7afb1977d5d07fbb9ec3f7b8,199
162636452851712,0xe81CF25302C01Cf0CFc06A2525A890E8BeB41317,4470
1106694194536448,0xdd8ce6c6fe3cfe51cefdf63ce01d37e58112dd53,198
6438780661900107079,0xEF790B8ff9B55460AbE7944faFb89C39Bf19A53E,4468
1106738220498944,0x4ebcf92f6d349214a6be7f35818002cb22066af5,196
1106728568242176,0xca5303979ffcf7bedbe4c82b9927c8937eb4c69a,196
1106725789351936,0x4bff7dc907d356764411deaba0415018954e7656,194
1106741090660352,0x418bc68bc61c1838567a17f28b7dbd4b8461459e,194
1106741086404608,0xad63f18d840ae3eb7a78683636df3aba01cceff1,193
3106795090522112,0xb193fdcad0fcaa7b239a4621a59a1c60f764965a,193
1106723259019264,0xeb4cf0546ff8db2647d163fe1efb00dfa5f4efc8,193
1106803403608064,0xea535f555dcf6d105720703ef85351dc46d69cc0,193
1106744503631872,0x20f574210cc7856e7e278254bf8ae7906accdad8,192
1106740190633984,0x24f5e9d8c0520fc51f2f45babd887552c4044d43,192
1106758003367936,0x3ebc4d34730cb1b698118d64f5c307cb5f65c116,192
1106913621872640,0x1b15b1fd251cdb57122cde6794eacbf9ee992bc9,192
1106754799390720,0xf97efb75590f19131bc51b21ca051cd203171982,192
1106723315523584,0x0bc59d6eca59b4ec1c158daefa22d7b1e673e24d,192
177297962766336,0x7728aef8d5024d7e20bc9e8e73a3f67300abf8ff,192
1106754768375808,0x40d95bfb591284a58e7441ac49fe9093718bed3d,192
1106744610582528,0xd81ba905faf51ff24ba4eec03d2c483887fb0b13,192
1106748404854784,0xb2f9290655970371d8511138382bece743818c84,192
1106705989464064,0x00ac82fa9d25b801561ba2c0479c7da32e1b8493,192
1106748247605248,0xa9667149bbf84afecbd1c0bf5ca9e759609a5ad2,191
177552847753216,0x30174233fbc4b669ff7897eb3adefd9ad38c7f2b,191
1106752405037056,0x02584895ea12c1f45e1ff8425f97e3c2266c7de6,191
1106752493465600,0x7a7ce9557e3f45ad527571a01eaafe2abd4fbce4,191
1106752614088704,0x080b81485ec968a7007ffff878c57db9b8bab955,191
1106758105653248,0x0f38d64824224deeecb38b8891708a75e828c073,191
1106754715901952,0x4078d5ae20cbe750479abf6c2cebcd31619cce8d,191
1106752468488192,0x5a552ce1ebcec1210f2f5a83d9b9c6788f5c4f5b,191
1106747328450560,0x2e9f47fe242507791c9266f25d1beb22a287ed07,191
1106746180067328,0x865c821aa7f1b723d2ce2eb3765b1f79fd6c1728,191
1106744482689024,0x352b22482c699ab7727e7032cbebeb5033018731,191
1106744479850496,0xc155a1d9f71f4c0a113b2c0935fc8835da3db3a1,191
1106747105849344,0x11c3ed8c21a942a65f0e782b2168413ad31c4f4f,191
1106748518105088,0x1dbbd839667041f2b4d3a41c0aa79e0bb6896a2c,191
1106748925198336,0xc0529193e0231c106478936bfae1f543550c6a0f,191
1106738302615552,0xead6d81f9f29f92ea0a793a4ac769236240d5836,189
3106683294535680,0xba605d436b35c68ea96e0453072db975d6278e7c,189
1106728522813440,0x139194df9e8a96f4a4d66a24a121fe4050494e49,188
079900232667136,0:d6ca518f25f9a3a6b4ac4bd690ae162a8a27aa1caf5bc118415e3abc5f498ed9,4459
1106988324745216,0x2e23c126921d5707e729ecf9d38b5e7819a0eb5f,187
1106722277969920,0x526fc4f580b1c73e7f90e358ce9b588d3c497ba4,186
1106922005303296,0x1775cc97e5c05fde8b571ef75ca52d0a9ff19025,186
1106714777800704,0x9cc762f2bda08333117ce4f313c3521cac88a6a3,186
177542173171712,0xa6c3451ca919b023e00793f4a85e01b19cd45b16,186
1106892701712384,0xca8ae67655eadc19a5f9d9e20eb0bbf63653bf9c,186
3106692013449216,0xdd603b116350071d8fac84418980990e1d85edc0,185
1106725758808064,0x61de2bc546c172617482dbedd9bd5d5756f612d5,185
3106542381883392,0xeaf5b016df4073cf54bc78cfd21df77a4b59d9c4,185
1106725679075328,0x96427dcd2f5e6ea208d9539104aee393795dc287,184
1106726039171072,0x216978e461afb8e3f7ae8abcd844c82572ec92f7,184
177542172729344,0x5c2809ca67442881acefbc8bc71cc89946a16646,184
1106977101778944,0x9cd1ac3445cd17a0a90b794e6f85239b026ce79a,183
1106738249834496,0x6e04e5e280b5169487930fe2c9d8dccca7077b08,183
183362465525760,0x2d9829bf709d027e39bdd1a779a79794fe99b025,182
1106723263799296,0x314e67dc44c366a4625534d4a305e727f045d948,182
183377341784064,0x8c1c1a8ab77fb9ea4da133c95e7094858555c63c,182
177542167109632,0x2423f4b625b04b7767534f9b9b7ee8dde7041732,182
1106560444477440,0xfee441cba378ac97beedbe9e2c56d0abd3802197,181
1106712701546496,0xa2de3a6f2df315ba332cfcb0e3129b8e0884699c,181
1106710214746112,0x412ebf3a03ceed8c23ff9c1aa7f2a4c1c9dc66d7,181
1106712787668992,0x8480bca823aff3ae78504a7a91275f20647fd918,180
1107018245341184,0x1de3c607e7ceb0ca6f81541ab116d796a98d97cb,179
1106907207008256,0xc56a564cfc63da5013121b471d2d75a90f6e962d,179
1106739720499200,0xfcf2b2c755412c4af193574406d9faf35ed72dd2,179
177523663249408,0xa3e39061d470df3551b1c4e7913f9a275eff6b17,179
183369312231424,0x9be7063352b6e0432625677559c1a0fe0dec5a5d,178
1106819925307392,0xa191ba98aa470c596b6bf18825d635e254ed9477,178
1106997411803136,0x593d26234518b03fd9f7dfb053030a0ac762fdbe,177
1107005873631232,0x620fa526db099a51f4e47d8c85122717773e87e9,177
1106712638431232,0x5466b6de6e0f4965c9c3386077dd72eddb1fc863,177
1106738233774080,0x5cb6dd8ed194e97f1ef92b9fdeb8db8bc6beb959,177
177895724154880,0x630f37b9c2605768a3ff092fb9af7616e3bdf886,176
3106702307872768,0x80f1f0526e5a4ec733d24b4a4bab85ac15514c5d,176
177552840220672,0x942bc74756c23b4aa5c25906daae97787436b45d,175
1106758034427904,0x2375f43d4cb803ecc7619702b090a075d670c10e,175
1107027856068608,0x342b01f7988cee2b3704cb3fe7a97614f880addb,175
1106757841285120,0x4390c864a395540af72e657f4f111f63c5419757,175
177560094097408,0x4935b2467686764ab535853cb71e846d8dcc3b22,175
177560094146560,0x797df4c812a3a451ad864338bb7759d28288c0c6,175
1106746187296768,0xa7aeec7438e99dca24046972422404b524a2ccb0,174
177525158760448,0xaada53654a591ae5f50660785f06d21d550fab5a,174
158132644810752,0xba13f31fb749639c18d10f21f22dd569e7bc5834,174
177560087879680,0x9cb40b6d565bfacfcddd98da7e42063c998215ba,174
183370056912896,0x2d0a3760c4b56ef995f319ebea2f5fd60cfeeeb1,174
177525158522880,0x662063983ac3ffbf1d186c0599300771cae80729,172
177542168670208,0x2f4661441ff56d6d25d7919bb6501d1b9687d200,172
158341549912064,0x2eb44fb7935c3272bdcb316155be462359aea6ac,171
3107021972860928,0x20db0e9e9820d1bdbe39cda315679495d9318564,171
3106790734286848,0x3ad62363292acedfd76e2291137fb60dd88dfacf,170
1106720299466752,0x0bf25154bf2249a1771074d7f9584cd0e8be651a,170
3106802777329664,0xb5994310fb06e86bde6ac95ee2c5d6f6423ad3ed,170
177542168993792,0x72e4ab303bf053b7fa3060705fdc6b0069ea25be,170
1106978002841600,0x9e686550bdecd9e4a8b213ff3e9ac2fa25cfec5a,168
1107020289171456,0x0957892530c82fe972368342f5166c1eb8a5e5f3,168
3106719101489152,0xfae730760f3c308fe2694823b348de66ef63ca29,166
1107018411724800,0x90809d4d46c88fc1b0ce976cb4c6a9f704a47e52,165
6447021633100100435,null,4435
1106714226933760,0x7623ad62b84e7443f79af121659b8da1eb9af216,163
1107019981070336,0x1e1d14691c6b1911c1b4b673f45d7ffe2ea9774d,163
3106773522145280,0x1daa49168fb3dab405e9856e51e7fd8af3f4cfe4,160
6438703694000106566,0x3D4b017fb62a67BCaF105Fc0C27fa3480B389E1f,4414
171331333869568,0xA6D026BcE1EBbEcBb5acEED70f3028a94d6eA1F3,4414
1106613551841280,0x13be1fd2f9229c54eeb41dee1c00299736100a58,129
1106614327103488,0x80ee2e49a8db64b6da268e09d98c18957441ee7b,117
1106631806558208,0xdefe42294c0d362f10ad6d2d17b73ed8c19608ae,116
1106614456205312,0x891b86ef7b674af998185594ead4025fc8eb1d06,116
1106682107547648,0x664d1baaf24862a844d63a137ffe07a5c3ce1358,115
1106683514425344,0x28e03bbdab1651a375f60128acc283dcb61dc253,112
1106615051022336,0x22848e4893bff5f4d9f031bf8af4280db2d95595,107
3106814134280192,null,4374
3106683593469952,null,4361
092523264655360,0:a708d8b6bf80ca7af8054ee92a4dbe60a9d77aee13132c6b2d32aa06e721ec4f,4337
6159235508500109832,0xDfb7ec89A825A8C74792571e3D3413F275Ef3175,4331
7344374093800100689,0xf7754319456F982A8bEf15B24E9a71A155995Ca9,4327
389756733337600,null,4323
161684643356672,0x2ff5E61e40deE544c6F510a9928fb657C88C8516,4309
389756714610688,null,4284
172504967335936,0x14f2d17cA2409Bf3572092BdEAadF16D96dE8a35,4254
3106687383588864,0xA8ab8fe71B65e06158e330fE5ad41f712b734aE1,4190
086029293686784,0:5f08bc96d692324214f85f9db72473ed2a369f76010a791e3467708e484b50e6,4165
6425279674800107180,0x8367F7b704DD781403C25D296Bd0f6005419C158,4134
6453528775100105004,null,4107
090931011846144,0:430e7d09cf61b42411a145f9ea644537de730823f32800acc52e7c5c59e8cc19,4107
158872928854016,0x483FB52a8C4c3d2d372416CE5B7B473fb2608DC3,4103
389756680146944,0x1A55111a920A8Aa97bfC9413d6b700DA1B3c374B,4093
085927121772544,0:5d9db5f710e613207013598373dfff3e7dc2480b0319459efb6b2ad2cbd4f4d7,4084
158288698662912,0x2DaE98E33673B28EBD2aCE4B0044d92FDC3Fe2F7,4080
6159234794200108491,0x93671a4bD69049877D00604915AcB72493C18e86,4041
1105611382501376,0x3c787385031dE7e49C8d1f8Ed92cb20ed3d1DFd0,4033
2113282029838336,null,3981
158213704556544,0x84ff5cfBf0A83cAE2EB9c61851eFB150A0504F0D,3974
6416316280400107873,0x6C981aF296D399B202e806473e0569d6527A8d94,3953
7260628882800103664,0xE22bb746358bBB179B0Dd893ed24Ba0e3552761A,3944
175137227894784,0x907D2946B846FfbD08803fe69D7844Ef8e2fbD9A,3913
6261451604700101253,0x3f45dbd976cbf8d39C98D2A55D3AA29d54f92118,3895
175091462254592,0x458Ffc35fBCf0D3Cd912aC70E3C37232FbB61214,3893
6656154904600108037,0xE6e31db2C23e1D999C3b2101c2f86295A15992b1,3885
175103232061440,0x56A98918A71f49BAA5e28aE7b07d43c370C935Cd,3863
175072630624256,0x73A25cBb527ADB1eeD931ca625A7e4b226863E03,3862
090927097253888,0:4ed7b56a5aa12fe8c527155cdf5b5010298b08e57e5abad1bf50b788001b7a0b,3858
174991761047552,0x0E32C2ED10840fcfCF01c3468B85c8DCe97ab067,3856
174930255261696,0x975fc7cbab6f51679B77d4011EAb023a420945e3,3850
175057705263104,0x118d2c08Db8EBb44D8Cd9AeEFb5Feb9f63B72B54,3849
389756639420416,0x93000a651D8d4184C23a3d3f23f63F6915017926,3842
175144960479232,0x73f78487CCe06dd3724F31A5015542657BEF1C64,3839
175010779066368,0x415D82A2F9dd1D46495574A0901D79d398569caA,3821
174937094512640,0xC685D3b6F95c8770301d1c52ceFDabeEB05d10e8,3821
175304094601216,0xB589237e4248a54fF7B0a9068cb1761411604cF7,3816
175473498329088,0xF2e48beeB27B1998c86D36371265F6D34EbB9645,3816
174967887450112,0x52773B07d546D428aC10c0D2033456C75f511baA,3814
175017068064768,0x944dd11bC5613270Ba318B85382Bc439943F6901,3814
175468268036096,0xAd5f21f26FE480d8BAD9e928d75D900BAB142132,3814
175227512877056,0x46840690FfDa52e577619c846E764f196aB560c0,3813
175261231767552,0xa770867e11B0f11550e8FAEb73f7021471C92578,3813
175431712792576,0x3c96492EE8c75526498D195bf825cEA90B4244Ba,3812
174949224005632,0xA75c77F720bD1e432Dc7d717c9efd72C112318c9,3812
175167667728384,0xa3f6Da83d73A7F7739c72bCB34C3dcc6059bac00,3811
175308820455424,0xB179b77Be92F1aE1368eA9517920ac34F6bf48bC,3811
085757761142784,0x4d54026Afb86aB81c683d068d17Fef15732B3336,3811
175366412443648,0x2D52E5Be2829421EebF6D30848bC99c6301939D0,3809
174923260329984,0x50dca4878b3D8c48ff61e432d6A587253845520c,3809
175126366052352,0x4Ecc57bBa66ec01966dfb3914eB2C392b3dbE518,3807
175411151704064,0xFc50039aDd267240a767b0EF4aF72ed5abc51FD2,3807
175209489305600,0xDbBe1F7fAFE8465EB7B9ccfb8356d90Dfee8235C,3807
175374828937216,0x29708c3F0f7d74B106876d52459cD404E569B0c9,3807
175416390201344,0x3B63d8f901b6d34C5a111D7fDD3B09b8062E2Cf4,3807
174979998056448,0x658E2d5b2b3408D86b40Ea4Fc53517Bf0197EC49,3805
175362090180608,0xB8F21Dfa8b591e729D72694c0626D124c8e43442,3805
174961294520320,0x6F770a29935921CCDFE754d913262C8daeAd9A90,3805
175426724360192,0x744fb948935c3f6E869eD2809387902A146a48B8,3805
175442054668288,0x76D95585F3F1F1C9E8D7cA338E8d61F591996dD5,3805
175447512018944,0x44CD620FE2765c41492DbC75Ea7a3D5212a99F92,3805
174955094417408,0x938f7775964325645Ded833D33e7AFd9900e4085,3803
169066517389312,0x935627b765641795dAdC1B05D511330E1B94858B,3803
174910021287936,0x6ba0b3700de09685019f393355cdDeD45EB780D3,3803
175064678748160,0x9044F505E5F195c89523661ab2E7B3a4250a31e4,3803
175421720739840,0x180A7aCbe39c204027e613AD0e7244E81Ef29997,3803
175029532729344,0x24e97E7493e03F1EdB91b13872704BCF511d6EEd,3803
175035893534720,0xC34A7cDF9082B26B81baBF2278D8BB56cc1A45E0,3801
174879752646656,0x21edeF6e25fC4454fF2FA7AEDc90feb6A497B8a7,3801
174973937934336,0x18797C482B4AEbf7903C7bC6Db1386A618632d54,3801
175023000141824,0xFf8147D5F26c8b0cb2723722c05774d4D8982fec,3801
175479337160704,0xd02DaFF394Af31e81Ca68c001d8b44F4Fc2074b0,3801
175043117129728,0x58fc262654E8B5782fb87Cb1c07D4191359Cdc1E,3801
174898295836672,0x6baBA373749E7FE9c71970f0146b6E03BFa7c6AB,3801
174873917898752,0xAd01B6b9fc68f39f722bf9A5907D9e36CE9F5768,3801
175251765866496,0x5E9D338d73871773e5380D948039AACd9F4b6625,3800
175379405152256,0xAf9ded407e94D6D7866D9E11403E06Ee771BA42a,3800
175201583280128,0xE14a2EE8cb16aFAC5F65df2194af6Aa6c36e35A6,3800
175179834310656,0xa72f44C609d750f038927014F40277EB8334bB82,3800
174998515707904,0xEff3F54EBec9C1F73e50F9Fc2841330ACb471677,3798
175388359655424,0xF3cEcF6D236d7eE9A0b1427F65Cc9a9dD954D667,3798
175357991014400,0x1e1196025bf6E172b21D3E9e9E4e0581120917D7,3798
174903685218304,0xD4E10df4C990F147c483d3700D5DFDDC8998A2bf,3798
175079896715264,0xCAb754f5CB7817C93Ca286F8Ab75B7c8cABeA001,3798
175406484897792,0xfA50B45aBd1Ba86A4aeE30d3A04Dc614A2865f3e,3798
175218359226368,0x52dED4a615ccd7C15d97BCeB3403D93C0Be3E5D8,3798
174916289372160,0xAdee429c47303f12dF38F62D05614678a7C22613,3798
175114520825856,0x1Ab0ed8eCf3F428D536D8Db79Fa2dcE94835CD0b,3798
174885978169344,0xc0dEB9fa2f0c59ea291DE66c69D5284f9F1c9C28,3798
158252724801536,0x9E5D4694Be5b045301450A66a9912510865A826c,3797
175462661980160,0xb52Efd6a1545940628c009A54DC194A4E01ee9A7,3796
175370585554944,0xaE99fdFD2720bFd46474D7f56f23091A4022CB01,3796
175275873959936,0x002E3392229FFAdFe6487E1FC228eFa6b9de58D7,3795
175290204712960,0xF747551859C9357361635EB2Be34e9B11C38E5F3,3795
175190632038400,0xFF21492B45E59E7B4fCEA8a5f50C45B55a729bD0,3795
175197860839424,0xF44D91521875A8b16145947cf12999b93C185D79,3795
175333259513856,0x75C303110D3F61764FFE0E6C0F6Ac29AF4fca9A9,3795
175392871776256,0xCcab5Fc2d1A4fe6d32e6083A71E61C0232b294D9,3795
175205456756736,0x85b6D71c4AB603C76ebAB7Ee454e8836A3660407,3795
175457340002304,0xcc2F79D0A3e7BE1277C5B7290832766913D5b0eC,3794
175004756140032,0x9DC4296E480A44eEB060206DfADEfBA167e73eB0,3794
174891979497472,0xF14aBC18449b270a39A85Ce304e990CF57dFD907,3794
175452409413632,0x5AbB0Bd81adA872f99fb7E4dc8ec9C0cA9498462,3794
174943627091968,0xeB72f6cd2B66caC00C46D0F66151E5CEa86E8391,3794
175241954607104,0x63a9b0f34B0196E1839491A054163ad3b93870AD,3793
175337524518912,0x7EB257AAa4791C83ca8356eA9930c25212a4d665,3793
085455735164928,0:1aec2b2c90454ea706f3c98445037d9fa99ff35581b280f269bb8f0ab75a2ef6,3793
175285674848256,0x966427fED1c697818305130B3663Aced8333B054,3793
175266438451200,0xCFD81c3A7e1c0d6a3d4969e2bBDDE1764964f1a0,3793
175329190973440,0x68422bEF353828c59FCEa6a7EAF1271Dbe36182f,3791
175353920102400,0xA0c3DCB0CDb32e8C66E88d5EAF79672dc7573eB2,3791
175270879948800,0x037aB931B87B1e28B8DDA3Dbd8A4119df279d9b6,3791
175312809455616,0x74397D208819F95dFf351E3D821f116ba2D04d55,3791
175321068453888,0x0852Db636cb6dAe0fACf6a4b4d15844006fB57f6,3791
175237089017856,0x4422aCD0A882bc0D9e882F10CDd17E4cE8c1D1A1,3791
175174671773696,0x34781926398E25f7D51fe11706C034049750894A,3791
175294570229760,0xF6125bCeE6B9a053b6600FF759CF49a6D379a5bc,3791
175232297275392,0xf335fcB330ED49E9098B9e8642A47597cc81201A,3791
175246847664128,0x74A187bd91d24A299c02D5505B2239beBe810F7b,3789
175325153529856,0xb45Aed57fE9f8BB027A4A2CB917a7f24C705A9b7,3789
175349842587648,0xBC24F30a39fcF34958D36E727841173FD9167AF2,3789
175223286992896,0x45E4680a23F0cb78BDB0AAdEfA7B8b285ff7dD1F,3789
175316846968832,0xD633b3bBD296Cf9ad0B086B1a29DE9662C82B97F,3789
175194175623168,0x8ab092F347A9b9866B03E24F9FaCA645d73e88aD,3787
175383792050176,0x2022c41d9B2B736240652E8A68543276c6926730,3787
175401904578560,0x3904e2d475bDf85Ac30a32cAeADAE4b07cC9870d,3787
175183405223936,0xf0dba8606870a39aC37C9EDc993D784463650698,3787
175397295030272,0x2f3284267EA073A70DA164b49Cf2298D7f572852,3787
175160851611648,0xF0afd02465414396dB8072b0e1D8cb814377E44d,3787
175186878361600,0xd3eF873EA2a5D01d71CB55900c5c46fc5150d0D4,3787
6451174392800104704,0x06492F690F3244c2c3e4A5111Af0E01f2b6A1F34,3785
175341540749312,0x35Ca78AF741Eb08535A7EC52FCD9f26Fe106aaF0,3784
175280899788800,0x7963d7d54eadA191C62D5FA1140e9Bc2327e83C5,3784
175256468844544,0x48825117E00Dafba28802aBEcA17044774BD1561,3784
175299262005248,0x0c362152361c0E616542e3d7D11055FD9E5082b6,3782
175213921886208,0x7Ba1A7e40078E2C2a62A860cd82664F9d0FF2Bd2,3782
3106735586131968,0x4B9a18a53d51d69411227859373a036017623708,3772
174985930493952,0x0FCcB3983b027CE031719f51703B9345ff26f5fc,3763
175050475868160,0xaa43F9aFA15F669f3E320558e0b45435176a297d,3761
175436853690368,0xA2AaC7ED98D08Ae3C0DdD4570B1E460044Fd3E21,3756
085511495712768,0:99837130c42d9d075adefb9ed547368a80e32e2e05d1157b2f7e00a2d951b81e,3749
175345573052416,0xDF9122273A36ca9bcaa9B94DbA6Ad7041E4A6e5d,3745
085616585666560,0:739707272ebc4bfbfb24f3a9c1fbae9e5b8ae7623bca9bae475f8a58a7b5a3a1,3725
6412741014300109164,null,3716
3106777428533248,0xCa873378Eddd7aCe3F10FDc3B52837F1dA9Ba7af,3708
6450970819800101922,null,3706
389756659703808,0x1eF84a9eb9b628240F076B7cE2F189C7F0A0578C,3698
159591046369280,0x3db414A11aca3E46Bd146510f76e398FAF7663aF,3689
087102838390784,0:8d9afb310ce644262b1cfba2f508065451f518dec14b5d65fb60d66ae4874e85,3688
1111922858815488,0x6cfaD79f1544b2f83734F91dAEF54B637510d9da,3660
6156810698800102053,0x7aAA704F73C1Dc984Eb042f5e6f83F18bbA29F16,3655
6397315105700109893,0x4d7BCD2ce0eE7aD81933E70B5779929122Ea969B,3649
159375430955008,0x71Ac3E7B0f1D532B338C0fE0E9e383B347fbD5C8,3647
085375179776000,0:e091e2e8b8031576ae44073061f794d4df27cfbe4eee06d81fcb6634f26db401,3643
158248261148672,0x51fdb959a53E412D35D2F66614E8f78f073391Ed,3637
090929894199296,0xb0E787dF7c83a067a42a6602C6B0a425f41e213D,3630
158878125486080,0x560B3839570e452B3836399aB9d6E2EAC6e9a17F,3600
3106775679754240,0x866315657a949F49cE2BD536BaAdb43228f9D200,3596
6159234271500107506,0x28473B3b7e23EC72FF565bf6098A990b3fd60F2A,3592
077693776441344,0:78609545bf8bea996822640992611adde5d7f54e3ae3c0602b0289d3e9de4fa6,3587
6441587503400107924,0x1b63eB735c7ad744F24fee94cfB72A81eA32a404,3582
179899568537600,null,3574
6159234290700107542,0x502ECe7C78E6bcD29EfA5A96654d75F31c0B5726,3569
6655302397500104986,0x5bcF207d526A2605A6279915452F0e5be2EdB5a6,3538
169446041300992,0x22a0F1062E18bC89808987BccE3939171Cb1cd9b,3527
6451194628600104951,0x6C49faDb82fBbBe8dBa48BbCEb2b48e4b79865E7,3518
158212193337344,0x798C991e9738F0A80bC4dE531000a798fcF46f08,3505
386510355107840,0x195af2591AA6780179e2e062781eeF372dA488F2,3490
6715490380500105908,0xFc1aa4DAabDC6Ea4FF8219D3692BaFbF02B7e118,3468
158422641676288,0xd4Bb95e7Ed087794B06B96697f0Ccf5264011173,3440
6984942424400107384,0xcfC3F159cA461F703493D07328185b3a8fE2D467,3421
6655647145500106117,0x7a0bc847A4779d4D085aa9C3E76C5c50986f0E33,3420
3106894348427264,null,3419
2107447968083968,null,3366
158270474539008,0x7321bdE7749D3E5729e8D60C8fC0C16a7C2029f8,3362
085847731007488,0:12d6702c077f00bbce55094a4a747852aa014a818aeb1462b778f9d1177fafa7,3352
6406242266100106041,0x56a314F4D165326035bAcF716F0902E695f912cd,3337
158854131601408,0x2a881F5c9bf385621f1ba9E5A26EB767886E1705,3327
6159234524100107989,0x94A8a6b01D5144bbC8755956Fb9c4cbA586E5b4e,3307
172735748034560,0xA81bE7b33b146F0E1325Abff5E795D8403924B73,3300
174319141093376,0x54b6E9d60aFb8f798A6AD21CC4C4172Df8a182E2,3267
159832608141312,0x8fa8f871C251f1704790cab03289C72bA1e21377,3243
6159234656300108238,0x03f2aCAC940247c5B1E8Fc7e399FCE735bf26F95,3232
087889737273344,0:3305a74fbad6f40dc63fd7864f9d6394afa6be710696359e69803c5ea593a6cc,3228
161506756345856,0xd98e2254a6b355de94df327d2e922972Ab3f647b,3193
6334127183000105375,0x8E1196d60696ba255B0990755B9Cbf200fd3Ae0D,3183
6416376484200108188,0x29B9e64f1a82D9e874109E19DFdb5F8F66E26c96,3132
171299588026368,0x90bF3a3Fe96bD58D504d4C1e8d2fae1aa3ddbf81,3120
6645195350200105730,0x2E86182c654B97F7Ab655aeA1887bb14033478A6,3083
158633180389376,0x6a926dE8c63793B4Ce07e9C416Ff6C48A1054D63,3079
085659693436928,0:5562e5858019089f82515b9e0fb757e1a8279a798f4afa88b4b91e3d3c6856a3,3054
1110615524601856,0x8aB3F0a9D7c4d7170345364D486f54cFF1cD98aC,3005
2106277187592192,0:30ff965546e5683af7d61c801265399418828e63a652dd16bf519dcf2b4d79a6,3002
174328664723456,0xeaA354591D472173Bf36cA6Af33bD05c2b146f9F,2999
3106740344983552,null,2998
085505822728192,0:f3a4173b89f7b31e7c7c7f52c3f3b24686862414bb15c50b668ef6efe23432f4,2998
6346919616700100757,0x5F86853c307381ABF7364789C0cB6D730a8a6F3c,2996
6275906223200101015,0xE47EeB268480e5b3F1cd951148c5A48D2FfFb68b,2981
0103578038140928,0:befb3935595b00a9820a9f2ca9b28b3f03492fcc325caa236b3bb76c0c78d57a,2962
296758691504128,null,2950
175513615757312,0x707E5f9A2146af54432aC4d62e760c61Ca599640,2949
093889768124416,0:c2339fdc420e4728deae385175d699de991b4481d41b28d4e2cd9bd534688ce6,2937
091589582147584,0:7077f3c3b8ed1f6ebead9057ac1fe1988240751e3a7d554bd2067a569f4777c0,2936
157954961178624,0x3D229164D3a67Abb13E743359700808AeE9018d5,2932
6751605137200100085,0xb8aE6D7a13AE021829CB9C97e9362590c0C15CFF,2922
6751556033300109859,0x05397a64755EDE40C33a54BD646A735D712d7580,2922
6751760296700100642,0xCeD49f5dE0ea058dDfa9335F95D498D673dFf6Fb,2921
085411343585280,0:9ad04ad3f7c02add172db2c6b7b8ebb92fccacd613e0d190de4c0545858c5818,2919
093979533119488,0:43d8e39e7b907a2b0392f36ea2d379c3865074e410cab42f309bf21ea5103932,2917
6751706367200100450,0x3D1a48316eD9cAC4fD637C0Ba69C872FC57EEc89,2912
093901232930816,0:749473eb4b4e5c1b25b60f83235ba40ad0d1af020b22d0f3fd9820f8be2441e5,2906
097036594769920,0:f9cb591d468f324242d6697b27ece7b567f9abcb898f5e9c054a5390d4129ef4,2904
6751634895300100185,0xf950a6f32Eb401f2c3D6caA2D3AE24d88a703ed8,2903
159629950889984,0x5C8Dd84221523612B2D7660e932cA636Abd4D620,2896
097036551905280,0:4a9b545310affde8021d561494501c88b1d79cee6d9f5272a468cea5026ae873,2882
6751790357000100812,0x15c50F749D4F25C0906d4d38072408ae04Bf36cc,2873
093838696554496,0:e2e71c1fb93db7991c1a7b40827bdb28a8416daac12123d7166b29e452cf9ad0,2865
097036614037504,0:7c7d62d36996b8dadec9e5c10454bb285cee4f146475cd37668050986d86ac6a,2859
6159235426200109678,0x7b3E47aEF396704e813480F7DEfFEb3C24303c17,2847
6751492465200109651,0xB962B61202498ffbA82828BD2acD854c72bE51dd,2836
6414203400700106214,0xf4C3AeD058AEB73DD323471643DEb48Bca454e5a,2834
6638919159500108201,0x46F0aAF85dc8029648217394C30820E9AfE130BE,2832
086931992473600,0:e73d532fc411459b3fe6bfe31747e41a60422ab0cf014f7c47284e6639a95421,2828
6751691631500100402,0x45d49e6456287A309ABb4A6C01A97005375683c8,2826
6751775270800100708,0x00FDDFF57b92088Fa263889a57FCedA6AF2890FA,2825
6751590123000100007,0x8EeB84281ccDd13a9DBC0c0fBf1DE2831297592D,2818
158215217160192,0x2Ece03Ae1081B04c94402d7573cEe8D6Ac64b954,2816
6751620017500100137,0x2fb772C4bBCbBCf5b6939fFEc2d792e062656058,2815
3106684637278208,null,2811
6751496130300109665,0x7F7c697CC41EDf12412236132AF8D30B30A8f1CA,2801
160950583296000,0x777B8A4aFAb75B09972bEbF94a300D818b70E65f,2795
097036591087616,0:7eabd631e0a3225274b8cdcec4ca5e0583b60f512996195d8c5ae3178227bfcf,2792
3107085254156288,0:0b6018f2e0cb8f66d27a4655c8f886d11e2b09b86230cad794edc1f3f317bf04,2791
6852435895700100152,0x1205015734C72CCC2E6B3212DBA6212edE257d03,2780
093871647608832,0:d18fd9dd60e32d7eca4d4d32bfa1705856b9c7e13de7148e523afc8b54d970bd,2778
159476002697216,0x9B62b03818878D8D2dB6521f76206c045320DfbB,2768
6751676769100100329,0xC73325CC3766A1d6Ebac58bd7A3dB7Fd266e55f0,2768
390444909752320,0:512a264aca392c7f0a53b722c65a9ef256fa57afab8697cece8cedc99f12e661,2748
6739920087500100129,0x080aC38045C79658D55bA268954DcF3c1EfbBCf8,2730
158258575085568,0x2bB7a68D6620D8511822A151d1cd2F031c070ef1,2728
3106684562685952,null,2721
174897246564352,0x452d8ac32a67499E670a82C7d9D31c595cC9d2f4,2719
085439945129984,0:bec853d2ebf170f8acec01b9b4fa9495e29487addda7e167eb7083d603cd0bcd,2714
6751730785900100532,0x678f9F53c856276bf03b6470aa25C0dBEf654347,2707
090055737643008,0:f1e8b702faa2539ae802d0d92dad6fddcab21c78edef61666c47a49a62ccc4ab,2704
6441468283800107433,null,2700
6416852676600109576,0xc9Ea4ec89ffeA2c2C2165152CEbf1E2Bc13EDCE5,2695
6451366091900106701,0xd479f0A2E7A24D81307299996aFd4C3586268eE5,2690
085394264821760,0:e01e6cc53fb6eff8cebff9b2971ec50d393f4d19131d0420e86fe8122ffb34aa,2671
163916309651456,0xd24Ee187dF8AA928511654a5C499f8C4CFeC8999,2660
086818805960704,0:af80984b1ebdea58070570b9b459a27cef06b07a0c2bf7e7e5ac548745bf7301,2659
086956266934272,0:0b7dde23a66576e32aede104b7077e1563da73830d827156941182edca79a84d,2654
3106707465183232,null,2630
6400428608200100260,0xe1b08807542A786ED8d75F47187673d6B1B201f5,2624
6845801906400103206,0x838c599e9129d630Fd69Ca3160F1eef48495a338,2620
174301050822656,0xFe73E8f2abe5aac217d88209A54b536104A0A018,2619
175145778483200,0x5f4c0713De76d723419cF5b3d1bDd95FE25DfFbF,2605
086076943384576,0:30169252521709e1148b48b34a4f60748ed146362aedf0a66132843c5641d3ef,2601
174247833858048,0xdc488d7DCbE1CB953DEaB1A8853D91AE7D8B9a0c,2592
173909120225280,0xc4cFCAb235c2AC1c9dCA477ddA3d0eE3ff3f0d2E,2591
174026705731584,0xDc367b5B86521cc24E370810138B16dE9701F996,2588
174260781539328,0xEe4A1B600389e44D8E7DC781A866a62Ed242FC36,2588
174044352577536,0x4ed05b86EA2753d8f9FB215C7c155a95993852e7,2586
174219423477760,0xF16CC0d906C3cd8c8BCf15653D9bF1848d7dC9a8,2585
6507925600500101558,0x53f218d7B0488D2fa4Ff4b123E54EF6f909D18e3,2585
159376909553664,0xA4c5d1e3f2F8CF292507485d92A13e6b43c7b583,2580
174006521442304,0xf584D8C417077AE37Fd0616c7b1d5F76F3e43756,2579
159152619642880,0x17ddA01cE150CB051e92AF8fC678b0E47ed5a25a,2577
174060210933760,0x40fbae2d0A785569e74b3478792edd89d7224364,2577
174205387395072,0x38fd5165B6c05c57aEb4Ed5D04a7cF62e950818A,2571
175134997409792,0xf1737D9D0e5B313c729A38152cF742288D22a872,2569
3107161575538688,null,2567
089155241799680,0:ee0c840296f86d815d755c12942b77003e76e979061b476b8f76085543f145bc,2563
174031028461568,0x2353BDA698c24A0396F35419Dc844c0369Ea549A,2556
173879427522560,0x0E37E455f0E4C59d0d0F334a5dDd4f3C52Df4caC,2549
173753613864960,0xD71895DF0469A1DB2b018Eb21E40F5B6Ef2187AD,2548
174018332856320,0xC8941d34cF278e2b83aD23B4Afc71DaF9AfbA357,2547
173870373670912,0x3C11e7fb1dDd386f3E590aE615e437059186a1f1,2546
173952368427008,0x06e1d60566870d8b492Cb80E7490E7030CBFFE9B,2545
174076485001216,0x1E1D595594B9278f90c5ddABc7812C2051e8650F,2543
173864627445760,0x96e80d2af2221b731Da0CF2B98b976EED183367d,2540
174196710719488,0xc5000f4CB4b8F7538C999Bc90DB67cE23DbCf8ab,2540
173767308931072,0xc0d169A8A54F8C5339405A3336ca1a1EDDdd011d,2539
173782849355776,0x0c51Ca814EDE0736595C1bAB6F01fA37B656526D,2538
173791067095040,0x982869634b19BCb3D23c87a21bf30ff0b6dC72E8,2537
174092559151104,0xD49d248fD16aCe5e1d49a6270E793b885aec71a0,2536
175070581723136,0x54e0254bAA10FB8dFf605F6866316f60A5AAD148,2536
6493254338000107497,0x790ec131aEefC1955e911A4E36780bB86636Fe2E,2535
174285931048960,0x84BC50743426D22AaBb818a30CaA1158028d2711,2534
173899653984256,0xab5396d2E6aD6F72dAFD37B809b403E4aE522E3E,2534
175136821039104,0xF41EfeE03823B21a32153210b308F248d2B68afc,2533
174481942962176,0x7f7268cbf0797b2ee030A70AFE53E81349411053,2531
174185644388352,0x94b0D814a9808448c25B6791D4a93e1be9d619d9,2530
173802015825920,0x07a519Aa8E7b20Eb5E2938Da48Cbf41f17f6bE7E,2529
174820656148480,0xF8B915B774aA70e6Dc81fB0f8CbebA09cb2aAb62,2529
173807302172672,0xD45E45Bbb7C232117515740A73409AD9261e9D62,2525
173798505521152,0xcBc38dA0A475F5Cbb517Cbd7D8A0abbaFdB28ACd,2525
174317534597120,0x99D32eA4993B040296093DB670cCf0a243E15d14,2525
173786775560192,0x6eD6F00116825651E9a5DCc459Dac57A48Ed9276,2525
174414911426560,0xfF37399827f60F906ff49B0649038D1767Be1d4D,2525
175074197229568,0x0B3f7Cd923a9F79f156E076A2252D9741339133d,2523
173874039595008,0x891896f9Eb1907705D3c5D38339b2c9f4DeDBA1e,2522
173887054716928,0x38feeE09e44105636c7edacf10b061cb6CAe6C7D,2520
173859372150784,0x0e33b5B3077a26A99257c09207420971CfB59C2c,2520
174603538026496,0x62eC42F4f7E6Ffb5Cfcec17bD7A50e969438d3Ca,2519
173761622794240,0x12000C32E49e50Cf4788dEbc2832f1b4Dc17eb9a,2518
174444186877952,0x61447310D19420eC06E0347f1b5783a1B82F44E1,2517
173818818142208,0x66E9888566666EA3DB7c445bF8FEf8bb1081a915,2517
173961642405888,0x93Ad24176eBb2D6C72b5a198CC0362edf98A03fe,2516
174036232884224,0x6899E33FC10b2eC84590c966387309852aCc29bC,2516
173944928956416,0x101899c472BEE0a05239ceDbA6B7E1a0287C7Dc7,2515
174822973992960,0xde1fD3EAb0BCeF79D68e3422f026a76469bA4C23,2514
173764352884736,0xD395E7162a97F28c35E3A044902a2542A5d6CB73,2514
174790249791488,0x690A5fFadbaD8AE19b03372a523ceBDE47D09C9d,2514
163155389857792,0x7adE056bA6f876384bc6186A65197d700Ff2B8d1,2513
175035871752192,0xa4D2BeAb8e934C52255C4E2f64e0c0738D83e78f,2512
173984313270272,0x349E672AB2e2baA043deBA6C42Beb46f3CCEf737,2511
174154042642432,0xAa951da4aEff5145aAe1FADBfEFF6Fe975B9b1F6,2511
174121191981056,0xbAC5F2BE05E164926aAc8Ab850BD31e3040A8B02,2511
174273821679616,0x433771624Ea33e0a22c66c8a206a80AF5300A191,2511
174817830748160,0xC016049A1CbF7f94557422e1B08dFa7cc33D0424,2508
173928960827392,0xb159b59827161519ea14954F422d0004fB1014a4,2508
173993733304320,0x4908F30213DCF00b54ed4CA158dCA37E298B8B36,2507
174519273947136,0xA9f4A92Add26BD56B7cfc4e9EB4CBf9d76ab809B,2507
175118066790400,0x538B9Aa1579FFD967c04A1030816D386AA579625,2507
174749533077504,0x6F06FbfcC5c37c39c8A92EcF06a1a92783A902b2,2507
174170309361664,0x99646eAa78a7C19Cd9c78294F20fc872aA09385c,2507
174686592143360,0x812f8A1a68E701a4a6aAfF86D25E1469A126452D,2506
173811484323840,0x2974acec51D6b5fe608Ff38715a45a5399bC2b63,2506
173831647449088,0xe4406D45CcA35164A0d3918247D0D6A18151E7D2,2506
174477208780800,0x0C5eF68fbb4DB0409CD56746dFF0B322b556764d,2505
173774261264384,0x20F8d12E3Cefa758E69bc0521573e7E886074D11,2504
174583977558016,0x0eFAED68828De9fDd8A368e969Decd0733bCBf98,2504
174365259132928,0x220A5bA48DCd394979B03d006C9700473115ae79,2503
175108572270592,0x6E704bB67b42494422544dF6106c2a1cD348f08A,2503
174406929522688,0x85A79b58e933490A83508eC24D1fE1ed17B0d976,2503
173890591358976,0xD17193F5469b08306949f813D089C913d4102b46,2502
174855105544192,0xEBFE58B95E7c22c193a173913234a1bfd34a28F5,2502
173836768436224,0xb07eC4a570Cf3089568cAF67B173b6048b341f86,2502
174606077677568,0xf28b26d02e9c33Cf538df31016558D54c1977B52,2502
173828200280064,0xB089f3ca07450d0B0399F3abD68BB2d188c44064,2501
174678755127296,0xC709D0AF58a95b3D188cDb9d4778f1356B3B12eE,2501
174659079602176,0x647f4078cF044E3A4d55AC7c9A783594Dee97368,2501
174798308610048,0xa8A8aD74B8924705c964299e8a0081b6693d40ee,2500
174661410635776,0xDE945e4B260a24ad28f299f4791264320A8fE1d7,2500
174410560503808,0x75EdB0213CF7544b5455bCe86a1d180A612f853C,2500
174866656731136,0x3610D945aCcf3d1D2eB16e4c24f010f894D3E2b5,2499
174141005955072,0x74d76BA09564B9ea0c05198aa2b00BFfDebe672A,2499
174440204226560,0x20F4029ddc6c49E0181FC4385bAd928fd204825d,2498
173771001696256,0x2982b12294d7A23b7E0c00530D69a9aC0d7E34be,2498
173757855412224,0xc130f8b520Cccd1708865f8F6D74A3440EA86F5c,2498
173845700235264,0xAc1f3af93A2F3cf8F6236aa458100Db7c1CbBaD2,2498
174798039130112,0x24025e26C7405b5674ddbF836f005e3d35d44950,2498
173976573911040,0xdEc475225ee02E20D343208BE502ED9aCDa1789c,2498
174390880030720,0x4994D66AB727665b8a0fBDF2CA52Fe843E9B4A19,2498
174362417635328,0x6b459EC41B6eA90E11B124585fB4D8A5b3126049,2498
174426912899072,0xB059cA58B682D18E5b9add16642651457F040bFF,2498
173794996379648,0xbDAE631C8842666910bdbA2fAcB95A56BAf5Aae1,2497
174544030109696,0xc9bC1E47bD926a410C2395864CE2F3471f5999B2,2497
174738055426048,0x8fADE556489fcbd8afe8BE11591c0EB1F33981D5,2497
174229655166976,0x88578433dF1559C7eD8448d17EE6E7e997630daB,2497
173968232706048,0x40F24efe336b462984C114C9BB687E29382F85c9,2496
085837595680768,0:bb9de46498329dd6f9ca0c231b6075229ea061cea9aa528a4f3a8198ffea9384,2496
174863686774784,0x114F70B22dad19d26B4bdfdBcdBd229147A640e3,2496
174108469694464,0x0cd599BF8192146739F574b987412e4B75F32491,2496
175077873733632,0xC1935f75d6e54DAb3D6F4597BA63d17cd45968e6,2495
174752493379584,0x0C00AA68d794A64e3552d541Cf99CAbe885e5057,2495
174772114415616,0x11E12783564B56c8a0E99526E18f7AF436BF15d8,2494
174534403522560,0x0fd5E057d957E1F9a25beA063689469C5ea15C68,2494
174422818770944,0x5A8ad3Ed0Ad4199E95D3B195588e8A72D4812bff,2494
173934018023424,0xcf93EBE01dFBca1df7777Cc66F91Bd78bB15D06B,2493
174490772393984,0x5E26297CF918A321A9D821e075eAcE4a1754adB4,2493
174719410126848,0x712f41B5929c5CDafF2C0f35fb8F557617aE913B,2493
174757904203776,0xfE33E8C0dC2ed666Ddab284C5ae51eD19f19a341,2493
174644898570240,0x65B58B16c6d709Df23095F9cfb778ab1Cf916657,2493
174681623666688,0x3B4A81F4f21F4a55e94622B1609232D403dDc445,2493
174909957525504,0xb8f12536d18039eD7cC0E1eDEdB12B77D7b4b1f2,2492
173852259815424,0xf4589170418d3654db2942431f31A3AFE5dbCA56,2492
175127148601344,0x66B9e20350d9970b13c556c591132a189f8ab4ac,2492
174451382505472,0x8Fad6719CA70957F5aF4262F46e763026a6bbdFF,2491
174400428253184,0x6fD9953D17Da2ef78b8C3Fa0Cf20F14275426C10,2491
174135584624640,0x592d77B8A6dB5CB902c484a4596E63229F21C813,2491
1107023673761792,0xc8ac43Ae89787523009291Ca55f3C7DA809f8235,2491
174381294252032,0xFF2DE1F46288B1Bc7aD7172FD1598279A4CA0d54,2491
174508301111296,0x764e48a702B218E0E44ad2f7F14F20b954167eCd,2490
174860865519616,0xE41C49252422Baf3874BDC4353830e1eA2e6d7ED,2490
174435724054528,0x7De48ae4A692ba6fd4407A7E03F524B90cADf60c,2489
174378144493568,0x71fcF572A0dc81E8c656b64B4E7d03136F35F4e5,2489
174465286807552,0x14bE0a5cFD729A5916619094bB11AB04C9d235A8,2489
174375313911808,0x07A76ceBcbE0c5F6AD5c5a7F6770a9c045dB1f0e,2489
175129325928448,0x270083E9c162ec94535474Ab3cB44D67E4e1F00c,2489
174663216005120,0x01E0a195Ff0D2C6e56E584DcdeFd8d8236EbBf55,2488
174486864576512,0x7e5E7Ff740EcFdd8FAC5AfD17cAa580D5B4e8F6F,2488
174801593008128,0x8F351cC9a86EAd425Da093A490edf29ABe9FbC83,2488
174814810914816,0xB184d20B29fd4ABDb4Da1dBFf03CEf9Ca2e6EBff,2488
174530797039616,0xC66799F94EE1503061E653195C70221772f7d4fe,2487
174515292348416,0x59c8C01877763bFfc92f5760e3497b443f27626f,2487
174527139590144,0x444967b5562EF0B7d85119a32bD6615550b15F5D,2487
174622886002688,0x8c0263c75e395703cB2adA5b0043B9727b86E807,2487
174387458990080,0x9Fa9a5a485613d8600Fa3cfa4e656BAb19BDe10e,2487
174547434979328,0x65deB3399b79D3F4ABD462A24ECBA4734718C3FE,2487
174615550242816,0x9e1198026731E6BeE77d13CBFB29982d4c2C2A71,2487
174461549363200,0x569F8eCCDe9B599A8f78c58e7bc3f6564b14e6f2,2487
174418902945792,0x2929F2D7869E2A3430d1961419479646863ba7a8,2487
174371636944896,0x472fA38acb9514db656E40c320165b1924853bcB,2487
174647453773824,0x51689547B4c37Ea7267875FaFa9c743CA5F4BAA3,2486
173841594286080,0x30C61EcE29E5D811E552471Fc36A2A4616E598Ca,2486
174603831054336,0xC6c90e19F0A4596899941A5DFCA103E08eC823bC,2486
174716260777984,0x4355f5FB804e2692fF81f960E8790918A85dc62b,2486
174165270523904,0x755eF9fDB9d0957138d0194794eE63019329eEF4,2486
174608512077824,0x81a1260B80e376834b1533Ac427B727979667D8F,2485
174611769950208,0x7A9fF08b4a22388C66b24Cb17eA179fd5a5Dd9Ea,2485
174393634902016,0x26cc4160a2648FB8a1BD56989bF22199142225A5,2485
175104107896832,0x18dF1DD0068A1570eFcBF21E38862086622af527,2485
174537576845312,0x1941237809bec0186C80d5B17092E9dED26DB539,2485
174781612654592,0xB59a44f284fAdD88df0584f9d1d1c3410aC9D339,2485
174795707826176,0x3c1Ff8360c86482E6e743eCc75Bf3CEaf9AA2ca8,2485
173919203414016,0xcAff0300D7971024dA0E6B9B07F0223918415497,2485
174580873367552,0xfC9383E8c446AD4726EF24f72B736A81F52950A4,2485
174454922264576,0xfE94C0851B507cd40eaF70126711Fa7b74Dc6D9F,2485
174473516945408,0xE479D7A0DD929cEf6db7daC7afeD97bCfF6b2edb,2485
174397324062720,0xd4Bc51d600121eAd593c9bB62573e83185744783,2485
174571852107776,0xE64EeaB4627f2aC38B8c6FaA7Fa316C109bb93C7,2485
174550725111808,0xF3ab6a5E387bbBff25c86A060e8aA8158877e555,2485
174447873736704,0x10Cc4938035c8923836712E7F027B09580b39719,2485
174819160100864,0xafCc4200bd61c8a454F6BbA8E2eA534838E13a07,2485
174894326587392,0x2886860637106C33C7A70037Ca34F2B45f47c407,2484
174368400224256,0x8c8210A67DC8E8189A6702B12a5Ec7f6254d5392,2483
174852309356544,0x16501e530C70dDC8B4901B9496eC874cF969Ad0c,2483
174634065584128,0xb4c84da4DB1AE734093692D40FB2eaee1ece8984,2483
174673788116992,0x9857806ed4C858C60F9d11144f28A5608b0473d6,2483
174712736051200,0xb9721F2AD9183DFea2c681860b009967e5e67E8B,2483
174656662085632,0xdFA469dF4D831C55249889bd308c264B38D5Fc4e,2483
174694842822656,0x1a76C2d9246A5101484C85B3bA38243bcba817da,2483
174673383890944,0x3a9dbB847cde84eB8B184Edd46DdC62E6764C715,2483
174619189805056,0x46e8Cc362017E3B5eE4E02674FBE73A8a267EFAA,2483
174743422468096,0x81AEC2bd310e914A50739d107cB2D7E8FE80cb38,2483
174568367845376,0xF4Af4f65CDe1380d7d21949c99F81F20A5a203aF,2483
174469070663680,0xb3338C7C43473D5Af7548FC43336689989aD1f46,2482
174500320583680,0x0C18FDdD393e34D01e1aDE05DC4024C8666EF3b7,2482
174512055537664,0x44d4bfF3f5D869EE1C12Fa3E2717C37A213bbb9F,2482
173814622801920,0xa775e4524e9fED38cF1fe16D49Cd77348D3071Dc,2482
174541204963328,0xCCc25Ab793F8eC2dB2B77F9A41c9D7187AF8C4f6,2482
174431042134016,0xae8C1B554260b5E41ABaA37882620eFa8675737c,2482
174522646503424,0xB99087a64411E93fDC17c2A0aeDD6bebD77B3f59,2482
174384475897856,0x470a1F302Ebc15D43fD0d7805ff7D2e9c7e859b6,2482
174831632859136,0xB9dD1e0B39AB3bA1A89D9E53a391CeBb6BAAc171,2482
174607898382336,0x5Cbfb8476BabB53aAc31ca651D63073862E6A62e,2481
174577684783104,0xa1b99e29fddc56220679Ae3385aFD0ED9abAFAD1,2481
174766651695104,0x33c46B667C8505C20f3dE7a8D7A115855Fb385D2,2481
174637969715200,0xa8B4a0beB4F69c256FF169eA9014870Da01C8EF8,2481
174735143526400,0x76E25bCe48deb7240C5e87b74807f10e635f52D6,2481
174699492126720,0xb18ffF60dFA994d10286400D1E634D87CAD60575,2481
174763666178048,0x76e76047FC86f656E6320992D0692A01a2b8D458,2481
174778304565248,0x513dfff6B4eDc8124D766188958dCb1289f4aF80,2481
174659167588352,0x99e9a212aFFCe61bC8d9Fc9EEAcB4933E5fD329A,2481
174707551371264,0x041B3e5B4fc4aF64DBCd5a37b28e790A1e88A499,2481
174347296833536,0xDD47f89A4856adD2C261139A324549AF5263EB37,2480
174504245506048,0xd0c01F8199f525141C50ded1121727b29DEA1399,2480
174403951276032,0x5BCB63eAC24940dC9a7430775aA39F3960854D9C,2480
175082518990848,0xEDD07547928a98Bd1202E98D10B1776f9bE7913a,2480
174496248438784,0xFE83d4111Bd295976A65109c12abEC79f7d299D5,2480
174846871666688,0xe9538Aa1819325EDFdcdeAfC8Ef1C0372628532C,2479
174666158751744,0x2d25f22796e4018549A4d494b3Bf32ECcc68a98b,2479
174807195004928,0xb1587855375Fbec9FAdd9C275626BE4abfDE0B29,2479
174784616513536,0x4E45489BDDa2328C9e76272778F71b5717c05e62,2479
174592987570176,0x9C859FAe57CDfb1611a7310A73E9f6d51B3A89Af,2478
174685217685504,0x01985F03DE2e468EF721EBc286D908b59F431943,2478
174655316631552,0x14ed8dd067EF364FCbf7cBe8216C47d60E6834dB,2478
3107807676686336,null,2478
174458257866752,0xF8c282615326E2342969427B4dFd8D8F70F543F6,2478
173823822848000,0xBdDA10382974259401CB90777c7352c6F7f486A0,2478
174934138515456,0x265dAF39fCE3472dd6347BA5960fe4D21BEd5b54,2478
174597379637248,0x5d95d07a5455472951F5e50eCC3Ec594a41201fe,2478
174554396651520,0xE4f6E58B9AF529e4A5710B94B24960A281Be57aE,2478
174869418041344,0xbb7d7724C6f5546dDFcd782Ca091453EA93df354,2477
174697220993024,0x15aF40a3Eb3A5D2Dd517b14cbC454Ba4790a005c,2477
174805774192640,0x0A4F60C70c8251e2BBD172695878338bbEBE871A,2477
174684114493440,0xecb0afD7b699F965b16cdd494c7e7fC3bdA4b2f7,2477
174721871237120,0xDddE78e995ec8dB22b37BA89D643591D98125Aa2,2477
174692447158272,0x80cb2c9861D938a9CA4C32760cEC8Fc85c98dD39,2477
174760637313024,0xB47F55D76Cab9695554158Adb060e1f652edE76B,2477
174724367929344,0x23AB64681CC4624de850595FFce597aa307fBFCD,2476
174587013156864,0xF31C95Fc53d6a8ff5a92B1e5351fBeE7b25c72B9,2476
174557870223360,0xb911a06Aacc2a08D0F57f88bFe72015ad01C8015,2476
174626547302400,0x0F0d926Ba95B6d39183e24136705f7f4DE72EE77,2476
174641700958208,0xE3523f371d01629AB5d4a7246f93aF150B658024,2476
174693813956608,0xe9caF3349351f412d5d4244d5603B59d2f00C8D9,2476
174928209170432,0x16802EF316950ac0fba3e831CE251Ce5406dc3d5,2476
174697028562944,0x7c77bE9aB4CADb17e5c13A342754C1DC44450639,2476
174680679981056,0x3B135c207e46f23471Fee3D26Bd398e0A1272e30,2476
174690219220992,0xb6cA183a315EF0895A897208aBE37306a2Ce0598,2476
174736641294336,0x3C74439122Fb75A84BC906ae589088db33c7f88A,2476
175094947504128,0x16062A0C77f86206Aec3D08300325b04D092007D,2475
174921008521216,0xB344F09f1Fd04Cc0dc5C196B4250a64546f7D159,2475
174565134979072,0xcd0f65C7F8FBF66c32fdD8A1fAF09D3c925a6ac3,2474
174774325981184,0xD334ca0281F25DF0F3Df2426ba9748F92165Ea59,2474
174849311780864,0x69a9A38b405FF34dB4Bcdc39C186DB3e9dbf84d9,2474
174677481132032,0x26e86E6b49E4122dAF6DD21C61aE3eA30a07C34f,2474
174671026864128,0xd94360c878B66Da63C533fb92A6C6d9573f00FB5,2474
174663820709888,0xeE70eeC179C2e10Db5b08340c218e527366A5242,2474
174740748603392,0xc7d4AFf202373Fa1239b2D13ed6F1830cA36344b,2474
174729615904768,0xeE993f25b22222fb7D22d36071b894bcDb5E3480,2474
174838373842944,0x330290d3D9F314c28bb581154ebE647437F8469d,2474
174704513941504,0xD8a6a003Cce0349f29cD1EAe903CF85Ee244639E,2474
174732702142464,0x8bc9CD7771598C1848b07476f5F1Ae4Fbd1854f0,2474
174810192359424,0xc5955A104Ff2D848a53d265D02C47DC68A091501,2474
174769562599424,0x4F88A77C46a88d49B6e2ef5A88C5aCcF6AF05494,2474
174835334500352,0x34Beb5a1Ed5Bf86fDDC5aFA27d3B039CFbb738e7,2474
174809682067456,0x68318711c2C5D0BfD70b85f0a05D569eC9D21340,2474
174562135674880,0xE3E044Cc4D537C806133c548D75Ba08c4d97E242,2474
174675699064832,0x42D050F38F7B65bf88376827Ba668Cdb2F240344,2474
174708545331200,0x624508788C95524814EEbe0Ff55369514975F163,2474
174575047589888,0x3D91074a4bEFfdb254dEB7a20800B539d47083d2,2474
174775621607424,0xbf5A44e10723251Cb9e210b891c574Db862d65d2,2474
174825716101120,0x9F4B99A759ACd5f1188FDcf7D59Aa2D68CAE17c7,2474
174878793191424,0x656A41B3Ec312c2717848dBAC79f31Fc25a52fE3,2474
174716451082240,0xD25B97bb970154d83991a04200c9d66Df0d3288C,2472
174747664568320,0x564f39d05A2D092F94aFDf97d3c3b019e7B3F57B,2472
174767222136832,0xc942Ab5808B00D68832beBF2F164F1cbA4E6D5F0,2472
174804059402240,0x3Fa2C6a6Cfd2Bf940dF0adaD5cfA691b92bDe2A2,2472
174704619511808,0x2DF079409ac0F16d147C17703814A1e8FC5843A9,2472
174830322655232,0x333db26450cb1ae4bE1538546E88E0024D0edf06,2472
174666642681856,0xD68864C287DDF63E6775289F19f9e35d3e986b6A,2472
174700622012416,0x410B82B9DA86fa22AD97370e047fc62Be2A24Abc,2472
174785305759744,0x3F412D675E07fEad01AA7f878dDd11e2c900e158,2472
174839833804800,0x270D03Fa86d4bbFf398812B8f72334f368Ac923f,2472
174787639062528,0x057c7C22B1AffeB23f7EF59A2c266918CdDC6055,2472
174690013741056,0x4504EFB9bC4F30E76C206a3838D3a1050673f847,2472
175157871243264,0xA74446f4BdDc761Ed63F3F1a40d6e17DdC387574,2472
174755102724096,0x5Cd3e31939D9CF0dd8de7410B6E87B3c3F8F8766,2472
174600710238208,0x93441f45428315d59E5684A4E909d6E229D4874D,2472
174590156673024,0xf0F3d99cc10a714eE2A376b3C0C537b5e35b9D05,2472
174670350643200,0xCac5Dad13b9eCdB3fBB1581a57Cd43385F7e4AFa,2472
174932052107264,0xb67F71CAA189376117A5cAd4E9D50788bc9Ec53d,2471
174719964815360,0x5aA5F732901780459e87b0af7bd612356fAeC909,2470
174835778514944,0xB195304eC34bfF78E1D7749D6aE86b0Eb0c6D72e,2470
174701904072704,0x428872EEbF932def4eA7407E2C5d8151D5d916d1,2470
174906087387136,0x1e0CfD43a089000e50a1aa2D3e06D5b388d1Fe18,2470
174743564402688,0xE67a77C3c4fa8645702d870a3FC751C9BA48b3e1,2470
174883434037248,0x312a8f26011Dd0401ed1296cB2FfDCf934EAd41E,2470
174793019596800,0x0E2853A122Caa985ec6F3CF6D0b253E27eeAbe81,2470
174727180009472,0xab2b14d79420E5d9e44A2212a6321A2947a1f281,2470
174770664419328,0x0b2fb33115B36bA16eeBE7F05797087709170DcE,2470
174630330494976,0xA5173F9B222c618c77690971cBB67eAf9DA21C48,2470
175075950198784,0xB4f609ddD058d245f1D604198361a4d822f80280,2469
174823157415936,0x6905c41aA8f5d5F77c63a2F71Be50c0723FB7566,2468
174732284444672,0x763083244520F94e8A106a1D3BB715b08D6edF21,2468
174668601274368,0x0FDC9DC97a8254B38AFf5E13abF433E94b4cB40a,2468
174756060844032,0xa9806Df05576dc6f24E222e7881b6c61E37a0a3B,2468
174760037933056,0x3a563bd7035f06Db0CF88d69eE1EB365C2bA883d,2468
174843840135168,0x1f68A8DaB67077B59Cc94C53a10f0B626d26f0b0,2468
174814853562368,0x24486CD9D9C13f93731A2c30fADc7B75131C2Fbb,2468
174746533294080,0x76d12CA32b09b51fDCd7891315765aD4915Be09d,2468
174901284155392,0x6088fcec1C6832B113A6F93Af3BC997dD61Afb73,2467
174872709226496,0x846EC0a35233128762690Ca19e770CB8d77c42b4,2467
174890486153216,0xD58D344D8C98f0BD262546Db98c9905cD485A7E9,2467
174904452386816,0x539738f6f6cbD1c66F03551C1448011A3178d429,2467
174957194461184,0x2E7b5e35900D88D4Cb403C2A77857DB5F8b27CBE,2466
174752203165696,0xd543600e7058bFA2ba484D6C59D3242Aa5294d6f,2466
087533294374912,0:336cc86eaa9c5197e57c13799bdd741009887fbf0af8214909b23fd85e9a636e,2466
174843906424832,0x5dBE78A8E25D52D6Ee2C1044329aEbcA6B2c0aF2,2466
174710402404352,0x3B938D4eD389FDD2f1051273440595ee15899b8d,2466
174598501683200,0x3b97e73ED8A81f3b3840533C04A41BE9AC0cB60f,2465
174924631420928,0xBB7e55c26e44DFA5a92Bb94f840b98f986de5171,2464
174802383118336,0x24Dee4dbD6eDe87ea98E05c48e3B0067333EBda7,2463
174848044036096,0x2B3e832E149cb2aE074B34f917B85A4aFAb55b96,2463
174917434007552,0x10beA1733B558448bbd446CA8962F035129e3EF6,2463
174793365348352,0xB290854b8BEa624f3a472f6a3dCa72Be9eC17DEf,2463
174930179489792,0x61fa9407A03cfeC74f0c0E77ee154c52d5Fc6073,2463
174812056027136,0xa85668Ce875a7dFC112563430ae4859D3c729686,2463
175084842139648,0xa0Ea4917c24b397d46E4EAc61fe34c647675a229,2462
175217697841152,0x7F1d7D0dcd819A6E61c2A050a2053005adc26BEc,2462
174789760991232,0xABe4BF3CC017cF004D14D04dBD434fEb5EB8Adc3,2461
174827872346112,0xC5B9De963A157edB35E6D6c32BAbd9E3020CbC5C,2461
174946967441408,0xa913D2fE5D5276C0a9033a47E31f5Dea15D4097A,2461
174777349435392,0x0Cf8Cf0Fa4EF7CfaC9F57952F0B1c27EE8Eb5EEc,2461
174780993949696,0xFc6Ca462B6a3E681903338d63493f43a48D77B67,2461
173750344839168,0xE2ae3a36b2bd836e15e887129C394E765a15982e,2461
174907756474368,0xb607EC0dF56a7f0C35Ce507343Dec86A27E2719A,2461
174875732553728,0x204070A4A202a30EDE3B0138B468E04882e98B99,2460
174763703554048,0xaaD355D24d276b084b54F3851810441e64ef8252,2459
174833000943616,0xaB6066aC9429C1f9F072a134Cf652590b8080edf,2459
174772449095680,0xd34Fe587d1B38314f863104E8EAf945a35Bb9c9B,2459
174926364909568,0xA72fcE73eC76f18de5FBEed98aa7600fac135bb5,2459
174724397973504,0xd710e23A08C94032ecab9c2E05a2AbbbFA72C21E,2459
174911789473792,0xB072c05734Ac9F56FeDA5E28823e46FEbab1C00F,2459
175022980349952,0xD21aeFf65Fbc88099Bf3F7294D45c2e2614C3A8D,2459
174858095390720,0xb6cfA4752FAcF3C528f7A2B7523ee9A5a5bF1a06,2459
174840924987392,0x7d54D6E0458F0A4AE6fDd2E2E66B33e13D001B94,2459
174330588098560,0x8D38fa19ef08cC8DB78E2727aa87D16D81762bc1,2458
175190324346880,0x5f42DE411be968ebd1C543eF0c94Dd641e25E80a,2458
174937827627008,0x92900Bc2Ab5a5264692BF23d2b91BFCFbbEA54e1,2458
174919167643648,0xe4E940DA15823Da9bab91008DBd9b80A93eE2754,2456
174827913973760,0x59F225CbEe7f2B10D153Ba1CE1764Efe97AC9f0f,2456
175019629039616,0x7fd90888b7876cD414a0BB4b7316E83496BDA30E,2455
175243184287744,0x9F9D6254E86B1558954B0A9Dc726f2925a73E6fB,2455
174977055674368,0xf34489e4d8604839D0E8e1a9502cb4dB67b3cd34,2455
175264109211648,0xa12C8E0dc73e6E42E0B79e369AE9Ccf7F2ec4894,2455
175068604452864,0x11d5b76521D62b455B88664D73c75Acc05bcE2F7,2455
175037789151232,0x6257e413cf14589ee6423718d7d9AB89Cb27fd6D,2455
175009454899200,0x8Be97dB67F51e4Aef0ddE8cC48A8f28Fb8e3388a,2455
174951612559360,0x0BB3a3404b7156C6a1D37f21bCf0B6B41931bD10,2455
174962524590080,0x2C50733434AA9F1aD13B873B881dcfae427aFa03,2455
175012862509056,0x3f7C0DC05e2E68F2D8bd3d3CB071B0BEB840d567,2455
174713633873920,0xec7F5baF09bc24c0f95b7e74ac36D268F54BA242,2454
174975204872192,0xb1b89Fe222d136Ba8F9fd80f8E922a0730655FDC,2454
174899504758784,0x7DaC68bfb6bEF398A746edD548d795efC16e3473,2454
175181200949248,0xc181318559Cd181631D07Ac98BA17633fF5a1865,2453
174970157268992,0xAedf668aF5161F8C985aE50E7a6b9ddf0bBe189c,2453
175026460164096,0xD463A16945F89253a748Fa170892ceba13C5A8f8,2453
175000104128512,0xa55cc51dFBbDCe31Fd0bab49a78cC9748a3B7A5c,2453
174913637076992,0xfDeC618C9d6F83FAcE597C9c1FCC53e5549ABa6D,2452
174922609795072,0xE3dF67280A024f76544751548099D324549BFd8d,2452
174940056825856,0x83246a7Eb2B00948E0Bc7E84ca42D2f04dDFA111,2451
175045822640128,0x52c7A39EB9E53995B672ad362d4905d9D61aC924,2451
174989365030912,0x69861AD3F67e4639BAaf938DB42B8e670f530E7D,2451
175187261964288,0x66F744a40914CDc47b9c692a3C4ef660BE2D53fB,2451
174953236627456,0x7F6D8003B3405C61C21838770C55488A3C892C1A,2451
174973452156928,0x74099ACa3956dDE63Ec61939Ad5c6C092eBA45CE,2451
175034230706176,0x6D56CeFe880fc36507BBea32931db673E8aD1317,2451
175004783312896,0x275b266Fd0420052963Cc5143dB1aAAB381eE663,2451
174960779354112,0xd5f07a922dAe1B14C715012e546920409Ba3ee55,2451
174982340747264,0x0616a7441e8D6137A33bD6EBa870c08575Fa3FD3,2451
174902934450176,0x7A6F8F0D9be45e667Cf2ca1f4DF84369F7846d21,2450
174950125494272,0xCEAa3F2C3daCAD01E4e26F373F220498fb1bBf01,2449
174943636717568,0xDccc603aB8E14f2afBFf5cC19eA1df68eC585529,2449
175001763250176,0xE5B2744ee151C979E2064E12213BAB649a9D2A44,2449
175047850942464,0xFba6cd3EF448Fef5f4e87dd12B56f4Bc480D0f72,2449
175028501979136,0xb92BfCb6027a1F072F806B291e429a3e88fCB765,2449
175061227855872,0x05986348e5DCF7aE9bFd0204F87497b02401D43a,2449
174994646671360,0x29323527e28f7DA5015Dcf83658124fe9c1e80d3,2449
175164661121024,0xdD85742C92962b12E1f5e9bB39E5b3508e1F9943,2449
175272307204096,0xcBF02fAc30c27B447c41BEEea689E7D781E694EA,2449
175003371720704,0x33Ef8d701920d1a102Ebb12309E65008C1814e8a,2449
175049958416384,0x7dA46b2E8bb0c2115F2B99899c984c3B4D61BeAC,2449
175247244685312,0xbC327aE53930110cDB939e63C828c90193823FC3,2448
175234724401152,0x8823418409F9C1FDB33c848c10a930c62B318538,2448
175293161693184,0x6D6CFf28803417761D5911e860380163d3c019Bf,2448
175176256688128,0xA882ca6f5a89659eEFbCe7f901d9589adE53EaC6,2448
175055452299264,0xdfbcE6df8B11A2A5895A4FD01E57e2c8de40EdBe,2447
174945215479808,0xf49bAb2A7acba6c6d1Acf3407Bf49038f6b66675,2447
174987802341376,0x44B9C57CD7CF961BB46F792761ec0A66c24f1753,2447
175057557651456,0x60F1Bf17172fC4F343FE3c3C3021Df3E0ea58D9c,2447
175053795491840,0xdfBb54662E935CE4B9A4CaC70DA460C50d755655,2447
174955126435840,0xD48372884f40B8A4A2456dBf27483C896aEF3af8,2447
175039858106368,0x6ae3e70212B2BcacB04A64de61F2e4CbfD6e696d,2447
175111989383168,0x4821474e96f94D417768E9Cad79F493E572F3C57,2447
175021394665472,0xb343941B88216e378586aC49c5E14F2743503887,2447
175140966633472,0xc8E9C2223B499AeE5C924Ea0C210C5939F04e1B9,2446
175279338418176,0x3CADc4E0e543764dDe1f190c00Ebbe20Da255C2C,2446
175254342033408,0x6Ec694f19b58721d2fDfe56e38D9b1bC2458E7f8,2446
175174425182208,0xaf0C0c9b8E71F61c99bEd1bbdE9939C37BCDee27,2445
175064917196800,0xfaF68228aa7B452A18e0205cCFe5Fa42fF96cE7D,2445
174968333824000,0x6977823AAdb6457451Aa7fe70B09443A6427c59F,2445
175014499422208,0x6A6A7451C0454B263601CDedD202cE2267EAF4F7,2445
174941974343680,0xd1E9D4Bc5Aa21Cb5A32511D706Cd56B6b4d1d797,2445
175232008314880,0xE1d793Faa0525000c731Ca6Af680035Ccc92c452,2445
175063028314112,0xC0d5Aa2102E61046446198eCd846F0bc2bc08dB5,2445
175018017251328,0xc2be75ceC8E8A0FD80e7a8f781215720391B83c7,2445
174998316777472,0xc70D4E77174708fc3B971E102b91D435849730Fe,2445
174979024343040,0x87C65E7dC4988d85F18D16B766D64715DdC7fF00,2445
174985964281856,0x2eD01419a5a9bAE280FB55F43f526ba25EC36A77,2445
174996417785856,0xBDE06864669988e88eDD5606A9cd4c318d906E05,2445
175241834160128,0x24F57c005f7BE2C2FBd015bdBd2A55fF974DD02a,2444
175170412974080,0xBbf392902225a3C226362EEe4c4D88Df4CC93D45,2444
175196684189696,0x65A5A45A20e8154A9c937B2A398C524366bEb5AC,2444
175180205801472,0xb751d1E4457C39fdfc7FcfB7d3e987Eb82F365Cf,2444
3106711322025984,0:821b65d3ed360cb186ee4ea0656c05b9201de2377bb6a9adb4eca2989df73722,2444
175240410349568,0x8eecf1434889C261135Bc85179A678caB9d519EA,2444
175304394604544,0xCAA5F611f4E3Ef6477E37E1caE544aE782Bf9eF0,2444
174388516093952,0x47380403e63b1a9644177cd27BbF94c71e7a2A79,2443
175124763590656,0xa830c4A6307888148B928acF34Ff03D06dB78cff,2442
175066565406720,0xeD1e43F7436a0C5869d0Cb58a05D07287920354A,2442
175283610329088,0xe97df4253543cBD42512715086243D78D64470F5,2442
175211717152768,0x6AcBc7a4f6Ba6D46fBB774a4D1a4F5137949751C,2442
174971689914368,0x57b9F8068403c5f581b50A3D8E5fe7e1Ce32E5ed,2442
175212961607680,0x55b8b9FF315986D85069b0461F39f40C6415BaC1,2442
175216443191296,0x5142Ee2783F497eFa94927C92121B711a26B0D27,2442
175221631700992,0x9cb0437ed68E756D5376b99Da9934F97496969a9,2442
174980493299712,0xFcd81Cf714Ea500b7c88328867454235f4203229,2442
174992813912064,0x8e951DD3fe6a6b1C8B479cAA29C6E0A708334813,2442
175255826780160,0x18403C1Cec427c90033a2854F8E78f9298A6e2c7,2442
175059423797248,0xdB43D278C5b10862e00709840C3c0D5A2344086A,2442
175099815120896,0xAc29bE9699F2d096DD3cd72AdE679DC85bf95826,2442
175198793187328,0xc2746856570B4BaD9eB65989Cf89b2d955611E3B,2442
175191420985344,0x5290c2AE1c51dFdCe03Cb9514014f897117Ba0B4,2442
174966242336768,0x8C6254474EAD5df14315C1249BBd97D4edB7bF92,2442
175032248991744,0xD0ECb5Dec7645ad7DCd2804Ed3B7274eAdaf528d,2442
175030297292800,0xFEeb3f608cC2Ea7A2830aF9ae31B4E6f47cE9397,2442
175193488175104,0x731C4d046dD592c365e2377a0fD2852F67B45c50,2442
175010980188160,0x91f42F7EcF092eEc96C7DBbf48CbDA97a750b2b8,2442
175244586790912,0x6eF1A70be42134dD9919Ff5811590fCC75eED127,2442
174948513423360,0x706DAE766daDF257181cCfBbe833A7AFaFA0B476,2440
175024787066880,0x74c06f8ee16b82a9F9C6570cAED61E4dB806042a,2440
175016074719232,0x49e835F300d5127B0ae26aff65e636766a1d485A,2440
175168450211840,0x99eA378BcC38Bd1E8eCB3c8f9451bCEB46a36016,2440
175203171749888,0x86F4C9de5d7Bd896Dc2C6FaFfC57B3a595566178,2440
175210531356672,0xA7Cc2EF297478f57e47935617a4d52661Ae403DA,2440
175257143312384,0xD050513Ed05fC2035d14e09B76985D8d21CEf45f,2440
175195701624832,0x6e1ee5AE02939A9eaE2437fA04098608aF9eF744,2439
175184328990720,0xE674cF28bfe79a748887F99917D23b94a9591Ca7,2439
175200934768640,0xcbC67b0901f4A7d0B5295B952AB02A60cd790fDd,2439
175261245558784,0x6968d91309C8cd31Da6A60a047C27B4022655aE3,2439
175089635897344,0x23dce353F9103e8B640733132bC44d9dDD62E9e2,2439
175273768415232,0x85107f1F7a88c7AF1eA0dFEa12384671d6c3DBEC,2439
175122587541504,0xf7f146C45Abcfe506D1A8D311EC47E4A163D2724,2439
175199763574784,0xD75DF243d4334ceaf171e7c543027BF92020de0e,2439
175197695885312,0xD04A21783053ab8fDde41130eFEbf1B2711C9E63,2439
175097451528192,0x62b122573ba463AD5cfB9B914775eF20954e9d8F,2439
175229371613184,0x54cc44C04D195292EAdb3C0606bd54359eebB353,2439
175289199861760,0xA94230684369AaEadfdc11FbA465BE8faf9349C7,2439
175225459691520,0xb605A160B5FACDd8c87F0a24Ca005Af6b3b803fC,2439
175172334931968,0x3546eEE1ca4CB2FAFf239b40B084e4816659e594,2438
174984070955008,0xDa4b14083b8705ea82be79268EA31C88A9f62669,2438
175043854766080,0xF5e178d3D736932f554231D25EEe3ae2D0F2A123,2438
175230591578112,0xBF9Ca2Fa6c496BF87F7a2851632dED7C7f04e97f,2438
175302971486208,0x4a6952bA1A0f1e363975407f749E051a59AAF22f,2438
175142999498752,0x2Bf7726f2f1525a4C2464b38446f1b134dE31539,2438
175290475782144,0x2CCabAb8EA4866CB60E09a4f26d9e817312Cd058,2437
175192451182592,0x8f8284B246d6a37bB7c5B5AB2671855D482436b9,2437
175220293271552,0x851D3B3F0F93b949908764F317692109038634Fd,2437
175265490264064,0x0e1d76abeb93f593F7b28E331A28618Bd7868752,2437
175179233542144,0xE85Dcf0013c1393Cb101366f0bcbA3f7032d585F,2437
175178032644096,0x7B7a8Cd5F900c55C200Fcc54A30f23b1cf65Dce6,2437
175206606606336,0x58A3Ac8A7527531c3912Da6AeD51Fa761D9e591a,2437
175245866553344,0xAc221435DD313e89f37d0aA100458fFEDec3f1D6,2437
175233287426048,0xf11B4CCA993d8409217e04acAa92E577209cDFC7,2437
175139038695424,0x504Bacb574F7783A723824661087246255049045,2437
175287830913024,0xb0da18A3ca8f2aAAD07EA23dE43a3288Eb147780,2437
175236233883648,0x7050592B5F4F3e8bEBf375bb3E0dfD52b44eB293,2437
175250085101568,0xFDF75f2dCc8ea4cdcb1C64835768F20a853c3C20,2437
175224210894848,0xf0a99D2d7599c0eb3Ad9fcF8A65De486e361E361,2437
175162573533184,0x562659b473D49Ac0dFBEBd069e0957c61F8b049E,2436
174886621728768,0x5A1810d4DCfdA2e010bB32EBc9014a484a23c895,2435
175188332728320,0x8d69C03Bfc3af517f16B52bc7c66a4F2425Ebbea,2435
175194616590336,0x6E9F50C89268920e18cF0E45A74fa6f6aDcab4eB,2435
175285039325184,0x07290a75Fa165Ef0f086C11390A2cD81397Be9D1,2435
175226587594752,0x1ca68401f66F4A766020184A350d5bB7949C46E8,2435
174395526971392,0x1EFCdDdD9Ff2c12b561f17e58AA6dfE3a860a324,2434
175208993697792,0xb37ff078C0b3b6F8b24f2819e8B26901cA6e295d,2434
175258391199744,0x282682185DB17b175EE04b62b119f0854b1106F9,2433
175282185949184,0x923d6299aA87c63E9f0E39BAC2f7aB25E470ace5,2433
175286437863424,0xcC1E84A43b8b85Fa2efa8F972bbCF384dd53dB34,2433
175269502861312,0x64f716093f003d7c010608034e302b05bB6572B3,2433
175237651881984,0x49525ff5C86A0478ffeFa5a869f600B85EAc4129,2433
175202000957440,0xBB78823f5726C15e4A168c235fD6614a9EE30582,2433
175215260114944,0x5F20724A57a34da2B1ea3EC1e2852587Bc7aCAeC,2433
175300087980032,0x491b6e1C3dBE4DB9c469cD2a41c038025c3cc6e5,2433
175268212215808,0x1361c4d01BA43580FED752a294933676EfA1b547,2433
175280788762624,0x76CE48eE733EA2932f9fCb3F6b6814033596AB62,2433
175214050308096,0x71088dAE6b8ea05fB2dbC4CDb35FeAf34A887B45,2433
175227967467520,0x0A1FadcB7Ef73C2e6d2c5E5DFa09026FA63D9863,2433
175160521601024,0xD00eDE369487168CC5646F7942b240ABe5987d38,2431
175277905862656,0x5219A36477fA13a1906b64Dc05487D8A1709CdC0,2431
175270786420736,0xd79B59e2946f3ef0b1c968E478FCD40C7a8ACD60,2431
175301493211136,0x46f5223535EC18899565B697B233bA8C81cCD5BB,2431
175251445850112,0xdff88567342275E4202bae6bb0Eced7A6a6D52EC,2431
175186288455680,0xd6783444c9290bD911e4b95fF3a3C7C3eccb838e,2431
175262698938368,0x688aC8636B1f1cA8D24ff8FE22Aef4DAbfA70F45,2431
175207801077760,0xEb8236A5956126Dc1de6a942781f4E9FE32F8dd6,2431
175238970810368,0x1f043D9358Fa3250C5Fe1b6Fb81cF78bf70a9920,2431
175051956592640,0x31B7c17ACB11a91B452A21935A7ae72436699588,2431
175223010615296,0x06125Fee72BBee02881326b45226669f4956a85C,2431
175183209009152,0x04aB88B2A4DAF73AADD5B6Fc833A30Df1139794E,2431
175291853443072,0x95e0202F288e8d3F628418D02960F82Ab995D469,2431
175079960121344,0x838bc496f94a29664Be4Ff4f4B3678d3250716c8,2431
174854261760000,0x6d808A94A6f3D9153C132CDC072d196831B30e8F,2430
179382145888256,0x0197466eF01dE8cbfbaC1c711715e7514af5Bd8A,2429
175305748332544,0xC077b403c38459e473Dd36eb37eaE45aA65f0572,2429
175248860606464,0xCF1117cC9ca1d864020641189C91282612004781,2428
175182195916800,0x06FB021924F97D2f0003Db572214ca9e453333f9,2428
174775508979712,0xFff66318aeb278AdEf7b7c205E2AF2A9BCdF5886,2428
175275186835456,0x62472a4ADEF338d9F75d28549d8bE7D93527B978,2428
175266934538240,0xFBE3C088DcC7DCCFD12F983929C8E8aF6E89AF5c,2428
175205463588864,0x557AD63B1Ad3EFF53B56e6f1A4B1085591A41B92,2428
175259775807488,0xa4CfB3aC9b7f1aC443291640Ba424bb787fA86BA,2428
175189256122368,0x8e47A3C84cDD51b2d0Ef2d0Aaa75B2971Fde0E44,2428
175253030617088,0xdD63856b178285e866fb5fCa4181bAe5030f47a1,2428
175007904149504,0x9dCE72Bf964E29A11fe55376475210046c997F9d,2428
175204271640576,0x20b60927d8C4949eE698ab22D1A5557d23E90666,2428
175295995334656,0x7E16978c1620C77c8b8A85cE8030abf84cc8a0f3,2427
175276567117824,0x49391FDBfB3Cfa9025B7dD882C7e5303fe02e0D0,2426
6434563411800106015,0xED3E7283dDE7C52249dd6fc41fb40662d494BDec,2426
175113955999744,0xaED3F75dbf6260fce15752BA49126fAa9075E9ec,2425
6655370388100105175,0x621E4c1dd5E73Cfd497C6Bcd3BA820906020Ad1f,2424
175298722574336,0x0486b75DbbAfF34C248BA13AB34b1786427AC432,2422
175297431965696,0xc3a7Cd0E4A19a839Ec0fb8A2f0330a020c79a8ff,2420
175294597713920,0x5F8d11d093b71b9853971c91AE8b92b5184BD4F5,2418
174915450044416,0x5Ff74621035D77A75C5012B4E91e6206954Ce29f,2417
6642409710200108535,0x9558e24C1091F511104241350E8aD865c90bc1BE,2415
085783637016576,0:463bbd8df26c4e58700135ce90059a904aa2e17ec2aa67d85b59e51b5345b4ed,2411
174990911660032,0x551B8e7400D864AB491ea0739e229b2bEDfba64f,2407
3106913531043840,null,2406
174964326608896,0x263b0235366Af50A20bC3E7d850FAd302d0B042D,2405
175041958912000,0xA6AA951283c56D60f7c9a2c94AE8E0D4e52B0a74,2403
174600922001408,0x2dfAAD3e0fe339422CcD6944090ACf97e37878Db,2400
174958855565312,0x7227C2CD53224D873d39f12797BcB34975A364EF,2399
174596124835840,0x7Dc08Ce61D6ecD07BacDe6Ad6b87D9A6398a9ef2,2398
6424810914700105819,0x1Fca98Df999dBf7e6f276006AB58D3428407a2df,2392
085711740411904,0:deeb86aeb39fb50d7e8e004aff19f8e4e6163398b4f873f17b0c90fc2ac89e42,2388
174795937325056,0x2F91BEa1474d3aEb52595E93034d71C0aCF46Aa6,2388
174936068206592,0xe65F8Ac7d5FD374EFee9E535810C85bA107201Bf,2388
175185314291712,0x424399B652ce79432F9C66e4a60465c5534FF414,2387
6450988046800102190,0x304922352E15aa5c05fCbD0C6d6d23728c21fB90,2387
175166520107008,0xE3A606CBFEE96203F23E7d745b2e15cCAeb8b277,2385
175151880753152,0x7e4Ef0BB8997BD5Ee3b0aEd96795559903dB97Bb,2383
094488543072256,0:6108f06661be6b5b10f495678c71dec3b020d3c3f8bf7dcc333cf34c9ecd0251,2383
385481547833344,0xd84025908504426ca1a77746e7D979dC25b69C86,2381
6932369107000106669,0xc86597a3136391e881fBa92F60aD77A99DA3af0C,2378
0116518502154240,0:34ab8cbe549ebac815edb2a97737d969f92f740f92f184aeb6b839120122f5d2,2374
6303230843300103179,0xaB279C5726945BDD6902f9b9B638EA8C6651b407,2360
175218992590848,0xE0f4460210e107eF7191AbF900e431648D50C201,2357
175006466637824,0x69655792cA7005Ebf7aee087C40eed6781e27Bfe,2355
6456615686400104800,0x0810f0323B8aA958B97eb0d8d2925508f8A6DBEa,2350
174853276368896,0x8ea4a41D897DDc7B3aB841F86f6400835D70DD62,2344
158949859115008,0xc7e0C2613524BD8b63a80b15F34a915B378A8B93,2339
3109332080340992,0xccF8310f9ED8BC9a9333bACC3a8597927BC09628,2314
6347182761600105120,0x3aCB4Ad638B6213f64eA2e079fd3ff469C23D596,2303
159377279434752,0x8ae94A1c2103dCacB475D6CF50955E7DAA732c7b,2300
6327767791400103809,0x54Ba8D3dca740Cd90926c815650DDDA3EE38b8a4,2297
160446157144064,0x95BF9BB9b4c6efF2011B6C52FB6a7386fCC4860c,2292
168447584829440,0x94bB43895Ee80b60c2c2F20c64f2d4c307d5647C,2284
6286112059400101142,0xEC4f931Afd33C0dD7da072891Ed110dAA145bd38,2276
6413600467500103270,0xb1CccAf51cD042380fD4e2d93e6C60e20BF2Eb41,2264
6451270453200105818,0xde2B26893Fad85418e9CE4AE6CB58E98B9Ab406F,2262
166817844609024,0x17f8DE830b18aBE67e34F8942Dc4DA29c53b55Cd,2261
3106688345968640,null,2261
1101398863843328,0xEd59f5C079AeC75f521043E2aeE6366e4Bdb5CAd,2257
3106703422050304,0x0855B2bd3f00DACD187Ed49647a6eB3701491bE9,2248
159377146474496,0x41b1274CA5183aD899EA58B03CEF6D03F4074208,2246
6159234733100108383,0x666e58592C10E61c5ebC290343F9AB1767cD8B02,2245
180148907712512,null,2245
089414447415296,0:cd72e4e4b6765fa84425a35e7b827b05115305f66047aaa164ca0d39fb0bc95c,2243
3106804716109824,null,2241
3107156862652416,0xfD20003c5A984b55Ad0B99b3E10e6bFcF0A4edD4,2226
183273016508416,0x2E7EAf7c886d7B5dB5d51cB760D797b9c50Fff31,2224
087448085090304,0:8f273cb9ba5cfac581cdcb625a8517442d52165fc07bd116e6816b1ff8bf4df3,2221
6385522189500108142,0xf369c4b968B91773795E575cd8c69781A9edC2D0,2209
6724138405700102852,0x7141FAD2C60E182461f4e59d075e9aDe3A08F5De,2198
174038211649536,0x7d924f1Ca107d9ED47B4cD390d79E822C8150056,2193
158234057756672,0xe4Cd5077e8EE2AB02E2ba0FFe9aC472Cc152DCBc,2190
158238712868864,0xC08573E04C570Df033eF1907f6dAF4bb669CC1D1,2182
091590269652992,0:bb7a99d6f0bbe6da6ca1ca56f60801d29feb405166e38b23802585ca722a1042,2168
3106709283840000,0xcfeaC6d12181C5e42018510E6AFf3ba8661B6E7e,2167
6365351418100104389,0x7Aa2092677a1b89291d893E5518918704e67949C,2166
3107010750472192,0x060E3288cCE6560b5AE9d4658Def6560A188aF9a,2165
158141535793152,0xd7Efa05F4D85D0b36D8bBA15Fe5C8bd26ecC931E,2157
087178648854528,0:6bb1a0a2f72a6edc2922a6cf53801514d72705fceffbcbb79299119e6db849fc,2156
174018345332736,0xFa7D1340b1Af905702bF28B4C5Caf1Cccee0a2d6,2150
3106693469167616,null,2149
086185815547904,0:f5dbe191b86e5ca4e38398cf68e67118c8d5478fd79b3e046b9740a924408107,2148
174594116829184,0x17483F0139320eF1F17e7A21679c4c0C3C83d40e,2145
085912767823872,0:53cd0cab59a90126ef66440a99311427a1797f8bfc75d72cc4298f02b49d86df,2129
157944593571840,0xb378dA560d753a7f5F4d74D49160cf8C2c65F473,2129
085538229731328,0:8f52015422453469629e6f30897293f58d0b1a5b261c7e99ea2563d7ceb7a6df,2129
6429132559800107201,0x5Cce3C504A9725FeD05c267ee22E35dE891df440,2128
161756723576832,0x78099634Cd281c3AD4c499be91ff33F0eb3c4060,2127
175307154108416,0x4F406bD42407E94Bc7282B1b340e7df756308aC1,2127
174649052176384,0xbD9775C6F679aed80b2a414D1b8D723b55a193cf,2124
174060359299072,0x9a0d7C592953A28AeAD4C0767Ccad8792E597B0a,2123
173982166691840,0x7CC62e0C4b231D68B98b1F55E15d01F3eCC40e66,2119
6451104449700103803,0xE4F172B5EAd51636ad69f2bB548Aeeea479E1c4E,2116
2100351449649152,null,2116
174077091217408,0xD77476C2Fa546Dd6905F3A37708f11E264F193E4,2113
6788432821400101533,0xc5b815F0ffc072363b4a7f8b935bD2614050A354,2110
174103655510016,0xa3072F2783BbD73B5cB8e65D0Ef0E026c1E70414,2104
160935604858880,0x2670d292154D0cbA7A9762AE57c32ecC76028E98,2104
174029722931200,0xF36F5420f98B401acC2286Eb08eE6437Ce0D4502,2102
174051900895232,0x566785D3d573c8e8942F7904692A21646B2B1EAE,2092
174000271405056,0x34C035dBbaa4cc91Ba8EbFcEEc4FeB77F88D342F,2090
173807314681856,0x86C2F12489e3Db911DB416bE79D516631806Cd11,2089
6511211159600100688,0xBde27aa71Cce90FeC201179f1a27dE032A1c5313,2089
085409076670464,0:9832fc909900b095a4f0990c383e1b299afa2b792bd27f8aa3f0b37ae93d7083,2088
173943918772224,0xFe5E346AB6f873F5c2CD9bA8Aa5cC447aDB739eA,2088
173958034464768,0xdCbe40a1aeE8Db83DF4b851653071a2b9e21FF54,2087
159620717051904,0xa25D5722E13709C336A4e45CA31813190b8eCd80,2086
174093894868992,0xd6995Ec02a26540C0CccEdD3186070B4c12b3713,2086
174068688502784,0x218C4D2036162196edB6cCFbCF0617B32925B779,2085
173761834385408,0xBF9E85495F0B70e2aD893cBda6aAC3240beb09a9,2085
174408071680000,0x4ee9566b55a0E33f42a7a460BA821aBE0C1a8a9E,2083
173767668236288,0xaD765A7B8DE97056aD58d64485687386a35F7a00,2082
173919140556800,0xFb53eB219d0093C5889856030f4789d17AdF3Aa1,2081
173851126353920,0x97A74600beE8f02B184Fbc03Cf895cE0165D0aaF,2080
3107105999777792,0x0BeC899d1be565e9D1b475B886D5e075Ef9a9411,2079
173861270867968,0x675ca8c4D70180ab56AD41336d9392e470908e57,2077
161263304925184,0x1287EE5Cdbc3E30da869C4b6cA68feb411999225,2077
173931263959040,0xFAe2f18f9783b1956A79DABd94112245c1E6F76D,2077
160147458134016,0x863F29BE3dfc6834BdF37c87b5C55886F020b65E,2076
160154636828672,0x0D0455E17755a3f37E05FC3998B3eb2E259f7651,2076
6441137005900106003,null,2075
173812526444544,0xD0C4E0eA75557A93ec59296DE082C13524F10351,2074
173889433833472,0x8176Cae074889d77c0a3499863e45410180f1FAc,2071
173787379929088,0xc6149C95f12Fa89D2eA23aad3d4D92e6065eEbBd,2071
160254325620736,0xe82e82b44b32890d565227c52Afa377a8fde6D59,2071
173828257447936,0xa04515B3159746dba4B2D56E0aD28341422dF4F8,2071
173799201800192,0xE1e7A43b69356413bEc89aC91BA375804F0AE0a2,2070
173903225139200,0x1D9E4CDB35573432b3c838c1eC9d19aAa75f357E,2070
174086016196608,0x6622F76f50F215dF9255d379ae9E0DD729283824,2068
173970833223680,0x504c03a9ca15d2f280C06b4e0360ff78dE370Bac,2067
6451069212800103324,0x299689E5396F323dEe0153550566514d01b1468c,2066
159620715859968,0x968eD1B616f632aD0e2f5b93A10074E7557D21FC,2064
173741538062336,0x2F9Fd48Cf3d964d35C00F8B23eFEB33E0E355606,2063
173870963445760,0x11A643db047B441Bb1BA37e3F198dc0554804BF0,2063
173780454309888,0x1dC2204525EdA17737b7E7150f64c94E3f7D92d2,2062
173878394716160,0xE951ab3EF037C08852393ddCd4255176b661904D,2061
173774248464384,0x274b1e15825B154732b36BD29724fC9FCD20fE88,2059
173819559899136,0xEbF662761c14344d75f7362b0112a876Ad157C5d,2055
173748210888704,0x208B8aa0236E06481f24a401c1D546B041F61AB5,2055
173755863564288,0x471Dcd235957270969F08df0fAc4ddFA3C0E3233,2055
174439934865408,0xC99D54fD0099FB3aDd688527798980Eb85a5F9fa,2055
173793804320768,0x73d274451f3a16E0558C0075B823c6F40Aa67646,2055
173842797871104,0x238E504bc0b709A09917029C37a8e376d9501157,2053
173835572617216,0xA5be3F51C282fa89413363C7501194fa4E121b18,2052
174380440838144,0xC5918E0bb7fE4a3F80a55971370ecDc13DACFFa7,2052
174441533526016,0x2EC055f8371e88e3625EBd545885E6aCE66b0eda,2050
174414808743936,0xF0A5fB8553579098EEC02af6856EB1E8cD94DF7b,2047
174384883023872,0x395B37d830e2c7bAFae74fA93A39c60711E8939A,2047
174376436150272,0xFB3A46212Cb8DB0b6d25211600fBD58f320Fb86c,2046
174420187713536,0x4289BD675D68BBd6Ba06e1Ffb133D09DF2f9408C,2045
6732393845700109545,0xa724380255251744922AfAe03F3bec47F9d7e315,2041
174402174218240,0xdE526F8e258E2CFa4E6F4D4266551c46B4A90db0,2039
174396274614272,0xFDbeC6d1775E7bA6d90e802B372619e62b6d3E7b,2036
163077943586816,0x9E8DBc5c52256DE785f57B59aD70CD2e141feEDD,2035
174426967633920,0x794a31280Bf03F014dAED965096bD3eAD2D6Cb8C,2034
174433196060672,0xB22D686d2d61dBDa8EfEEe609603ac87B086Ac40,2034
158255194660864,0xE9D7339Ae133ae2314F260E0395a376804dbD21B,2032
086920007749632,0:85de1c08704a68f71b233e7fbbd95752b7e4edfaa3c331d47a7c007f49daa59f,2028
174651003826176,0x3Be22bd174ada0e4AEA25304f95DeAdcE1709931,2027
160052912603136,0x94a4CC97AEF616703dD0dB4C121c34A1fFF0c1F5,2024
161401033261056,0xc767b6943d541c9eC2651F6461439D9B0890a358,2023
085698970685440,0:709115ceec83ca10966cb0561341a9d218f6fe102fb25d464174f25e178301d5,2023
158270845571072,0x9107E0eAfc58eD5a16932AD2C3c93453cEC205aD,2019
6412000333300106265,0x7e10A700598EB5f8BA00353968cCc1498545d9dE,2013
6414760425500109134,0x2Ec38623f47232780347F95aC1c461DAD92c894f,2013
158228506742784,0xb8e87E7395234aecfeeb5E6E7D2feB5A73652e7D,2003
158327185002496,null,1998
174370452709376,0x1754e03B1BCB27D88fe3219CE61872F3e3518647,1996
6404692253000101346,0xb633303E8215975d439b74a45C2A1809eCAD0d3C,1984
159770544578560,0xEab4DEa0b280145125d88EdF482b467dF8b65aB0,1982
159376388972544,0x0912C60f9aE9E9b403f69c3ee29f53755118c893,1980
6438623245700106396,0x89e525E7E99E0fa00A6d10EB02317ea0C1d69742,1972
169416544075776,0x0194005C12AfEF410ab71355dC7c324A136F871c,1971
173742851588096,0xe1c7680BD0533D11CF5BeF9899AfB8f6C17De140,1966
6156810717200102085,0x168EAC0612382f1F03B937988C2bc147F3A1F3d3,1954
158160450899968,0x1c77aE43A65E90854db27d9Dd706DD56662F1194,1949
158611681316864,0x8DfF0Ee81F1c600aFB4a44bE1ED2615D904bF8C7,1949
6370583928200107510,0x29C49E65200be429C5f413F9f58851138A554cDe,1947
6724085336300102554,0x6bE070f594712213F373af657736Bb4d2e330e6A,1946
160506612670464,0xfaF04e96Ca2eB5c87f0133484384808b5D966165,1944
6451146925100104350,0x3A3DC11B24402B86EA106641Ac2f7F43660b3f36,1942
3107096114896896,0xB238855898ED8678a74D1F4A0B75BE8f8bEb3890,1933
174369722683392,0xd64cBf35C627cf20c70B054a4dB0D5c40C1a6b8B,1933
086634631380992,0:b099d4523f2860284f36aaa3289a056efa51c9d8cf3a2881a0cf60969fe7942f,1925
174551079911424,0xC7F051De623460bDf49aE6989045489386E43f77,1924
169423238897664,0x62B63378A448D16fe8B8Fe3445b4A5727604068b,1924
083175767404544,0:2095cf6c99a9f647897911edf7da3ff63be2774ee6f9f157a0c75b2cd8d4fd6f,1920
174618670059520,0x282222600febd6b40D8F1Be70453B73150f4020A,1915
6803401810800105765,null,1903
7444732025700103291,0x2Ca7EECc3E13758d22141123BFa1A29B2F4CE9C7,1893
159335056195584,0xfEAA31D85403A3A931E196B545b9a0f7e64E4D57,1891
6415358361200101906,0xb92885B05736EeF6636138e5Da476Ca7193bB62F,1884
175190920536064,0xd21F259213C3C819bc5D7C132552FC1eC0785925,1882
173742117486592,0x925c4798DF848FA2Bf11f44c97d36c38C19560f4,1869
171349057269760,0xE488FBB6Edd91297B79c1A74d5F4025773681475,1868
3106879338995712,null,1867
158665405255680,0x52161E7114b3061Ef853242393a7d48D296F18F3,1867
6421311986700102368,0x14A5febDa6F9e1eE9720226c520046FAfc681cB5,1866
086596106756096,0:ba22addfd234a2153bfe705f114a501b0c432058a8ff308a916b6ee098abbd50,1864
092850389663744,0x4a1b0c560d656EBb1ee48C5D6b2aa11D701F75C9,1864
6415762905100105189,0xe9eb4972AedF743F1Acbb340eE560031383cCB79,1861
159376503668736,0xfc75e1Bf1caF3eA594B283798e1a92FDF534363D,1861
174538270330880,0xcB7D024923DA7C4cdff71c0268478409a0b987E8,1857
085966493581312,0:e57b31f888033bbe6b2f63c614e1d975260be166417be4c382c3da736873e313,1849
3106987691565056,null,1847
6438739896900106690,0x1A6402bFE68c0c6CA4Fb92237e4A84285A8a53E8,1843
174788222730240,0xA356bE8B3f7A38D8d3D4940be398912182E5cD43,1832
174538275049472,0x9f1c1D1A275C70DBAE1fF4aFcD793409eb2e6ace,1830
174620692557824,0xB589e41B1E2e829fC800Bb5790c3378859321a84,1829
160526412136448,0xb6eb7aeC0fB8bB7d75B684962c46aE87aa35b746,1827
160505308880896,0x6A7FB9458e575b9c7AAaeBea0f2eb0Dc4210C139,1827
160513783394304,0x337a2de903af3C6A3C9aa16048aa92ac82fD8000,1827
198574293405696,0x16138ACAbD4bAA5662825e275B61d33e7126e084,1827
180217889923072,null,1819
157954646913024,0x52C3FDfB15651D2Dbe35D9faB86Ea0571e64DB9c,1809
085409653116928,0:335d6b90f735bc18eb299b29761b391f23f2bd2c7e7290c452ad1583998f2a88,1808
158285022035968,0xC6252c90B8f65d762faC797f718D1f1F2f2a2173,1807
174852617846784,0x71BC89F3F180180352C39CDA2Cd575ECc8ea0D53,1806
174728184770560,0x68B722DC697c479d28C42433A97eb81560d3Af07,1803
6732443728500109712,0x3Ff49712a9fccA43d614489F80F3513E9b684197,1802
163870917840896,0x69BfAAeD5a9090b0b204C12eA72A718eA5F61c19,1801
159377409400832,0x313268B14B0602b07f4F0C5ac606394aC24176c9,1800
180475740516352,0x79266D5d5A49e9abb87d233D541c06D1D38dE519,1789
174624425185280,0x8fceA829681C567377ca572A4A7406bA04F4Be0d,1782
6724414229200103710,0x102734A5657f93B9011B3A9FC15Ea840A3a81279,1781
161260587675648,0xC694b56712E2F50b103B8b446cB401fF70070bdA,1775
180475967926272,0x93Eecf1e5945bfE51CEB7C51A851E3694D27146E,1772
3106912604905472,null,1772
161553511489536,0xa9423b1C767fCe08D5890e2916e10812dea083eF,1770
162200402231296,0xD6A19AAD5Dce67B030f56421227C839455ec6A4C,1770
160452794511360,0xc1d917d80cB74302b58D6b6A8a65c3d027bf21f8,1770
160434760548352,0x71C24EA9a621A6c56852e6D8A9BF9F38B35388a9,1770
158228726816768,null,1762
160450125815808,0x26dE3CF03f0D674e91Bf0Fb2Cf9f8262379fa656,1754
174627990564864,0x788d9e8E16e85d11b4aA96DdA2aC54b89f652355,1742
086973280919552,0:8d2d4cdfe567587f559487aba623a5b8f18412dc85f12a43ba82707ccf749b5d,1740
6159235205200109261,0x35D75bD2908c1361f5d6361a9dd8F2C968E92aA3,1734
170690495893504,0x0d8B5af4F34f48a0c4a95E00F8f6EC6d94C46cDE,1734
174622624628736,0x009AFf50460E9B4244097DAEF88d10ef10076a05,1731
087167445192704,0:cfb0f77142b82b4264af75132b1f385acabaa3de1a818124a37c4b865d683dc7,1730
3106731788439552,0x30aC5a2979eF25808aE93176941fC8C9f60675A6,1728
086239810977792,0:7faca625a12cb42bcc528fd4c0ff6855278616d88c993bc8cdf37752eeb620af,1726
3107172763746304,0xd797FBCd0904479fA9539eba2a701d3732E926ee,1723
1107029281918976,0xf58c9E0734479795eF45e0f1B41C4d6a7ac7baaA,1723
2102811009712128,null,1722
180476088676352,0x851927681fbA4773051DF71d55f827339354444C,1720
180408618754048,0x70eEbcEFBa04b954b5DB86DC9d27B47acfd5afc6,1720
160522288881664,0x9324fd5B06f8dbE2F746c23bF10Da980FFe38a6f,1713
170259992182784,0x6927ab88d4808C991C96D61136EE89C9c814FC5c,1711
180408538263552,0x265843b40D7FEe019Ef7c11a4FF57f3d5B7C0f91,1709
6725393194200105550,0x092DaA7516Fd87Be4bA77E2DE6AaCaa7A0b73578,1708
174463244894208,0x71705561d019C7Ce86E2473206ED828761A798f5,1698
086119501627392,0:76639f589a7711014954ace3bd3fcc146b256c8a23e73a19b78c5df03e111889,1693
088305216757760,0:41de75777bd582df21a8577a9804a8832d1602e2ba5db7d5df031609d9d3b03c,1691
180408128143360,0x7e81D945552F3Ad87197c99E057C19389E5c6B4d,1689
174616921956352,0x49109422D078C3EddbdE53952a9a530A3433b211,1689
174540244127744,0x89390A372CB9CA2c14Cbfd3D6a8a17e60e33869f,1687
174610987704320,0xd175651a4AfEe571f2044B919Efc0aBb8ff55C2d,1687
159333049655296,0xb48ebccf927B8dE8364a06b8605462Ec2BD3dE21,1685
177845574168576,0x60029520726BE68E484f45a1FCb31E3325e1808A,1684
085598284083200,0:b7b84938f7fb27ae9d15af0d1e718143e5db5ccaae8ca2486915d418d4094ee6,1682
6843960338200102415,0x4e7F5e4bc0A554E7F3a843d8D90D5e3E12595C18,1681
085654854000640,0:da5bd44a02bb9d2ff3d5b446bed9eea37e720041b9d62496f0e61d5f592e26f4,1680
180475938394112,0x50461379790fa713A7f8a2422E2DC901D519aFaD,1678
1107777514864640,0x83f2bEe7522ee9c29a2A08432482454dea6a2153,1678
6422024533500109433,0x814BC80dE08087910E0AAc461937d9278eF11fe3,1678
174635576315904,0xc15946ad7F1b2353Cb4C0fE3c2F8dc8476F3159E,1676
6159234302300107565,0x58A339C0f7bA462534908aa88f7cAAA24bbCD3dd,1667
158511347249152,0xE6b4a3CF7ff6B5f0Bcb684F7E663D17637eba8E2,1659
087069579198464,0:01586b60ec328a8887efe569fe77f7b61b2f1b3616173b6af9f797e35a3fb749,1658
174510552113152,0xe99Fc5be44c65cE909843702c3a54c19619Cb69c,1658
160496572334080,0x9B2880B6222f0f6A6f4846899eF93059F2BAc304,1657
174497199427584,0x194BE82F8Cd534B6Cb8DD25927f1af5a12f0D99B,1650
174626272145408,0x51F9F3732Eb875a8175A258135E993f2A53E66af,1649
085446849527808,0:3d8bf7aa5b89c5f1607e5e322d5d5387630d3b69836d0d9b45de1e286a436b30,1649
180408700428288,0x148ec8089A129f89A10e4340267fC12b2fDeAe14,1647
178460898779136,0xD196fd9f93494428a2c16a88EB00048C5137a0A5,1646
388958725652480,0xa15Fd980278e7A69dCF3CB71E5d0a75D5495f156,1645
180476179709952,0xa550b8114e06d1c8FE0E9AB78cE0e9b4c4870e7b,1642
174637406806016,0xeeB2dfba113C1738631b0ba7CF2CcEc87F89B8a6,1642
171744160194560,0x4598763744065BDB061924d4d16E11703ADB0fb7,1636
180408548392960,0xD0a31E06eC4A7582F3CA6b4993558BC05cCcbCF4,1636
180408550977536,0xe9bf4a5CE191fFD05503a4ED35dF676429054391,1636
1110702957281280,null,1635
174537396281344,0x7f048B6b12B87Df3c13FF57200a6742babE43A5a,1634
158394566807552,0xF1721AC7F652520114d6e22CD5EC0e7E36B7c7C5,1631
158872572256256,null,1629
159376757489664,0x2B49A799A6D39312676b73916CFa1B76AF63cFd1,1626
172021585690624,0xc7CD4E6a1a6430fC1Fa630b91ff4aeEE8208A43f,1624
085805134753792,0:ea26548e538bd21d72d215e7b56dec24b5d969b759bc27c657ebe76a44a009b4,1623
174479117459456,0x2Fbced66ED8108ffC65d9012C43efE5a9b64ab28,1623
171745186795520,0xc9c91B000e3f53D66bBbc13dCe002F8231a74bAd,1617
174506023391232,0x57567D236DAc04a2fFB3Df3Ef7D501aDc0824574,1616
180475485024256,0xb36ec2a113797fbF3AD1a1f50fd104546BAbB872,1616
6359787255100106038,0xf51bab7ABC283497Fb72dA162e1b5A1f2383EAcA,1615
6429945817100102687,0x533b196b02F1CF23Cf70cb39E0171eA46c9baDcE,1614
174532965220352,0x469C75A3E053C8e67d70eB8cd610FE318dF544eE,1613
174484483788800,0x739336eaab2fA149b1944Cf9e4a55e318EC3c5D5,1611
174489382170624,0xED160239493C83EB4fd4B0CDe841de2Adad00bF2,1611
3106700533833728,0:d4d7d2f798514ecefb1df894decceb54f80a2e0beefdbc4ab0c288984a9c4e6a,1608
158128675532800,0x0BB00E276974691eC353E21Db5E66b833A484b03,1608
174450195914752,0xb262f6eed942E4E8308b010cEe1f828c3F4951a2,1607
174401437913088,0x43E4f78780CD8f651eEE6Bc1F424da0c17De5A2b,1607
174446763782144,0xcf5766f81Cbd0c7dFD377f7751833F3637690b26,1607
180476082528256,0x8034A76756D322735d792FA6E4b0d179f69A70e1,1605
180475595710464,0x9943F2f34b3789D04e7434D68A55c2762a92Ec78,1605
174515123249152,0x390BD8dD895115b91D2D435f973277BB52A66476,1603
160507791073280,0x012CAD0cf929691D50f938e6Db077952b72a5A5A,1602
160518576095232,0x3A494CCFdBEdCb178E31Cfd46243Af894314C2c2,1602
174528542478336,0x24167d53D2928DBFD606dE9C06f3e59ed8Db6827,1601
174519546830848,0xDd06a225a378b36adEE2FE45882B8464a6B876C3,1601
174501463240704,0xf226d3950031267725997B16716bffFCa03E7890,1600
174454257541120,0xb8B6E8B9A23f5CC5EB068b4aFE272B87330Dc5aA,1600
174469351342080,0x8d65d4f4eE12acaBC3543AC348cD0748a89aF456,1598
174467712192512,0x44538a4566dA9FA94D247427f431513CeD859DF6,1598
174493307088896,0x95A3BAe3ebcC3792b8E313281DC698062D18BB23,1596
174470959898624,0x80775d67b6A3dA26De6b6330Adfd4d4fcD63a5A0,1596
174458571821056,0x7680D327d259953519aeB0dEFBa96E136e7f8Aaa,1596
163923234570240,0xE9D26557340896154fa6206BAdCB1b3eBA4bCe78,1595
174532671868928,0xeCbc24dc6831f6379682d25FbD843Ab4b819005C,1594
172084195778560,0x71c4F5Dddf2d6F7FB275e8371D92EB0F075922Fd,1593
180408490479616,0x41E7a9e97a2eF29e0a44469eC72DAEdB2646989E,1584
180475587985408,0x48DfdCd4494AAB0340D3b019997072bDECb4FF10,1584
180476093263872,0xd8406C3Eb7677F139A6633BeA5bE1ee94Bb266eB,1584
180475975380992,0xF65B09314480D437907CbcD66126be6278C24FF0,1584
171745678573568,0xacB3f8Fc2D81A2192Bc43FD5E225e9638728e6D6,1582
086091671429120,0:68d359e545a976a77b4caa9e4f1f6259245affe6d3c81cc52b359393fb5a0634,1581
6724953833400104738,0x3F97f493958EDEa808819AEB6f6829e47fb7201C,1581
6509819544300107249,0x1d55f3339F58C7ff33AAc7aE6e3d4E779A5Ef8C9,1577
291810015350784,0:548549c4044f586ada46aeae95d081dbe0e936559f9d50efbac4a5159970eb61,1577
180476194754560,0xafEe051FBC0A87a14C6A4971A26986b5A92b59b8,1574
180408502554624,0x7b103BAAa9aA1e7bE3DC98c098e3433Ba0502A31,1564
6451391904900106993,0xAE315AD0fF32e7252D2FC44C59381D1C7741329d,1558
088239229763584,0:e56198e16422d83ed0b1177a90c679f46d618dda4071e93198d717add8105b20,1558
158422411563008,0xc12272cbFd73375fA9C4D244FEd18321A471C2bE,1558
6415409120300102226,0x93AF9e2934048fA331AD9AbAb50A719fB080e029,1557
158238451867648,0x991F3AAe66d1d2cE359a535816fF74e0FD0B9974,1555
174400108515328,0x064Cf663173c98a72e841AEd3E47214696990d04,1554
174524141891584,0x01A3a9Cb24Afb65587d893d29F9e252db874674E,1554
180475552526336,0x13d940210159136a486a2ACf357Ecc36486337B9,1553
180475488952320,0x46E2C08732fe38D4c1e1f2d35d5063d19ff51eA3,1553
180408273686528,0x3dc80e21E677ed5Ec475ef8161ee0754D4358EBa,1553
180408429060096,0x94784DCD63C85739b80444ee9bAFAb8cE83e2A75,1553
088658927534080,0:1fa6a4f15241f3ce1f4794632d1ae9b0b526b0e05ccfad65b937272a421d5922,1550
180408264962048,0x45813d45B1A411982e5632522E949FF56c77C898,1543
158585019621376,0xF682b97f2872b57DdCC9fa56bA00ED7228cECCdD,1543
180475701047296,0x38730C7baa281e22B4e5F26CC4f46c096F73C115,1543
180476220723200,0x24F9Bd7BcDD0a48B2D29f29233e2acA510ABED80,1543
1120799020146688,0x901BaCEFC15259081d8C8F24169a8C13501071E4,1538
180475434110976,0x64B7c5c2f8BD09F19DCC649209f5dF2c0C4EA96F,1532
180475437719552,0x80adA885e07bd6cb4A9cDE749769B9f9FE06D8C7,1532
158271729942528,0x0D601e4978F7bBFE87aFad60Dedad0CdAbfcD09b,1530
089616983904256,0:1eb6a18408f0695f33b10599f1f5303100847aff14da555315c4ad0290e2ff8d,1527
160015069728768,0xed7445f7D781e8cb41b2e6cc5E858b607503Fa5B,1523
092264662700032,0:f08a2f2e257300d916249e687fb236f3c1f00377c6360cf202795e16b2e87f17,1514
173966624813056,0x17fE7E611156606AFCF45faC333ceDE392706AA4,1511
158300610330624,0x60e8cCaDa57F150BeA8Ef75725945913E8Da9173,1510
174499847749632,0x10F0484D42F93dD1CF454E7F6e6D3d86B1fD558B,1507
174472692908032,0x9b7A70E734886f8dAa6A032536cF2c0f02c8Ebdf,1507
089404540661760,0:446bd709ce66e7a2e0157173c10eead38625e2e442fd13d5f659987528802c6b,1506
180408340901888,0x9785940a2e2F8E2361247FCEec79010427eeF919,1501
6415767777300105259,0x715320E5b01Fa7E7A24A38bE936467533cf6E77a,1501
180475499126784,0x93b76Ad86187980197e210CF2cA4a95e58A3Bf52,1501
3107236633169920,0xd08FD3e6c865842BFE6533BbA2D8680a7424d1a8,1499
158251590180864,null,1492
6159235209900109269,0x109521552F472b3C2EeD0fF1D0b45A107EA008C5,1491
180475534921728,0xbBdBaCB4391420f2Ad4E8E6D739d43574d1cD993,1491
180656965681152,0x35a0762eD830Dfeb20eE179282802A4F5AF06037,1483
180475554603008,0xeBcDaa82817370D7e8Fa165187410edAB24C640F,1480
173575974199296,null,1480
159154178932736,0x7bc147257955E14fe682A525ecB2D2E281241603,1480
160474151698432,0x79378D59580184BB5DdE645b6a3BeB49306f9749,1479
6472062911700101036,0x62732E1452133D885ece9CcAe2B3fd7659a56d16,1479
6159235777300100339,0xc83D0626971421A1197763aaf6E501163e2eF4b7,1477
086344218537984,0:81972b56945d138a1b130c7a32b28bd580581063e6796c8e79c43a2391e6de7b,1475
158155022360576,0x2B8A5cA44a3497E1B809a97751dC4466ff95d6fc,1472
6888854397500102252,0xDf59804F1bd116A74A8590937Dcc249EBE65e7Fe,1467
180408316407808,0xaAC820c00162CF3f7C996373B954642f7C53eAA6,1459
6395260639300107969,0xabbd8690babE1EC4819D8b1D7e126Fe9d42bDf6A,1457
2107690127032320,0xc1989766f173f98500C22FF5b666c47E7072B66c,1455
6448724224500105946,0xa12355B204DB3d26D187E48145400EBcf6b72597,1454
087154394656768,0:838d0ebf30ecf9965c1d6d03e8152355b556fd8cda112320d4c16c096cc7cf16,1453
3106907883704320,null,1451
180475608907776,0xcEF55eE1773278F7CED5884EfB4524A007Fe6fe7,1449
180475939106816,0xAAA7CA298FDA838671C79F80B57417Da7562a6Ea,1449
159934129684480,0x16C105662bA9ADD7FAc17979F3a84f97afA990A8,1449
180408402530304,0xF5Cc9f65191419B5990181e56773Ff68Bc4F2682,1449
6397808264900102008,0x2F06DdC60FB03acbaaB51b955cCA730667D62FDd,1448
6159234339100107634,0x915D72Fd6Cf53c34D6b7C238be60a79d5214C452,1448
158318142574592,0x99FcBCA660a36942aEFb54aEFA24057883F41e2C,1446
6724313972300103551,0xE149A9F2C292a191D09d1Ba23e527cB387D7243A,1445
163927726968832,0xa20F66baF81929388ee056B042167B40a532Ab91,1445
082290483384320,0:b2d125817b974ec1a0edec8cbe4f89c4341d50a9a29feb0adc805b0d677e75ac,1441
174472037650432,0xf9cc7998a2ab0FEb1b97C12B4B1786A17f9FbE29,1441
180408447725568,0x5311cc4bD6343F3581EB2cfA761Ff765331eE5b9,1438
3107144009166848,null,1433
158258012446720,0x0000001089167600c25258Da29d2e2c857ec1689,1431
158937278582784,0xAe8f70C89631eed38299c47899b705CD3E896FE4,1429
180475996499968,0xA7E007E296DBE2a3Ceb7B5a36B28C167285d8afC,1428
092604569034752,0:04c00d2c9c850a7bf48b65919f20fb7e40665f3364d1d287004bad3b26a344b4,1427
3107274114932736,0x2e0D668dc046011e98B3dc8dEdBb69Ad214AFcB7,1421
6329219116100105085,0xE156dBe57913123AFeB8FE3bE73E9D1B6aB1C2Dc,1418
180408267042816,0x0D8B814611092fabAaDa7Dcab756Ba4213209dF7,1418
180408224145408,0xd37e4e15744c225A0Cf4e000Ba3bB7CFCE48e536,1418
6655241995600104714,0x96456421aCA1BeD7F621E83Cb4c75Fef746F9A23,1415
158242897154048,0x06A68A9Ca1B862638781434c5fcE78435fbBc9FB,1412
6438687886100106532,0x30107e9f96994b15751CA84767d1CB9aAc6856c6,1411
180475547160576,0x5E074B56Bf808C1566F2C759dd9c4A3949c4369D,1407
180476407812096,0x34D3Ea92314584c7D9Aac019e80CAB8Af275499D,1407
180476010455040,0xd8e610f3Dbf3738acb2c87B5e7BfA7d619e8D1fc,1407
180408656711680,0x8Da1Ae16e4Dae476B8cf4f67c911491dd570A870,1407
158129638850560,0x83F4d47e071cDCbD06d80276676dfd1c330220Bd,1403
085649516482560,0:1146b83cfff49394a68c3f923814f44cbb8c94b3ec25a1e90a079c5b6b101fdb,1403
085407378358272,0x491Dd4A1b070c22C0b287D675e9f5fD75B55Ff56,1401
158205495263232,0x4a80981Fd3F2f4a6663CcEE2E618814A61f0BE20,1400
159177756610560,0x14BC781f779e85e59F1fd0Be1e1350DEb00Df012,1398
3107696807682048,0:178062fd3536f7485bcc17f79acbfb23167002185985d3e84fe304aa66946773,1387
180476109172736,0x834Ed9adDBeb84Cb0fa82926fAd5248dCe11B034,1386
180408594444288,0xF3D5a70b48cC10e9138dA909662FC3346F77AE5c,1386
6449820897700100985,0x960C8F313A72d08d4D6d0Dffe068CdF18811f41d,1385
3117892018245632,0x1FFc958BC75D6a7d7fC673F8De6Bc3A580D1522E,1383
6455199913400106719,0x61174a2F9C0b745893f4eeED790B3B0207674601,1383
3106816947544064,null,1382
091391912714240,0:0dd36683bec729da958e6b1cb23bf15f7651177f95abdcd173c853f6da7c3271,1381
166730010116096,0xC648644106E3CF0f97eFaab716c07475C2D9c9d9,1381
6415462129200102816,0x5eeb3A55B14fFBf43912e5bC90Ef5ED25b534aAc,1379
6571972698900101729,0x63D38fc5E0968C2b983635c462de66C5eEE34dB5,1371
6159234217900107410,0x3b52c4FAfdF331365Ca12AbEB8b86573C11Da04e,1364
6159236166700101073,0xd9a277987De31bED65E831E0A5CA9f87ddE3eF09,1354
085875892826112,0:1f0e749fb58bc0a042f5a1ac0219223abdad52b9a1dea0ae1be5239418e1fb97,1346
6159234801500108505,0x2F54C91900F221Ed6b74c0E824F95353473eBfcA,1345
1106943949647872,0x49232c48C07b008B0e7A06746A72B4971Fc1449f,1345
086886853267456,0:c87cbbf0eca2bd221f19d002e7334a0aa950bc9ec1744965f37b1ab36eaabe37,1342
6415165321100100862,0xaE5Cf8C68c71e0F6B29715A85B1ADe5249Ad1d7f,1341
166729972662272,0x238534c4526972133434e9fD562F716367D2fAB6,1340
087046310543360,0:923310c56429418251dc5bdea8b729bf260d51c13d6d350cecff4e37433fc3ff,1339
158212932358144,0x85b8CA2F8BDd4B3A6528aab835c50e745590D9D9,1336
180475941064704,0x5094E3cdf157FfD64164A6b4d105e3D6B83D8fDB,1334
092430349668352,0:2587e2aeacc7aee0dc061d223a57217a7af962685ac9c62859ec5c8716eafb3e,1331
087309610065920,0:0a898a8353fe425f369ebeef0f3eb06dea63a11363a66061cfed0022f1dac1ee,1331
092605074345984,0:6a8cd1996833b5c43e6deb8186d92fd4e5eb1ee4116bf16bb1d596fdf994bc6d,1330
158348734017536,0x41E7B30519d93cacB1961EDcf5Ecd9419A8EeE9A,1325
6159234063500107119,0x5260fBCD58cd1F3a26C660cd2dC29866A98Af1d7,1320
158512591220736,0x9f8a742dc470653E186Ecd00a303ed29a8B9cF7a,1318
1107079912210432,0x7357f1bd811C1A31FA8bF12A2bc4678CDba1416f,1317
158162934341632,0xdD083e6A1afC1C48300f01CaA68777929bEE0d91,1317
3106798229393408,null,1311
158585478729728,0xA5baC748C0f2D0A9f893D449d6fE8b9413687964,1305
158243108909056,0xE2D5F52D5529D1E1684102828d49c38443d18acB,1300
160760042438656,0x7A4C234293126a49eAD2c34cD20043E7a06D8B22,1297
6507735200200101033,0x6f1eE0dA549101e3B223C1554B6d997a19eCc151,1296
158089044512768,0x28777B6AD69E2811668227F68878229Ba0B710EC,1291
174645890228224,0x5C4D09C9bb61c6Fd9b0AD5C50AeF34Ca335B651d,1288
6156810748000102132,null,1288
085564929617920,0:53c81d7aa01e99d57f8b837e7007c8b455857b0c4bd3c7bf2ef804cb4a6c2183,1285
160955048869888,0x04241c80b5cBea428001105344d5339E8B2ACE18,1285
168134952886272,0x1dcbb7Df5d78E85fB8e92D8A6Ef408f8Ad814a31,1279
158260436111360,0x3e2613097CF934f39D7C0954cC3929a5FA3F9FE5,1278
160486306357248,0xd0693F8D5C94339E245685a88363FdC55193A153,1276
158519593254912,0x31b005d8412fA36E0474EBe22aF521A755bC3C24,1275
085551907049472,0:d3118164efdea47c132b33f5735bb83f166f0bf2dcfe040a6edfcf85772ba3b7,1273
086590166462464,0:f879a3f44c1419ff3c4ec559a7deb9768161e46f366e01ba93201cd4e1aeab8f,1273
1106947862020096,0xC1d870e8B81f1B6E6Fe0E31cF481128f802A6Ab8,1270
163900361920512,0x4Df4098380C2D78dc73a724174fc75f5E17a2045,1269
085427864047616,0:cf2ec3ba4f095178d4d2e5b5fe66278ec5bf101f261911860c2b6c25dee052e4,1269
163900361912320,0x5Ca954Ab732c4FA9214d18FD210015fB61743f12,1266
6411095831800103127,0xFF6c4B7227283075584c88A12CC9d8058B50D725,1265
1106939518640128,0xF9177859D5c06a30503ea03F7f4aAA7616e4D28d,1259
6724491467400103817,0x2003F362ff15035E720335047b07949dff05ED26,1258
086632232165376,0:ecff351f0296a9039eb019fb03322527d159392ab2562644d5fe859f5c2a2552,1255
171891397152768,0xb7dB6B9C3B4De8453bF5618bf4263c86368BAaa2,1252
160646572163072,0x8C6331548b4A8e5FAD85f562B241f8737FDf63fe,1251
086419045212160,0:dfd20439f38014f8e123bab11ad5f3372ff0d39e1f4a947c4eb35c3efb453c5d,1249
6271553040700107320,0xd50963C3f3Dce3BF7449116062A6B3234240A366,1245
3106885903048704,null,1242
6415656232000104569,0x94E4f73Cb509F956F8B56A3684bBe0A228dA6d8a,1240
1121205199069184,0xac34d5792C37ce12bEACD7dFD14AC2cdAa865c6C,1237
175135139225600,0xA061b17Ff3f94F9bcD616199e1bBc67379dF2edB,1235
6159235397500109624,0xD720ad11284A3F5503F7Ff61471016aca22bfD8e,1232
173366057963520,0xa16Ae1058e1118ce92502787F168c485c20ACA61,1228
6415203424600101117,0x308B602C8D80F9750526aad40dDC509452bA0f8d,1225
193351957585920,null,1225
085566738911232,0:81538615fb70ef12ea2f40f258f5f5571fb23809610a5be6cacf23726ea0c03a,1223
6400353478500100154,0:b4bb8fa9317763f220952e7b612a1c4d153009dab817c1aa31c58e09a8b42645,1221
180408606179328,0x508884EfE3e8ea3916bb73805dD4C46ea28E2d23,1220
094332119904256,0x238154493fd3f1e8d9d177d02853Bf658C042DB4,1217
166730097086464,0xca3A8133628035EB7D1e4109210EdCD091213627,1216
086634420797440,0:0955c5e36e5d90fe7e0ea6432699e0d4c4a3d54fde17bfa5583997a06036124b,1215
2106719232999424,0:b27d5567d5c06a956f3ee252e46fa4d2c4a4c8d7126036196693fd655aececeb,1209
174536372920320,0x4A954f6436b107ee5003BEcc06fd97fB9df5630F,1208
171197029285888,0xe05E50337c22BbB7C7d1c67AAB3eAB71410024D3,1207
6976950783400100171,0x3011BA8847d4361a053ed73886d11b36F50819e3,1206
174629744390144,0x3FCc776a83Ff4A4bE693F659314F210e8588B3AA,1206
158272133550080,0x2CC1bF8ea488C2916eA13fF0EedFE3D1b93D0bCb,1205
086272621432832,0:4f32b8aa2b3b120e2ccaea618edd8dcdecca119ca2540d43a7722896c5d02715,1201
6456581125900104488,0xfDeCB68f4122412a569D6b57CE86d119117fC70C,1199
6265622865600101882,0xe38BfE7bC8a80fB43a3e04EE33e5eB0ae966F7DB,1198
6801258774200103169,0x488d51104Ef4a3FF9004438238bc4e3500Ac971d,1197
085508838649856,0:fb904b6283ed1be4a0a7d694111f83905813e48601607539f5d99c77cfe0bb74,1197
1106969221132288,0x9fb84b709acF7a3cb95C1525f8a94009fdd36Bda,1195
6944463498600100327,0x45957F94732E671459c4274d6d7351EeC80be561,1194
6732476861300109921,0x59cF9D1916AB4B2A5F73c278D7CAb834d9c7eEa5,1193
086572025118720,0:c8eece14662a91439f6c6f2d063c2a3cf8d4d7ec8e6bfcfd502c5bc2756ee730,1192
2121651466199040,0xb7a0BB732298597Ee5ae0E84367E8e7Bd60b7503,1190
091778113220608,0:61be34336952392cf45299f9963aefb509f025d8fa8ae8787b0249c46b29e576,1190
398228825374720,null,1188
6439623063600107463,null,1183
173839451193344,0xa14453De2F450da805a3D9d01E008e7E475D8093,1181
6415166897100100875,0xEd494CB7f0A54b6D4Df183ED499f9dAf68BF61B9,1179
1106776678625280,0xc1E58b7BF820e81fE1149e8bc878A9b3D309373B,1179
158118894575616,0x444b38c15cCc46db22b9590497023D91e506B2fF,1178
6415576337100103842,0xCf7694D13132589c5157f64A21ca77b7d3CE60BF,1176
6371669627600102309,0x6F31B3d878FeA26Fc92a4A3fb589cf4B37D7A73C,1176
1100188562276352,0x3E683430012ded6E7eF28764A6A0f12e505dB357,1173
163900359880704,0x9f653121134366B71f2712a0cfc563bDd50e8928,1172
170396186013696,0x04c978c835b2031AFDB6C74053De7A0Ba651862D,1170
0102774232104960,0:3235e9bf6e8f28e3796ea22193979697dcf2a28231dceaaac406a6661400b3a0,1169
158960984850432,0xef4e844d50bA62cCb354A23f3C9a231EaF6529B0,1169
085486319165440,0:7d28bdec77eaa55f06be86edc5b5cfc0f1d24b7fa04fae955ef92d2a37d620b1,1166
085410876325888,0:fa18f2910d8c38ad3d35acaac52b467b29c9af4a70326078e435583d85e716bb,1166
386556327264256,0xA66Cc104E7b888B50B8771127001F6DC7A36dcEF,1166
6724549056000103866,0x9Ce0356c2dE47cac32b1F9FBF446d96f48ee75F2,1162
086336450883584,0:e9fe97489bfa87f422bff62377d81a2cb2da9ed13b5d76ddebe00fc72d1512d9,1161
6446897895400109662,0xe0f0b3B0478211A6382F699F929cfdEEa430D57E,1161
163900361388032,0xAE0A111a35b39718CD7556B472eD12aB8dC42676,1161
087667683450880,0:154271a90c518ebe3e926ee74a06309a2766e63c943e35e51ae42f245debb64b,1161
087086566838272,0:a59240b4cecd9228602b472ddc5fa2d5a2a381e32f1a5b85d95c40b9c1b7aca8,1159
1112045418766336,0x85d26112d0084e24eD5e14b46E9f0b24EAe0aee6,1157
6511263628500100766,0x872E1FaCe1645fF93aaAc0646ad5166a6a7d4D0c,1151
184711674605568,null,1149
086932656414720,0:18e41badfc18cb56617c192d5ee84d293abe12a0d38d26d4c08cc01bae5c0816,1146
158942878695424,0xA4bBef1478BB18d4C3F0A44A64618eac187D6d24,1143
093790385672192,0:77848fcac74bcdbf9920e0551481268caf0ab4fe1bce75a566df8b5ffbeeae9f,1143
158351307571200,0x9b41940Eb9bc5d2110Afbf9a2559bD1ccf1072D7,1142
087155338006528,0:9fac41471b4004dfd8da92f3560f8840fc668e6f45c67aff45353de1613d26d3,1141
161567965229056,0x69aD92342a73aF02370300CCb8fd33193E9c3Ca2,1132
085825815154688,0:4315771db8708fcae171b6dc39447fc8da21433a998fe9a8b1e1eb39d087e881,1128
3107015610937344,null,1125
6456560660800104304,0x0A012c9439f0D19C076a71eaD72b79335B83D0e2,1124
158928702328832,0xCd78Cb1455D0D0d359DCf0B059b2Aa896Fe6Ae97,1121
158165120634880,0xA2b25308870854b4bcE948D90b141956Ab762F17,1120
158907907538944,0x2F9F35E5D4638C1e9168FeCE631028F1d6F643eF,1118
158286248722432,0x7Ab0C34aD711E42A5e7B4d0522F7E6586b72ADfD,1117
163900359802880,0xafF5648A7D0C0836d0A98D7478b9906B7C2f190d,1117
160439750397952,0x7a667Cb7f8792BC5e1174EDfbaC4239d33D2441B,1113
6889154547900102836,0x2962C855A7a14Cff49DE60c21531Ab26693E334B,1109
7044631159400101723,0x1FD9A1c6a849Fe15086ea0C3681e07035eB94098,1108
153440957419520,0xc0a3fc33D046860b59E61f4Fa65B18Af31e1433a,1107
085859421872128,0:f57cdb96bf1530145d6191a775b8c9495e472dea5083f07185f23b620ba08b47,1106
089746228125696,0:7ae29605891793d740940a933e7f34c50017246f6a4ae22c334180f797df23dd,1105
159332755419136,0xc66C8eda1AA33e6476205C041670033658EaA43d,1105
085512214388736,0:60c0d66ab47f6636af4f784e7bfdd68e2fad770bb1c983821f0645f0b0374887,1105
6412997925700100497,0xe13C71f4Fba0A6bCA7b332f941eAA62Aba8Eb520,1103
6159233993300106991,null,1102
086011100811264,0:fd6f89094611214429ec49e26a60eb11f154a06281225f5fae8a98068198ab34,1101
160393120956416,0xCBbC1919f22Ad2Bdb0D3ee2256CB7F5c6A84438C,1101
087170373931008,0:0ae4d202d145394e089a32c8ea62e307a564f0d59f63b07c9ea193f0a38175b7,1100
087657265848320,0:687afc98bff623cc9e8de83dceed94bb2a571dec458215b36abe0db0bd3332bf,1097
6413268679900101822,0xFfadDe9649043702429EaF5A9572A55CF1E7374B,1096
173801785577472,0xb25a73358f3aFFc6dea361Cbf670ecf5B22F128e,1094
180459599732736,0x888C29399e9f5da12f4aEe565F78602607848560,1091
081198673031168,0:4f72451ac85b7ca91b27a6ffa3b886816f76fe6a4297f3723fd33e1ec5900914,1088
158295955808256,0x83C0072dae9C28878744aFF3Da5E6047f91Eba02,1087
087235163951104,0:f8bb024fa7cd9eb495a0270678d955513cb97cfbd4f9b526360bb8b00c6bf043,1087
6726363601700108395,0x400834b828C242b92Bd366c42414ef7F7B4D64c8,1086
160442097291264,0xF9B01b5ee5a36eFA46566B43D4c4c91a0ce7d9b2,1085
085479450128384,0:75951d924828788b28bb2d1e0b1ef6fe4dcf8370f0c3d687ad972561ea48b40b,1084
6159234649300108225,0x4f24a6741579f7bA34D4cbbBa30C5A13CE4Cdf1E,1083
161724494585856,0xaA8388694D5991554743BD7623Ac56028DC75Ac8,1080
163900363628544,0x3652d7F6b628f5bDc63fCf204Ab81a4AD07f8D0f,1080
166703365791744,0xBF538f1C6750528602C654C2f7AaEf9Be33c0388,1072
174533826068480,0xd2d4becc18F7C9dd07e9fDdf8c3692A02B19d85b,1068
174798615052288,0x2c261c8a602976B3F39e20eB49E2E34dB910F44f,1066
159774947442688,0x7C741A1313ec91cc95389bEb46Cfe700e9f2E254,1064
6176793134700107816,0x478962a1DD1E858Fb0D235d616EAF83303656FC9,1064
6159236055100100863,0xf6C8a84040EaAB7DE4dc1854a6EE112949505A4c,1062
091572589350912,0:97d9e82ac68e5aa8322b6ce8e4923df591b709c2c233352b937978c8150d1849,1062
180546427240448,0xBe438B07041E72f24c7d1BeB802b1E5B6B9A4d75,1060
158145119522816,0xaA10017461E2c07B81693eb7252eAe648C528742,1059
6412836153600109530,0x56a5D707253A9dD30e92634D9126346e225e0f84,1055
3106780344770560,null,1052
159384252600320,0x152A72D776A8F16b117371020d64DFFaFa10624f,1051
6282985740500100305,0x7cBa42c8C9356069E65948C62D8c741453341dE2,1051
090237024894976,0:92c0f1ca91967ba55fb64a85ece25fa21d7e7f7ddb187622a0c6f9c1ace6577a,1046
6456641152100104927,0x614Dd1b4309Ad1A182Da26c2189Cc9f83cbcd7E0,1041
160249670946816,0x6dcC3Ea688c74479C8970531Af43c99cA4d75f20,1041
291058071539712,0:cb01a7d5733234862da38992715b7ac316845ce960710bcbd897261c81e174fa,1040
386870990811136,null,1038
166730034700288,0xB4ebAfC1820882958E655340B5E4511DCC60A6F4,1031
6371387898500108307,0:a88a15e053f8c706ff79db1673da7577dc060060b5feecec7464830d40d2a117,1030
180547003514880,0xd8fbA79344795B8922277638Ceb3b0F1513F4d6d,1029
086874830848000,0:3821c60044de342c03cc80d607202e7d10824c033ce8e3973fff24e891dd2a47,1028
174386464800768,0x7Ffb6d48C6B5444C0ccf6f6273094F7346083825,1028
174548720345088,0xb6381b5A469F4C36519c7fFe0E1a9aCc62805fB6,1026
086130747162624,0:249de80e39f51b463ef2bed958beda9c360d2d4ccff7b30c0c1aeb9177faea54,1026
086220348866560,0:3955db67094d1cdc844676b62ba6fb860a44115eb202fbec00ea6fb00e4a2406,1026
6264463624800103572,0xFEC21213405c13d502958698AB9f41dACb5E486d,1022
174824856031232,0x50138CF31e7d458b3ff18Ed1A88A1a14668E33ED,1019
6440325628100101954,null,1017
161566138310656,0x33B0f494fBfE97dd6AFdc041A46Bc254A36C2Cd3,1012
158617204088832,0x328Fa3Ca77169dF0A48c08eF9D6df9Ef9aAe090b,1009
171033281429504,0xf34095492113D61eE0E941e89c24081A378D4659,1008
158162009018368,0x619f81e15F3DE7fBae527000113C785Aba8ca0Ba,1008
159226928226304,0xF1c2d5fD0231e776435070d675F132579fb6b25E,1008
180440311656448,0xb8C7563eE4C4c5A92d10deC7bCe6333fBada38aF,1008
165617063661568,0x038A80Ff6d1359fB94CE4422ceacaD0e63b54dd7,1007
3107367589998592,0x72780a3Ef69fC3c8425FeA2e4EBDab419D5984D3,1006
086406588260352,0:2d25e02e5776360b94cebb3fa7aff02a8227a4b84514c1aed35088cbe2bf0825,1005
290730998136832,null,1003
173468441124864,0x208DE95ca6E8C3ace5C1dEB74ca739803DCbF92C,1002
160447159681024,0x573A701aeB2042Efe694cEf97550ce979D41458f,1002
167002709540864,0x0795bb1c2f4670C6c8f4beD3F95C0Ca30A099dB3,999
164434709983232,0x20566B7180De6f7aC71E4B29935c85a048DeeFb6,998
180478817554432,0xbD1c38352bC74748175a0388327Ae4d38fE8983B,997
180590977241088,0x2694DFc389c83173f303c571c829091DA3036bFB,997
166276728410112,0x5a0Aa2d2D7a33AF46e42AfF8698C42d5C2e61c44,995
158237427597312,0x8FbB2726aDF1C4FE78099483EEA643b55a943787,992
163900361879552,0x1a7BE5b2f85e2499E136C72b26b8eFd84a90Bc63,990
166730203901952,0xD3ca62665ea1E2F79C406f9d7F7b5accc3a6E320,989
085389198868480,0:3e2a2a4a39f343648f9c2aaf416f4791fc1f9a1ac2be4ee32d05e80c2535ae9d,987
6447722998400107227,0:6a240ef318ae307684e58b1b0e44f2ee387b3aa4927bf67aa3eff3fb10a86b24,983
6159234282100107526,0xE9AB84567aC1ae8B8b17ab6DA2Af19F261893Ed9,980
174416045711360,0xc0ED1956936b88Cb3E13463202136Fb573114EdF,977
180502069137408,0x991c803AEAC7d0a2b9b56097a77dB473d779DAa3,977
180456788406272,0xac9a826Db60A03d12586ad04B183Abbe476924c9,977
180502171734016,0x56f729fE2Af56F2491C5d196150e78B383cB22E9,977
180495302057984,0x8597c7a6449D702640EF4ef7Be88C2b117b05665,977
158271182872576,0xfd4E8Ec5F4f34B37f65259Daaad0EF7D30d349Bd,976
6289870560100107580,0x5e830e0B830E0d09985D4a19c73117870d8EDC2C,976
6437286200500100887,0xc0E208f3D1efd5758451F7277A74ba488A218303,969
6280075447700101430,0xF1dCe502e5aaD87AA753b60f337f3CDA072C9BE3,968
180459820425216,0x2bed4256f84266BB215C3405ce0Bb720c44A36b0,966
180496833744896,0x5a60EEb0Cca4B2A07a1E02d8bfF9a00b4eAcE644,966
180546829176832,0x419928a51C23244553A9dD2cE9b776c5D221FE2c,966
180453157781504,0x794Fe22abc502544aB7F24ACBc535B0526DEDcCb,966
3107042881908736,null,965
165621692473344,0x2F3cf6a6bB2b65D8BFa4e1259C034f8c93aD10FC,961
166730265964544,0x8f9fb844bb3ec1818F68F47BC36b521a17473791,959
180541635571712,0xC3916721A5FF3e052Df83eE0add3A377Bb69DD7F,959
185422645579776,0x44D9f0947b39fc68a7e9EEC7F6B0FCcF9aF6A166,959
180455545540608,0xBC59Ee843ea8d85a1223E4E8E2b171553C811E2f,956
180478823792640,0x37DB686A1Cc98fB724F36e7B2866c17389a665d3,956
176552742268928,0x4c4559E31B7C32625e160CB20CBcEc262eC9A132,955
289722396405760,0x8b2e1f58c3D56FAacd76BD2319988FA57089e5DD,955
085829192290304,0:79731d106497f1a8152d1009fc7d595642fdafdadc6b539135b72ac56e31e219,953
085835439501312,0:554729d218f4be517d11f004a8c7074f78dfbf1b0543b8a2779a454de960ae65,953
160477776166912,0xeC84c268fCbd6a176eDd180B19406Ee36F1F1a96,951
166730233442304,0xCa46D4b25091732C2Ad42094760A5AF0FBf33c6D,949
166730064859136,0x75FEb6f5921697576BD4005532b1a8ae73d9EA2a,949
166730132525056,0x4c456fEc55bfD8a716C156C53CAA08d68e429954,949
3107361883660288,null,948
158167431487488,0xfD6dD014C136eeAF8BD3d1aceaccf38A57784816,946
180590245711872,0x33e2Ac742251Af3D5eD05E2B201f4BAFE37b3701,945
180495302098944,0xD1Da08D1F90843988Ea86753e9Db58e43CEd60C5,945
174457516371968,0x604B800BB5482b5C42668A6f07C2f61B6Be0B44a,944
3107742533824512,0xAcF5f6ba7777F5bDFe249CAE749C3dF0e2600A59,944
174712613584896,0x2F19E59f238edaCA6f37B222adfd6C3773e775BD,940
087512327647232,0:c939a76d3923fa4df516d0bfcd49cd49f16130d9e8c5f492de9b110c8b799a99,938
174634499923968,0xdb4Af1D0C77802E16f0B747b192CBc784361ABbc,937
175928210796544,0x7286c8caE2558Cf7c983D0aC94eF3799185594A8,937
086062399102976,0:9b9fb0ed5986d6616a03c2a19cbb56c79c593ea31644f58be94eee03a2c26df2,936
167695959740416,0x64b2A5fBF8c49E3E134A7547360290208C7ea1fB,936
180454068625408,0x95f2d289Ca87c59FE40481966614ebccE5AB8189,935
180502456639488,0x2045b2A588654366E5fE9b36e5446D4547f7E4a8,935
180589244309504,0x1e3D1c2bD236f2659Fe040bE61d1a14eeA97D383,935
180597852856320,0xF690Dfb6337C697A092CCeb04D029e63258437Ff,935
085763244769280,0x04E26435393fe731623766E36dEd6a3E72517178,933
158374572163072,0x7Bc3d5D5BD5d84F24E120e89Dd303CFE9B83FC46,933
085890027282432,0:d75a56d85185781b74413a3c796e32227147d9543121b3d2d9ecad74b030033f,931
174420078583808,0xca796c54043a3a50112F45550d3E7964cbdD3625,931
180458939478016,0xa34fcA698f82a1B0a3F8ce36EEB56485a10bf681,925
086068990316544,0:052e0c69d566df05851a431dd95ec75414e4c98248b9a14f50b652be374f5635,925
394678850662400,0x090aA7472cdE51254A8fB1659F0D1a111886F272,925
159152203513856,0xFC339C49C33cd325Bd91d0aE24e571702D123383,923
6889094788500102654,0x1441E7E776D0DBA5962524B0277125a1df617753,922
6455036212500104771,0xB10240A8105cd10Fe7564622a9c53d5f2345A1A2,922
160471724834816,0x53c82A40400A0F8B976BD1A0f0a59a0F9562742b,920
159152165081088,0xA204e822486afD9639C22626F3b9f71270EaB698,915
180438960152576,0xf0501ffE2a55d7f33db067c743f221506ee1ec2D,914
180462657789952,0xbD54a3Ff0EDB1e7c3f1C6E6628d9a184dAa45E19,914
180502285725696,0xfa304dA0667c240EaaD548da741A6ef0b5e5ac6c,914
085495387189248,0:315a2a3be6eeb442ba20def4448d25d6f617a21afab2898a3b3c9caea6d765c1,914
180460785332224,0x84BF24102bD6D7f1700C9B661524b698f7d750B4,914
180547252674560,0xF5382f1545C37613Cc7CE89e45C67c38B2996ca9,914
085425057132544,0:bbfeae7ffe27b800ee44856b7beec7ca45a062285ebcfa91698301b9301a46ca,913
159151361175552,0xB6A54356fCAE46129644B202A5b16DD1f61A0791,904
180502612914176,0x552cc90248E4a8ee1B18Ac8d8146C936E18ff663,904
180469777989632,0x2d09eA640D718D83A6bCa31977Ba74A7Aff44ca0,904
089596154089472,0:ef8da3816a58586ffaff64750b4b46e993bc9bd85907f12dd097912ee0e8fc4e,902
6455028642100104710,0x72003807b883b42cbe82D9dc77AcaCBaF8B34788,902
160785854795776,0x8AadA1cF535DADC704cE26d9B2DF45bB71402BaC,902
176114396635136,0x180CDbd0212178d24BE260D39137bb3898c8d48f,901
158127777251328,0xa6A32BC4c89DF8dc99f465506c26524A8360cd30,901
176603671941120,0x86E4d9E93B75CC98fa187Ee323269b329A26948D,901
158119566241792,0xdF9949Ee079A6B92329AF9980965F186a15F8dF5,900
180548191465472,0x9D8BAfa1e4e3a6650DAaF99c0c8973062992e7F3,894
180545824993280,0x394abeFA5634ea2774D50343Bb7AB111197C9Cbc,894
180502334722048,0x13103F7CFd3e67490061eCfe8FA43e0797eB5bCc,894
180496732114944,0xBc5a88B82b63857185B0368B5A9Fa5da687d2156,894
6262759753300109316,0x6E8AEbcf7f545cF5256a92E0197B51EAC06F2D4C,892
292232566755328,0:e670581fd081f3ef055bcdaedee41789f4baf48a93a77975427292e20dc66b4b,888
087682374287360,0:0ecf87aafc961645afb8b81d1dbae5515c620e1038121bb94da3f59abf9a13a0,886
6466507027500104112,0xDe09436892E383b0aA9c8f05385d226D1f301E1c,884
291302658879488,0:e3982ef33e66037caa56d92dc44c7006e93807301f680d24210693665dd2752c,884
180452579151872,0x66EcCdF5D18FCB3773757447555B9CF54B385ab3,883
180470449143808,0xFcb692e3672F133030B312c91f255B116a8406Ce,883
180599491330048,0xa7fa2c9c2194d9935A8253A3D8945e0babAeBe44,883
085508352385024,0:a6f4d0279bfeeb0d9226a075d224c87659dd801339fd44e4feb8312bffe1d678,883
087198533767168,0:cda18ef22db70821dbc26149c7f48955c03d9ebde6c2010f06f1d9b701f20526,881
176805128650752,0x68D58C1BE865D03a8B14a32B9FfCcC060f7FfF67,880
174459419537408,0x34614Ab9ab33425FfAdF20d4077cbFa9202aE78c,880
6456659765600105061,0x624C23354E9a2205672a85Bae9B26f756E7E9d9d,877
157811083358208,0xC4B08bD23dD53F14323aB9d3cACcfd2607EB064E,876
6416621248000108961,0xDd8616c2e8E6f80678DD401a44CC08dCEe2a7e89,875
087475420819456,0:db2dc36539ee6b87bac1df3136cb7ef74330e398d068a31c57d04cfdad2f2e47,875
180596684939264,0x316BBCC146F5eAd5F680B3586974C035C5692DF1,873
180456796229632,0x71ad7900dc46D3D71de52A4d8c4683eC3c9F1f25,873
180544009236480,0x97ec50BcA9B278667bcA969b256dEd3c480b6680,873
176165745594368,0xBE5cC7F5Eca054a36321acE4F4ABae2A769A39bC,872
174762974679040,0xA72e0a84EfbaFF8eA481F7aeC55a3CcBD77bb138,871
174068781367296,0xBd2573e7a40D95621415A46b1706ba0d0EDF5770,870
086465829728256,0:4cec2a04f36a5af5f0277ca28fb7202fbf49087d4e5bf6343d4ff0a03d817ee4,869
6958629322800105388,0x7FEd31c5BE746ff9FD49B6ED2fe2c716701EEeF5,869
197632301629440,null,868
085796002365440,0:b71b0a8fb97567b8bb5faf93b1534a19ae9ce2cca48faf1d531c652cfc51b9b9,868
174175445491712,0x37bE6c0aBc76A52BA0964187b3716292ebd46f35,868
085395180793856,0:a6c3b899b227ba92fc54e2ddcb08e0ed9cacb1a0d06b0ed7f31d38edf5a47cc2,866
2120744819372032,0xe29c7065d44Aa1bB101B8144d0A02e1146321112,865
174524708048896,0xAe7DAF7E71C1Ef1963dfB2FCFB151C4FeC85b981,864
6768491977700104688,0xc218FD7E85317A3c1Cb631B3B9508F292C5D0eef,864
166730180538368,0x1F1c28F4445219B673b99307fF2729275502aC1B,863
180490834870272,0xB5bF4904838dFA857F045aAD3afd693984685c7C,862
180454287298560,0x05CB2D28EaB93a6530d43A7A7418C3d13FBBf6bb,862
180587545706496,0x23B71c60674805d60b91D201F8e5E65fe2A6589D,862
179450385215488,0x41805F94CE3Ac59BD16a57Ab3F8f1Ac5E15449ae,862
180464719409152,0x28816e196b6A013f42EDDABcEE04A4DB898b2549,862
180598916894720,0xF5703Fb1e7AE81D1Ac4c50d9F1b81Bd42c10a067,862
180495301423104,0x2C9f15f90e706ff37b34A6Ebcf47610E5eBC2a48,862
180546117128192,0xc33e28a7E882eE30C550ee5C821ECc4f10Ce8d75,862
3115264770179072,null,862
180545150402560,0x837cd18854A4db19072375680206b202609DD072,862
176176074592256,0x2debB27bD02174F643B54789ce33969F30fA9Daa,861
085788319797248,0:323df6e8a4a6766db2fac093c3eef22ae08553001c6a28d244437e059d760b9f,861
159481647566848,0x0Ede09ab12880b4F29Dd6486D0E27BDc71c158f1,860
174286743564288,0x83e7f2109d2815137D180cb3c9E639A5b40DED2d,860
292943507537920,null,860
174212732207104,0x4DEC1E71f66bCBE5cc2c67af26feA2A218Ad5A68,859
176186217537536,0xcD638E1Ec1539447efcE7eF30f79d4947644b029,858
1101305765502976,0xe2818c74Ca19099AC3c41ab6AA5833C7Beeb148a,856
179481342902272,0x4e84E4ED5bfF4aFF9fA1542F75e24F54EE68F2b4,855
176551236669440,0xA8e484BE9069fF38bBAbEa215AF69E63AD549a85,855
087299794436096,0:d5c312cbf5190273c08dd08eeec55de453b1bc649b30b40f1d663d5d51d9c481,853
174112588898304,0x2427351340E11c212DEDa9c75F821510556AA2EA,853
180547938381824,0xa9b3cA794f0FDf6e6fA74501BF1Ce2ED312479f4,852
180548783353856,0xEBDd9199F13D3A4D8d9F2D3b2494B74E0a8389f2,852
174255895633920,0xD2AB36edcFb16D0F9bb64aA3bF34F9cf6F14142f,852
180545542942720,0xaBC6966A4a70cD484044a5A8E8A8D260aAe9aea7,852
180592755036160,0xEA52bE0958a0E8a35b50DC05FBD8c2b9EB9974a1,852
175597939773440,0xFaEFBD725114bEd7473210E5273072C64c059185,851
175803955953664,0x5683e760FE630D01F900771AF23E44b92C044fcC,851
174592700100608,0x1cE03a62C0357AF5a46bf496a242cA7568Fd40b6,851
179517175795712,0x17e6982AaFbC4De0D00B39E2f62De047B70280c8,851
176112508547072,0xbf3E95096b82D5c52A7f17Cc7D841389e87F0c0c,851
174869115949056,0xeDB4b43c6Ac5a7043c278A9fD08c56D49d677DF0,851
176246944174080,0xE882B387d72d801bEaeA71d209B40156042eb9c8,851
174541961351168,0x12c347466590c9Fe7eD31B32c93a76DB5c04A25D,851
6438374931000105911,0:3ff459e91dab32435aa664196e648168e7b1aee75a341e468ebdae20c5154ef0,851
174364335149056,0x7F7423117580f908de286685C4BFA8c7197da182,850
085641607970816,0:0bce6a24d133644d7bbc1d8b71214335ef2d965c34a92178dddf8b0a504394fe,850
175876733390848,0xBb055Bab750602c28118397369AD9125ca85Cfa3,850
179460319371264,0xca000D08bAADF10E81c6f30A83d092DFBfa29acf,850
174740222476288,0x951986B8Ca71b987634031Ed88dDe1D0d6c63FaA,850
175937189457920,0xdEB24E54A4f30B4f55632979EE8FbF0D5b21fb03,850
174144322347008,0x8D2c5e4933d1e121dF46EdAFf424C705F7D4c0d6,850
175023820922880,0x0BaDa9543AD7A0B38406de30F05516161801Ea59,850
176269357363200,0x927c4cf66c7Fa141D9BdFFe5CBE7009DDA357BfF,850
158153668521984,0x4F191f2cC92729A4770735Eaf962612E90E0Fc9f,850
175007073878016,0xD90F7261Df3f629a6dA27b0258E824B60DDfAc41,850
176155719254016,0xef1d6B6281A2D76CfE15D615CAC59c514E14735B,850
174623408644096,0xD8007fA08Aa154435197344b9372c91813B94928,850
175609812135936,0x28a8dDB743855e492f30E51FEbE4220E1745f4ab,850
179539067535360,0xd533b4481153258Cc778930BEbaCeD7303dC3cdd,850
174385068539904,0x1Cf0F99A46330dDe9F4fC9F8f0e43E635245B3fD,850
179690140663808,0x8A2006234B59DBA80113166f5526Dc77035273da,850
175253937872896,0x1db3BEF912049eA5c22368775944feDB8Ac1853b,850
175111396806656,0xDcB6aB31588121f638EeAc86952BdcB7ef9deE8A,849
179025951649792,0x60aEC86E9f661c432031cBffBA19d57B2f3e0f27,849
175437861830656,0x86DD17B49A8Dab297EDafee8AA6dd53E54e07e0f,849
175587853799424,0x451eA5F9c6d2A818910a484FE72457F09E86a0af,849
174330905210880,0x061B04Ecc904B6fCE3c1eDf05CE90AD3c20B15f4,849
158166804172800,0x4f69c0839766f9c9E5F163C76553177d591f6407,849
179584453730304,0x505CE889569c912b901d8F669CDf3bffa2B978b9,849
175490518327296,0x52EFce15Ca47551DC4518C9EC83C0eFcA16Aa126,849
174919775436800,0x44FAE65e8dE94A40ebf763d7e335913A820008f5,849
178985842610176,0x5CFa9626b6226c3678B83a90F38a92d2d89681De,848
174653900431360,0xd148984dE1803d8628f4f61b9a2538DfC368f092,848
175415979315200,0xaE55487c04BEce651a131e5103b9819a68F32E76,848
174886141079552,0x8114d5fbBe46Eb628857A9b4B026A2ddBFc8642F,848
174857027833856,0x26e157BE273e17330c780b5a96ef8eA1bE0B0A0a,848
175706960769024,0x81015b36BEf3D124570E2aa1c95297D067a54414,848
175716957646848,0xf56408bC6C75944d58800e38973027187723793d,848
174520648511488,0xca2D06FcEA7892127De8e74597F2b795BD2CBb23,848
175447046275072,0x0458Be2Aa542b936754CA8Ad14027E83446D2B85,848
175480889565184,0xdb9ee0c97D0BB58b4D58BFB0D5496BfB80eDdC66,848
175502975496192,0xbd90B105f1Cd7F690ec327F1cDdA984eDDc4f72d,848
175300892299264,0x399d81e25F6AEA7C6cb0Bc2C4adC5c4a3c17cd8c,848
175676942544896,0x4BCaa4D6dC357A68FdEcc8C3C49171A40a4Dc858,848
175167029444608,0xaDbfc8794fae419b12c2c55b1477fbD70e17480F,848
174603354963968,0xC125BFaB1401fed32Ac09f6Cf45f2418ef481033,848
174405121822720,0x6733208537ce67571C1371eE5D8B1f71418dBd54,848
175277690331136,0x4802D11004380419A59BD7fA86532135f6823c40,848
176145692524544,0x155e42c30Ca691Ce9deEd93Bc118411443147887,848
174902260592640,0x0EA7445FBbc4c9beF32A860942fee1a8e9d94439,848
175266451980288,0x8041F4639cC06C00e6A66e6FC56D7eAB7735E730,848
174428075094016,0x52B31a3c802247d05F85de1Fb08fA9587D274DFb,848
179702702833664,0x8346d90764aE09836C371e9ad9F928F074CA198B,848
179642790559744,0x1674dD47a97109ef1eF8Ff74C0974F6eb9774A61,848
179015923499008,0xC79451fa41ca46E17401E19690cFEF7BD0221591,848
176196417163264,0x9f1C2A6335daDA6bB2031C83F05Ca7172f774CD2,848
175189293563904,0x9811E6e9fbe560a4CC1f0A86276228FC349561f2,848
174706105479168,0xc9BC83B404B52515De31114a4eE10de34809DD0b,848
174719180926976,0x61910A778661Af1bC82547C0cDAF29325a6D07Cd,848
174486393700352,0xcFd3c11AA67aA080e236918a373922Fb62379eB8,848
175139995459584,0xFA64627caa4A918BD16286DA8e43F0c3C587E883,848
179618960961536,0xbc7730843971C10c901B767CA7D88c1b597fCc95,848
179528099057664,0x02E67e8e099C6da154Bbb01E36d43F2C006a78E1,848
174844280672256,0x81CD16bcAad1D33eD872A3178b4e333278d6AA92,847
174643704635392,0x25ac33C2024EE343544caC32f18979f5ecA8dBe0,847
176237022031872,0xA66Ce3486659060F81F94D74A14A00a3eF14aCA9,847
175565845102592,0x4FAaADE7ea3793Af4e7EE0bBaBDa6E6fc4ef7c6F,847
175737724805120,0x94AD11bD4635Ed38d268b69241D4879b285f2354,847
175726917537792,0x553032f5d68467b9d091d82DeB29FeD3A90C6A90,847
175469821218816,0x3951a724F768f17103B7735Aea237666D0895f9e,847
175312374398976,0x84f1faFE4ACFA62A9404AEb572423c66a8Ca8aA9,847
175886768709632,0x427a14D7A68F074183b923656802D9961A8ccd03,847
175199320174592,0xBECA2E90face12EF852F8cBA12AC607d488D18D3,847
176216619003904,0x19E96610ad8368F10474A0E028fD7b60F4C515f0,847
175686717935616,0xe1bF4861A3F8aB05bbeb720E3F83EceBB0b40ADB,847
179399143501824,0x4C64477c680F9b6Eff86D70892Ce546F56AEe31b,847
175666799910912,0x1fa62B4B90603d580573e30f28Dc37407f107293,847
175834687684608,0x23689dF89932470323D82E7b72Ed1Bc5f150AF83,847
175825622335488,0x9E5FD10544B1Ff0A6F41d34b2eaD993309044073,847
174462832484352,0xd3c4b145826145E66a8253b27643aDf7f66afe93,847
175623197200384,0x330808fafE258393663Fd834c9f3139E14cdc398,847
174582627315712,0xa4d6bF187535e8C76946D8a354bB7bf7F0206C91,847
176206594179072,0x08818e2F8C76b86a0a11002f16Ff97EcFb5290d7,847
175896786436096,0x5054eE5AA6feb0BF7744F1c88c3fC114c386A6dC,847
176135701913600,0xd1D2d599407BcD32FA748d734916fa1fE477A251,847
179380150235136,0x6f04160D96147407861110A0ed174986bbe823f2,847
174613617000448,0xcA1981ADe4aB942dDd6Ff29d67FA694c922828De,847
178995869339648,0xaf0B21f907eE60Ff46867457bef6389fE67B5446,847
179419069075456,0xd5494c45C8aC0bD7d7D9D7393bB7658Ffcc436fc,847
179429737652224,0x380e2544444Bd0991E6067bAD6B4863aC8221C25,847
174990946250752,0x35aE5f13F32e4021DDa308787cf230FFA26a7Dd2,847
175077755985920,0xF1cf9511E0131f667b53a5f6B8ffa8D987d9fCb1,847
175846720544768,0x19446b8824182177d8B8f3D2Ef4028D0063947FC,847
175769669701632,0x1aD22FCAb5c402d37C00271a5b5242d72A309981,847
175748519415808,0x44873B993b22c99b6A8A0aDac67851E54325D1d4,847
6441013859900105041,0x843311f2714a4A526d00CbdAaA6888131136E27F,847
175655586586624,0x2eB1B8F13d2a67D73D3BAE06c1f9048eee64C25A,847
174751608700928,0x5B859052090059C923D00d63c76e5614CfB34059,847
175289346256896,0xa36c154cf2cD19CF5aAcdE47cF4DC575cA3c56c9,847
175577310552064,0xDf1e376e3304CB57a1B29e3D79EF77375c7F2bEF,847
174961159278592,0x590DB8E955ec3e5424bD370222e2E6b5Eb308cbC,847
175209397760000,0x5Ca2aA240Aca8B63Da32b509E370547038E7270a,847
175512450412544,0x5503b63e29c09f77B9a5bDE12bAF6018159b31B0,847
175534947233792,0xcA9A1787B94492178c787B97c4c0885D7a033ad1,847
174675380768768,0x2eA8Ca4784E1205eAF1F64d1bA2a669b3bCB1b3C,847
178973119852544,0xD90cB77177fb91e16E7954792918744D32d88bBA,847
175792415608832,0x4E4A9EeC12770CD78f50dfDa37B38cDacE3A6814,847
176104594657280,0x9254C30c395947fF7a6A4F1C2EddC565bf70F01C,847
175405435830272,0x26B954e5C8ef6EB8636024062EC4061455AE1A0C,847
179439982751744,0x176A68Fbf50AC9b4DD913458b006c0200e3ebcE8,846
179505608380416,0xBc6B809510421A191Eb6E66d62b729be85a0beDa,846
179492610170880,0x0428b38A8b28aA5D2128f409aB4442317F3a32D2,846
175241574744064,0x823AeA82a5d1DB4A7811163FbF9CE917627fEA3A,846
175782082764800,0xA4B37ED978479f51eE2648635658610AC3E2af02,846
175425665179648,0x1DaAf068db1A075903e021788DC0A540D3ED2324,846
174728426049536,0xB311679D4c73d024248FB09F5e66523596e682B4,846
174395095191552,0x05ca6AC4ab1d4DC3f007d85c2Ea9589600228418,846
174562049626112,0x5b4a2E12132925F18dA6fA99a8D2052BD02Ae7ea,846
174551673200640,0x13e6087bD10827b0FDA949FCa7a7Dd5FbA45b095,846
174976399368192,0xF0716EE1AAecf45689A3AEd1262C74D3C4f09AA0,846
175523849117696,0x198B03AF3B8B027f3B50F1c79563731b4A1647aB,846
175760125915136,0xF3eE46CFBd35eCCAF41812a7FcAb1BfcD89E05a4,846
175395591090176,0xb0cB5738175373A68B9a87fBB9925d6B1De0618d,846
175384827183104,0x9Aec3B66e1fB141b871A023a487D207b7fc0f509,846
174497086083072,0x236078F6C4A0a713BCB153776bC7477565e4bA60,846
179409040486400,0x464f0008C49C93329D415859437a96Ec0d5Ab2C3,846
175230532001792,0x11F0FBb833a686db57a5255a52Af16e7c83AE4b6,846
175696836747264,0x8f7eEaF1ba67C6F9F221B69485eCc9FaDECE0377,846
175352614682624,0x65A1A93E8dec37094Ff59268C85AD1959945A25E,846
179595773300736,0x35D3e5F8A9A7e75cdeE7E6e01e041BBD6BAcF779,846
179572901490688,0xDF94B3503787C3F7A70162F7c66f3879b16E87cf,846
174415666552832,0xf3f8dA9FE9B58Cd8ab41D0D6E42260b88f122D33,846
174573105397760,0x0b1D876120357BeF0f1bF90348F5CaF1c920610D,846
175220175577088,0x0D13d13494ad0a527B378a680F98B673da4dc3B5,846
176125638520832,0x18242A186B618325beCdEDFc789949a8c2a092AA,846
179388729974784,0x5466D6289b326768411DA141fcF3DBbE134923aF,846
179470577856512,0x57Af071C5B9e2c935d2517C825dE1f08c726aF6b,846
174373297270784,0xa4B0c98D7305Acae3b77DfD55e1BBDC22B943818,845
174441012273152,0x440481b4D3A0b0a512F512188D2121D114753cb7,845
175457958559744,0x4D8170E539835EcB35403A999CE10adBb4907538,845
174451853291520,0xbd40bD55Aa79BDa1961364f0b4404b6986cB9600,845
175634673274880,0xF204AF9b4fC9000A19d90D41f4Be464C1eea04cB,845
174473691271168,0x8EB9415400f46F8e85F35f678C49Be28A8b81FeE,845
175322218668032,0x7f985A0792e969970640c76426b982F9D725C00E,845
175643492352000,0x0F24E94c0891AdE7ce90686D235AD2aF1005569D,845
175362832130048,0x39D3ff4BCFB8D9433912a7461c5D5cBda671383f,845
175373519032320,0x0338f8Cf2B5b4cD1D2472cF4aC1895fF0B60442D,845
175342549946368,0xEeEEDdD7e36C6fa4765DC9F37C7cb1DF7074FeaB,845
175332449677312,0x48ed34003979B1FcFD6004830Bb0Decb85A07818,845
175545794711552,0x481901e62cBa3a7D52ED59CC1376A0Ce8BF251F2,845
175555791073280,0x044de82B68e545204512ef230e7f06Ad7fC43F8E,845
175814172831744,0xf7bd7Fd866DFAb50C1b7Ce9f137cfC51156c76e9,845
175866557898752,0x5A1e8a70d26c2841Fe5Db49262f9507E6Afcc9E2,845
175857056489472,0x60E0Ae7b940648B9F67dc38c8d320C0798A4E82E,845
175916988256256,0xfffb86B4F361b83c28A53eB6D63A9Bf1a3755338,845
175927016640512,0xB4A9d53Ba5bfA080be8e29EA6EfC1f638781B334,845
175040520560640,0x6E9f16D0dB7af7003dD6C9B17E821D809A5BcCe5,845
175181084966912,0xC75055c739C95739c78D05A2b075898B1a830A99,845
175057540419584,0x09e5564E255FD6f6DF28d64508b78a13a685be5d,845
175906814410752,0xd4A536504900F3953E3E8652A14e8bac209Ea117,845
179005902270464,0x20f1553ecf0341381b53eCE258f1f1588E480279,845
176226885554176,0xCcc8Ada004EDdC3E4f7eA46A8E51E4AEf8EFede0,845
176257266974720,0x2605b42bD5ED53F74d8148Df31F617A12F7fD203,845
179550366642176,0xDde1C0aC75Adf6C9fCA261022fE9dBEBF3295498,845
174947370844160,0xc2AfBddd02dc1821519c2585F74255CcAB1e3822,845
174933549907968,0xAbE36b8a1DD516C687A50385BFbd0908e67DD55f,845
174696114458624,0xC0134a8cc5AC433fbcc56f024471f6d2Fe607cfB,845
174664136556544,0xebf31283560034c95e6aaBC36c39b76368d2c181,845
174633718702080,0x76fe03a52B09dC2ce5141fAcC2164E423551Ca18,845
174541527011328,0x0999D73320408e829505775D311bB5F6b6bbf64F,845
174532459421696,0x9610EEFccA67024383CF3C6303Ec497271497331,845
174508964814848,0x045f5393b85D93AB5E30D36daCfd85478055c66F,845
178964340510720,0x3D7cADCBf15824314CB393CaB81636C763294266,844
179561308667904,0xBaff011Ae0fAfA07262EEDF0dF3E52e9BbD4494F,844
179677903888384,0x7514113A22b0a845769211bf85Db761F81c3D86c,843
179666058543104,0x2B409d08849A66cc165Cf3880AF8a563B05Cc833,843
085525291794432,0:1b13978a3088796f7080f31d026d25f5bb8cbbc433f81666753d845c2438bda2,842
180600120492032,0x0b7E4608F2e092fFAEF06Fec954fad731960E745,842
7348735318500101636,0xd940c1D5435f2654257833551ffcC591272bf19F,842
180492979412992,0x69ff036E5ea9570065C963F1d39784e39DB760Fd,842
160537396080640,0x05B21AF47a592d1ce73bA91E3d8AD45b994A5297,841
186502840385536,0x2e8b57Cfd1Cbb2BCA8495965c0AD378f4b96D144,841
157835623636992,0xB7Bb410a973C006D51F30F082c8eC3c3C0a13A46,839
179630409576448,0x7aed07F96574F2a2746160285aC6879717424852,839
175113029042176,0x0814482dA7fe30880379bA79202B515eF039D6af,839
6666130975700109997,null,837
6159235001900108884,0xC7Fd721c89B9dAba51FdA04e3dfAc4982d8190A7,836
158287709720576,0xB07fc7A27C7eDFd30ad67682c604180cF0c550F5,835
174685950664704,0x46259A8D1C1B3934aB7cbAA168Ea83f266205A4A,834
186491640766464,0xA2e426f550e10eA7b97Ff7fbeC73A84A766Ea4F0,834
179607050571776,0x903F0F47Ae7153Af7986D3E3ec4cf6a3c5d935E1,833
158408343339008,0x345C863f7D135946092da7cDaD5fDeF1b152F249,833
179654035189760,0x6685C98679D33CB44A9299ad1ecC3b871F724c44,832
085379340795904,0:bd84dd42e2804b7cda8032eba7b43af66d979e6871522a0d6ea72079319a8b19,832
180461880459264,0xFd43085406D9f590142CCcF1f14F46E375B813F3,831
180594284642304,0x8017A23FF076cbC00768c1b2a5F8027B5497bF73,831
180502226178048,0xB2A8ca23Ee02C3884A6E15259621B4047176ab56,831
180463661383680,0x4D30F682B9A5c352E0A4858F2f477016E4E1aDEE,831
180492980723712,0xbe1321BAa970148e12142A5364d4dE284339A53E,831
180492982149120,0xC382D87E925F2e6f5887a2E82e7bee4f5D02128a,831
170761288048640,0x01e5FabbF07a364E1CF2753B5156D32ff7D7afBC,831
180600802934784,0xe9666A13036c558476F1Ef670A3b0DB9D94Bc6d8,831
087067838853120,0:68ae2af330f65efa6d9fe504d437c8919e62c4a985ed5a078c18e2070bdc623a,830
6456513136100104165,0x9a87d5C56ae6D24140730Ab21eF89040fBB86384,828
174776111603712,0xD0850EBE41f546531473dE459811E47A22F23308,824
158146091376640,0x8e2dCF9FF1FD5B2F39D9F66Cab1A98684b1aB802,823
085793084805120,0:2622bb4964855819552a552e1a1ae3d64f8c3f76d73c1ce51fcecf8848572561,822
180502729834496,0x622dfa6C1999A683B611da9B735AE039DF9Ca996,821
180490838528000,0xA22b0E35B13fe04E0da1E4D726bCca44BEBD3331,821
180548584452096,0x2DeD79f0059A073755149c8Bc6aaE0b9143EA341,821
180588251471872,0x949F0CAF158226b95bf07E56b2aAb053aD7b9664,821
3106656016408576,0x398525108D15f962810e1d61048687898B1B2d24,820
085620053331968,0:2d68858c2aec45ea5f68ac5110e7e4471923bedac389c204234fa26c76d1db67,820
168569698058240,null,820
166341515583488,0xC12e9bCC66e6AA384C7BB8b0544D90e2600eD5dc,820
189772226985984,0xb7b4Aa1f95eF4AceBD35eD04757d12eebC29A9dF,819
3108138130034688,0x48d50701dE901e43287fAbE23BdB32618f41fFb5,819
6760837049200100208,0xf3366685DB62e566d6E4BcA979C146088CC21b6D,819
158017146830848,0x58bFbeE4a711f0B3949D00C9dD76C5F290dF1411,816
160642342440960,0xd92067b012Da41B848C1f1d9ffaA84B4401f0aA9,815
3107775103905792,0x2B7Da724e498Ce43107f0b6e0206723646154941,815
180412112089088,0xe1c5991201669eBefFE95f5E4314919C2b986Caa,814
085421956976640,0:33b805325ea545a1fa4731095aead206debf396d2a7a8089542cc505fc364644,811
180495302234112,0x1e5e9aBEc16a7719066Bc4EF406a8d066aE5a0b4,810
180548382433280,0x9a3123aC0c8eC39D3dC8135E82CDDb8Ce4C08bdf,810
180490830520320,0xBcf78FD2553092e28932D2332dA40283e998EC5e,810
180457871118336,0x75B681f4773295680e9B07c1555792bdEeF4fc17,810
158276285509632,0x412b73B2b5E322933022Ef9580B0a6a2DabA2868,810
180591855456256,0x865b180C9Ed94358abfE030dffCa820C5A56c32e,810
180467012468736,0x8D390e59d35e58eF84B31377df1aA623deEb403B,810
164836053708800,0xd25700EE58f3eF297c806E96b2e8de9190E1f222,809
157978949169152,0xD97425D98531394aA3C4eCD9Ff538c0224dD2B5C,807
174473914662912,0x42509Db612eB6CF94c2C0f474f4057bDB79f4924,807
3106688493051904,null,805
6509538939100106501,0xf9802A4Ea5dbcaBdd8b7E3d5F8A7d46390609E36,804
292215202238464,0:a60c256036ff2d736cccff852f305ded34973f045e0917ea2c216660371d35ac,802
179842295394304,0xdce883D2821e660e3b25bbAf294B735786B5da2d,802
3106913198366720,null,802
085830684020736,0:fa6637ad497cd7bd611292145381554f0cfba2ea613c36cd8273e4cac7c8aed9,802
1107044883755008,0x380a9C0FF366d003a54bC3E4e30e8e7ED90Db461,802
180595044712448,0xb75Cbaa55ee95cB17D2193E2986732D71c83BE32,800
3106755054174208,null,799
6472136494600101217,0xf5806e3D979Fb74e57A4325A79A0f6A8899E9BaD,797
158220901842944,0x2F8A3D683721Cc43166B51d3363D5E5353C6Eac6,795
158140349214720,0x0b8605f73dDC7926A5632292a5708fF861D3aAcB,794
158513284608000,0xf71F07733F9E665C57e920c7C22e1bedc28d3621,794
161242289520640,0x0283D60B6EB84cD0E342DB07975E00FF076f9D9E,794
187531083055104,0xbC4c61820812a5A48724058A523644b911F28ea1,793
3106708163735552,null,792
1110972599283712,null,792
180497931677696,0x642896Eb5486c5fA10966Fa5CF666eBB8C1556C9,790
180469036396544,0x3f7e6e44afAF62905078afC76359d9fEC2fBb00f,790
6415856292800105850,0x7a9e3CA0b85E72b53AdF17A749337D6bb124FF12,788
181336681873408,null,788
6159236414600101534,0xfba06eCB61A96C5280d82BCFf3Fbf72316295774,786
173477047803904,0x2d00302eE4C83eAFc102Ad990382f771289Fc7B3,783
085910657245184,0:5a43127bdc4bbbdd194d20d2d81787646d78aac0f87994dd6811c1d044863ec5,781
180453823356928,0x12f554C1657Affc7c3Ca6253ad941ff11fAB2A18,779
180547735302144,0x88Bc72DF778De2932Eaba6C758EAd1Ec3F747D1D,779
180465923182592,0xd134B2Ce7E18f48756412cd8C5E3E4f0264B3fD3,779
197812696113152,0x8b7c3863cac3755BA73577B3eBAe8c1795604603,779
159497445011456,0x59fbc53197068300f93d36b8F93881ae85180c8A,777
6159234584900108106,0x6175fbC374b66d4c8787786650BB17b4e6679754,776
159501618503680,0x7FC63714f52c90dE36F038E0b43B9d4F8CA4C2B6,773
6434496951100105754,0x41C02DfD939bbD0320Dae94b41f0e12B58955aFA,772
085984142901248,0:93d77b0fb041eb75258e9680de9cc72b262a9f6ecc732c9a66d5939bc8502092,771
0119661268504576,0:5d2998e8cbf7a95df3e5c03db4c6fc098928555a31948a0524ad8636b41956e7,770
085416034295808,0:b30325874f821985224365fa2ac1ec5e4ec1538440e5346b7285c4dea943f54a,770
180495303122944,0x94Faf153700c6efCc324b33AEFFC90Bce364bE55,769
180460218802176,0x1660c65ae6f255A68B7b1FE27822C22c2dEd2b50,769
180459599183872,0x695f73269770de7D681B143C2fB4b6A3839188fE,769
180543631622144,0x56e5E8d576eBDd9B41BF8d5EE5C9C4632ADE710a,769
085440904302592,0:574b64eee5197d7f899e059ae600cf57d1f9349fef605db12503a0551bb7ac5c,768
160436432334848,0xaF11bb09Bf25Bb1404E04a20758c51a4F5816a32,768
159375739281408,0xf0D10370c568e5f25411Eb5731939237d81cEC2C,765
162111159873536,0x7503a0A77c2E3Bad87E956509731afa9ac2E6512,765
292345030684672,null,764
160455416999936,0xcb84B3c4D7D04D97ECFD2F087d073D43Dd9e2c0D,758
180451222880256,0x15cfEBf860Bc2195128CcDC77b15C4Cf11102b76,758
180547481616384,0x028A5b9de8B9618850E28A426759CCE67AA6821A,758
160469139513344,0x84Ef848430D897Bf300cEDE0CBE2C4a5E007D7E5,757
6159235008500108896,0x2729E2110C3703e25E3593E115fe748949557c55,757
089871252336640,0:f2c641d8cb32a3afca9a81c50cd0b9f41cce26fe743271a37823ee880145f370,754
174454708101120,0xA0c8647a9358E2E5d5CcA356Fbb6984957264D6C,754
085844287930368,0:64c385b81aaba13b412fefba7e20c770eb398986c20c94d482256a20a35ecec2,753
6416868386600109644,0x6CDa648ED58B96886511C73B6Cca91979d8514ba,752
159485103636480,0x92546A636fC40A4Bd1edaF87F50fCad6e0D85092,751
086907820507136,0:dff3fd258ae67ff8a3a4da6f5c9eecd44000e69a558ed97df4144184362d0553,751
3106682681843712,null,751
159561297661952,0x6ed13F4d9Cf59C2293E3557b68A2e33F73022e3f,750
180517808369664,0x22f06A0ab60387289d38BF7A3208F5f7d90Ee251,748
180473766580224,0x2F560D306F3A3D246d5F32334B48e4Ec8E66408A,748
180469074423808,0x17398B5b357E4Aa5e098A1b6d1943FE5d0c4679A,748
085630801731584,0:6efa295acee8a6a6859c2dd8f44e9615ca03d2b0544386d026198b3b31b66977,744
6889207900100103024,0x97c10B1A52Aba3E114F355D1ff38FFCfD815a5B0,742
086963877990400,0:26a0deb18db6c8b6972707e98e4416bd8fd627a78448fe6b036af2c49a1c0c0b,739
0106751124549632,0:46c8acfc090759a4ad82eb2592e5a65a8ab4d495c2717e7af78f93d79bf9cdad,738
180601397407744,0x5dB9B2e23b6e71bEd2e8Ed39209B92b53B4E7C6C,738
180596068454400,0xF1fc70577df31898028cb7FD63F197794103AeD8,738
6456714516400105272,0xAb19cb9B630AF9215910c8F146Ff9ce69F00d094,738
180518386733056,0x02cF8F065dbb8d6d72F93C230Ce415C44A5ddEdF,738
089649437474816,0:8e420614a95f55ea1a22361366966cab0792c2bc06174ab66b1f633bf668c183,737
168082607562752,0x1A76536A5DFC8dF71fDD5Da3Af5388eb8dDA1C06,737
1106986871156736,0xc81b2c3ECe062257B91832ad252E398bDF85d3d0,736
158314981896192,0xDCAcFD97C4f6d4c52cdfD3439c87170E5698634D,735
159337129697280,0xDdac7340704cE70545323be3Fa9a1EA9087fCDda,733
6159234580900108098,0x4906DCC980C9233dA942e0e82f0734F2cEC4605E,732
158217677873152,0xa5bD72F59a7eAf76733222a4555A649bc5953D38,731
2110223960207360,null,731
086078857482240,0:0137cbccede6b62477fe89a301ce70c5ed6a97bc0e40bc6b1b162c60adedab30,730
087298212806656,0:8b6a10e4b3df2f28309c80d2386400228ade1a2f46cfdb9c157f6f09a83798fa,730
086091660025856,0:1f39d654a0054678eaba82b7f5f59faa7001e567195956e5a849c7c1de8943c2,728
175605768822784,0x8950cB4321f5a9352970927757B3EA93FFcaae13,728
180469784637440,0x91408079AB871fe33e648d330E959DF574FDA235,727
180598417035264,0x9131dCBE413C2F46D29F835B52184EC33bB35302,727
180542865985536,0xE58536de29a975E5283e5872C9A5fBEFD5612a0f,727
089099109089280,0:f43aa6113f245efb20296494468edcd4517add596f643253450a7962fc460655,726
162020673740800,0:57285626406b4bf90281c5f93ee38d7556d588f0ea1f1e618053240e8305b2a5,724
159064558997504,0x1920a2f2368A6d9B4e20ee4F26ee42c40b4182d9,722
086149542809600,0:961c29ac434c7a37aeba68ad9343b04c729686e8932d9596a7b0a9c7e6b984c2,721
3107341528547328,0:163865154777b36ac478faaaba17494306553aabeba79c0c4a3bbb24a0df6f03,721
158176780259328,0x2A57485D7B05001684Cd3b706ae22d76dbA95bBf,720
180593459462144,0x718409623A1D47d21feb9519a648210De0ba97Be,717
180544743665664,0x22507D224bF6F008569f8637D0C01f5eC30D064d,717
180597271011328,0x67F58E746F787b52e502E57aF19eADc2AF6ACA6C,717
1106833775419392,0xa4B071EbAEeD271e17275c0dEf92562E0981a3d9,715
164871414456320,0x5042B80e21Ec03371A1d833b6A63A5ad0b2EF191,714
086025866506240,0:fb9f35c4bf57987460e0e396d26e7d085ac65379a9a01891ba2d70168c586f77,712
086550349070336,0:deaff97eca2348c54b08f21ba7ee4ecc5c6526382b88e721faff8e3d7f436eb7,711
6159234108500107203,null,710
3107041828732928,null,709
174176629374976,0x6567c4D4A6fB83E13eeD2F1Cb549a193916EDD17,707
087305302249472,0:76cd4192d663c9d79d40aae7938e9341445da485f6a90dcbc994f4bb7f2e01af,707
180492980879360,0xb335EeEa1066FE717dc3cB8052207523253D0aa2,706
158175370706944,0x5E46DEF92ad88c545194ce9cC23b023702ec4b6A,706
085476073988096,0:ea832180e3ef6449ff4cab66534e40dafe8f0a8d0606a0d578bacb0a547a26e2,706
175926731583488,0xB5266dAbB6F980dFdbeec39Df975c276381bAC22,705
160463657005056,0x732D223e8e3A62D013426aB80f71eC1b7dE753e9,705
174032752304128,0x3ECAF8667D5932C36bEeA5C04977d1101eC1B806,703
186475589287936,0x3623f435bde19cDBF548cC7412dDBd616aFB0f5f,702
3106751766335488,null,702
158223162880000,0x0cDbBcEe49E34df2b6887c517467affcb8311771,699
168295339114496,0x2645A1B71Bf9ceb7a73B22636876993fEa4d56Cc,699
153319719440384,0x97b102e00d88F02DEBfD6b1e4B901Dd6931bB982,699
180457953103872,0xC96139BfA35117C0ef6334B1eB0308fEc053de66,698
173960405663744,0x932d88DAD2EdDea75B98cF275e08D56Cd270b0c2,698
6159236280500101288,0xE3D0cD9AC285f63164bB7E64079051DED0253573,697
174079982968832,0x101FB4E73B1e78cEBEaD235c3063Cf69836E3d5C,697
174048858353664,0xf337c8620025E9BA3a4839765ABA848C62E25b1d,697
173874196652032,0x0f542b5495287775d1ac33DEC749C9B9b905756C,697
086595355713536,0:e9e80a7844cff9ec9d2554650ac7cc65490005478370f17aeba941a2e3ce72b6,697
6299319486200108411,0x3ed461b2cC1D8690a70B7BD83e206dB046c87294,697
085709901008896,0:4b59fcc4006c435860f7140cf89af22dbebaa113b0162296d3ee054ed7cd6d3e,697
180502128664576,0xBD2f455cDB78259080883F4CEb3f962d1BB217E4,696
173924205355008,0xAe051a1B69b7827882Ad636635E102e60B1fB622,696
180544423223296,0xF05c6d11B4e0f1a36979E33906b9407b3F6d3724,696
180492982374400,0xc9784ECa66B783bDCAaC12068993B2eECAF2B0d4,696
161347065696256,0x65706c9f4aace8d0d47a3EFfae2FAc5E17eB446f,695
174111204974592,0xBAf28C316Fcc432026975F9c752B29853a1Ab183,694
6302011750700104679,0xCeA6c693Ee15B842407827F342FD74F28Fe42822,694
173864329986048,0x96b23cdf124f78d336C92265D46790D167a6566a,693
158153082585088,0x3aaE3Ce2A37D598D298ecfFEfF476fC45B2D681e,693
174200192716800,0x6e18C43b912048F91eeAf920e49C2E45210106a7,693
174461270888448,0x8033ED85D141f93dcc29De10f1e943cDCCd15E8e,692
158171339685888,0x630188F053CaC0310922688d92251599E80a8bbC,692
173784354385920,0x1037C4C22dBDE8ff5C388a46d923a61fb47F1bFe,692
174017828020224,0xa8f6dCb117fcAedba32aAf157fe968c499B6F9Bf,692
173829781954560,0xCD15Dc6609a9202BAc64e587227f1AFBf1D50D4D,691
085418601242624,0:e0134c4d32cb341c4c16f1b7c01875e46160331d8e70fe4e2978ca203a19ea4c,691
173850837917696,0x5720088871E66b5fe549c9eD34AD5CF249824286,691
174284263841792,0x680CCd854681Af99610091BB744AcC59B1F761A2,690
182933350662144,0x6e39D8E91C3479ef3A32A24962236C285a557046,690
173793157378048,0xA858B43FA17C20E9451252Fd4f1785Cbb8d0b5E0,690
173939090714624,0x2b63286A2bac573E2C107B6b921A2D4B73aa48c1,690
174136372957184,0x107d95A6c0Fff572Aa9a72BF815C4446050Ad2D7,689
085883262861312,0:1cab994ab58196487744c3cda8af622c03b006572886633ce88d489503600c0e,689
174258766925824,0x80beF02C21014dD7629369cc974Cff884e5A5c63,689
174316255764480,0x537F1530Bbfd25E383C2e0278945Ac85aF817c59,688
180408964079616,0xAb1C72d7087e82188E93333C885229240BC4a748,688
173801648795648,0x06fBB75dBb8704fB1d3D9C1D726e7Ec0EEB4e77B,688
6159235593100109992,null,688
1102472839712768,0xA8248F0A5d1F2E92B738FCf0B58Bcd0C9176F8d4,686
162030186139648,0xf615BD7F3891D1Ca0e6aBFbBf488B3654Bad9BB5,686
173840968724480,0xb38F05021F42B36524bba1533f712D7BaCCf038C,685
174228087160832,0xF1b6A94471b277E9b71B0A58A8fE5851733Eff2B,685
174437826293760,0x9CF1213e1d8A9b4A1F35706e053D3fA102f8c867,684
173993645158400,0x0906be91a61c9cf3A42Be854cD45F65aF4a798f1,684
173819286962176,0x97fA84879a60E63fE4cDb1afb17e199A1427D7A8,684
173811011903488,0x6B57E2f94b925D3550604055A2f96645A9E1a104,684
174429327302656,0x0EaC59445bB15bFce35446B07F6B9a453fdd2A0d,684
6159235583200109972,0xb2A7F84bAc3D9110ecB51aba704A682fDaC2f423,683
173975872163840,0x88c882dbE889687Fbec7Ca84B112a03f93D21ef6,683
173905044697088,0x1cEca556f7C5f8335613Fb43B2019aEA6c9f614B,683
174487598575616,0xEdb2355E67e9d2be00eBE426E943eF80159Eb758,683
173887840182272,0xcFe13593A2FD729375e95F81bA89186Ad5194775,683
174396572983296,0x669b80afd5B4bbEb6d173517d0329E2a5d4409fD,683
174389197660160,0xE52F0e6eDA3C036ae83De02497b4081CBBd012a1,683
173769582383104,0x66eBb68d25b6e9d5608CD5C5AD9bA9d9f13d1582,681
174412498485248,0x1388359fD9FDA21127474E65F78601784fabA564,681
389750996287488,0x371bb5277de2A4B2a0ba976Cd2e18fB1C4c6aeBc,681
174421039173632,0xCE0822509BeD6aF7CA1a7Bb2e2548c840c13785f,681
174453408210944,0xC6CCbB7f405B0947CBA5eb1284BCd76324B08140,681
174468948213760,0xfeaf6AEC5e1701fd6887b8c57F81AB9593479945,681
174155136831488,0x62BC4d1e67Dc22DDbf939DCD0a029741c764CC8D,680
174381823475712,0x5db8b007Ed5B60174E56C62669733950d54e7671,680
174366523138048,0x0B5c37D8a6219d994ba03c1662690d3F8D2122d1,680
173777000529920,0x4f496698182af533d684e68160429cF20b89BE79,680
6159235096000109060,0xFF9CcbD8492cA65128015c538b32FC9AA934A146,680
174403958161408,0x3683297E2e1977C8e599c75eB3E806bde99791B4,679
158464574222336,0x78b903Aa1eB09Cd7b923a06533c2A2eD7C4B6356,679
174445716381696,0x41302dF7fCF49342015600396F45e45a4Bd5d6f8,679
174373322493952,0x49167024D486CE3433187CB6525B2A01b76e9522,679
159562535350272,0xd73427e887fc9E3F499A4D8a70726F9Fb99De089,678
174479068487680,0x8802610521e5fb5151e2a75ca2eF349fb824CCE2,678
085583988461568,0:debce1c854151692f987ba4826e7deeb9e3c5259edf1bb1675fd2e85caee0008,677
085396084404224,0:8f251fff8e5604e8566f2b457c33e3dd0e55c5edf0c66a7574e97da3187f6b0d,676
180471121846272,0xf4ce5bF68EB7f8c14AB0de72231D8FB3B858e78A,675
058460789080064,0:4157edb93be053dbfd5702af51c8520adfe6738489c5e74cb2b2304e7c16171b,673
6406545279000107863,0xA8060a0d045D3e899EcE90A2907bc65037d7f6De,673
158201861816320,0xD00eCe6D6821b78CF6c3de3669E42Ce2e647153C,673
174519529947136,0x7Ca5dbE031b32d5b1aaa6b07Aa05Dc06fE2eade7,672
0100331881631744,0:73add5e5878ef404a9148ca9ddecc2898a7c4a3de7ed7c67372682d9890b2465,670
1108470749200384,0xf315Af32e61EaC10af1f165772cE2E44F093f7E3,670
6159234700300108323,0x578f248161D0a839440d904a90BD5743cd6c39A4,669
158135800999936,0xd93d677C569DF46A0E58c091Df841f20C5225682,669
085622144000000,0:2d870eda637089ee6623ab1cc8a3797ee3a1c4e17a8f5736fae526dc46b0724c,668
6159234498900107942,null,668
174516093612032,0xF76B12F4FFc7E6f4e603F0aA5C657652D4fC7395,668
174347653132288,0x5724B96eE22795719EaaC4CF9F616F768FF8E7F0,667
180408999006208,0xd46207830A9aD314c1Abe810Ce20bf98B4c3f76b,667
7012502707400102386,0x5B509940CeFE446F450f9FA6ba4C073b919afd87,667
180458302754816,0xfDa1d6853c9a444E9cBD259272Ee15ca5A8CCFab,667
3106790887768064,null,666
174876189564928,0x6e59Caf0A3383B9A84706498dFb8fBc2ff31D989,664
087002124398592,0:68f1ee64b99471bb190cf0b8aaaa2fa7600b2fa76a8cfc3d66347bbb4068c025,663
158963261042688,0x429356F77Beb424BcfD4bD67a7De7aA4045aa689,662
6415367619200101946,0x6D8C07e9d32EC094Ea1c8aB889Ef11e13942f03c,662
161030365806592,0x7a97cAa74cbef3fC231fFf651C6398477e725E6c,662
159503205212160,0xC5B21f839A9be4041B279FF29b4Dcb8f147e8eaF,661
186508696100864,0x0D65151dE68B2aE8C9afd2a78070df2ED943F835,659
6159234324400107607,0xBb3f228F02D020ec9Ec75b2e78B11EB96162d291,659
292487183687680,0:dd4b537322d05c53076365dc403fe7aa7a3d027654c8baa1c5f69150854ff9fe,658
090308395290624,0:52652a9b7dc092e964a4a73007f6e83644113e78afe5511dff8089c34ab7a65a,658
158201711628288,0xf9f071b513Ccd8Ba835778e95C9980F454a51282,658
180470410985472,0xAF6D4b41825BC1E83015AF8831B5e35E3Af9F5d7,657
089847937634304,0:1cd9edf196eaaf3a4338b60102aa85259e8376a9977d45cec2cb52b026868d58,657
160963166138368,0x7086918cD79Db480cEEF0eB473C4290936EA40ec,656
6159234442200107832,null,655
158177714532352,0x6D4AFF274198a9dF954A280d460a36956272310E,654
6159235143700109143,0x49aC58198A6C9a1e6Dc1ecc945403089069da88C,653
085747353223168,0:605319280520c44408808178da8fe0d5a2a1c96d79eb5e7cf09270ff4ee3b731,649
2111103094153216,null,648
3109553697607680,0:aac7d512cd74f85497eb24e53ad1051fecd5a5f03027d3d7823dd0164c228122,646
086881060208640,0:324f2c427ede181d8511fb22ceec67220ac230ae042c47a75f49fc2c69a3c606,646
3106691813412864,null,646
159574381281280,0x6717f13D802B742C293d940BE1aED9049BC0e1B8,645
1104568803692544,0xaB75bD3D397895B183f6dd779dc7C1855AA37A6A,644
158260676157440,0x1397E9243319f0f761758EDff58a1DD23490490A,642
6413257237000101720,0x2A831626AAe0EB52144a4E274E3b6230fA86dbB5,642
160454945906688,0x1d8f231528D04e4E71FBb2516E63918ae970d0Be,641
159499397169152,0x060ce5D95D1A8fBA6E6c818baA36E7420D9E7F71,641
6353716891800109602,0x7775371d9955213A5b7e9880113F699dA90918D1,639
6323400111900107843,0x43A2088219C1F07F26a876b4D83F965f1BF3f014,639
161949648494592,0xAF2c2ef12FA095EB83886616C612234145F4db37,639
160390518153216,0x8bC3853dFb0d9906Ae56ADdC3Ad11dF869E8AEd4,638
180464682758144,0x121fa69eB7344979138e5f440aaFc2c699CFfE62,636
6159236315900101352,0x57Fb08681e341bbB67AaE6f6dc8F909E779E0Ab5,636
1117038456041472,0x58aA1030fF253722A9c48a85BAD2a6A5B6edf3dd,636
085781029564416,0:6f0a4b3c859063660f26c4692691da6b416c79a0a60a5751fbbc650050a0dc53,635
161245026693120,0x91Dd8B49d4D6a1198D62e7042342d1164018f534,635
085930043260928,0:d98971c445afdf64b215a93dee86fdbf7535aac21b38543098702a455cb89e56,634
6408934376800105892,0x9de9fa5C7314C6435A7ca3AC4521419045251A1E,633
1106987871789056,0x57B6E82069d86070f898BaaF345cbBfC951eD727,629
160460151676928,0x39F9d01e46ae16fE9b72061Ed392d0218C170a38,628
086070550200320,0:35314881d9b799279861d50e749df921b91ef0eb2bcd2e6d1608844fc19d251b,627
158881626054656,0xbF0bD0537B8bFdb21ef202c9d2cE1EA6C1405FDF,626
085457568792576,0:2ec891682ce41a221e45d0f3b9aa6b1f2d73ffb173da9ac828893ca64702cb40,625
180408710078464,0x52c2fE4da184a8309C368e9af013DE5Fd3fa72c9,625
1107249969520640,0xa9E2D993e3dfC32611686Bd140eb33DcEEc8A4CE,624
158219407237120,0xF378d1bd443FA56Ee957bEA8C79091f98bC6f6b8,624
158914840969216,0xD4F041060D18CB631397fe6b48BDD0cf7330ac81,624
162370950434816,0x5bE6b08258e95e5f988d93c268bd92Cee6FbE789,622
3114489151840256,0:cadeba1a5a9b7a21c2be672e67d4f687162897560b9f9c64aff26466ee123c30,622
3106747475582976,null,621
174513604308992,0x89B17BEbD6806a92B7e4Afa2Db1f6d20E0D47C44,621
158034391556096,null,620
159567094091776,0x03d778f34962a1c694b1150E392c5640D6D6fA1c,620
158287380738048,0x36cd07F43B7414515EB926830D350E7104161A3b,619
099210484236288,0:61543223d9e71d81ad34d878f5623a0d786710320ba10681517ed300b918655a,617
6159235243600109330,null,617
085427851284480,0:7eecbd9ffb24243b8fa65486be66b8a4d6de8f06e4b8a944988378e78a5403bb,617
6415537206500103468,0x9395755673e3dB92C6EC3d3E636538F842C47a37,616
184470743302144,0x2B709511Ba869FfFb230cD216b472C0102366e39,615
1106902033391616,0xd2A5298d1E0ACa608fD42A5f6aE696a44a0975D7,615
180458617884672,0xB27871d7464380F75993A7924F140d8Ac240D9C5,615
158261737295872,0x6235dBf0dfd317a63E390E5BC24A6d5A623537A0,615
1107044254601216,0x457949a4fb3C41b1758847A3349de9e7d911641A,614
159590123593728,0xC224F87AC9830878648f0029fB7a7c46F1F11c5e,613
161558754766848,0x3E4556808dB383D9B3328261DA84458EBd076Ae7,613
085480241446912,0:d601e1bf2a0737eaa6c41f81ca581a101a1f4742aed07f33e58175edcb706ccb,613
6159235531400109874,0xb83c5991C082d6D3745d070dF2c6A1F4F7312220,612
3107058142699520,null,612
092599181811712,0:4b148e9831fb3a2096d2483c6d2768cf7084c2dfcfbeaa43ed358930adc63edc,611
172029515649024,0x95C577CD446D1bB1B239E9eF28609E1d3d6B8315,610
090922178899968,0:6db0765409290a3a94f7362cc6420aaa0ecd6efa3c79568ab23209b56ff92b2e,609
6429507212700109962,0x582a68683ca1A1FA461e5e896e9EDf3a7184274a,609
1106988579012608,0x4eB34f265c7c3be3aff24C8cD2A18e33b6fFD7C2,609
6287882321100103794,0xC46B068be7c78Df2Bd46137162bf2B969C0DFF4E,608
6399010768400106446,0x2653341302e4b3bC21De292eA1E81d0E19e98a66,607
6465719250700100961,0x2E3cbF04E5C8A549A24C2b36608C9297aFEA876b,607
6404196789700100446,0x76392e2D535afbE759fFc2098F15dbC7d803b1d4,607
182327991083008,0:fd09e2de079305431e41969b4ca7f5880b2cd8ac72799446f0b10c0c7991ff0e,606
3106815918977024,0x84Aa46395030fAdC28490E55917731784Ee6bF77,604
159496468013056,0x9c77097bF4a3c9B018437FAFe10AceC666a49dE0,604
087429326610432,0:3aa8f6bc9fb8e96940aec107ef7b5690d1d3db4994160b0476904b6e59fc346e,603
172035136401408,0xf8B9E49E84a389a14708549510e75a9E1118Cb5C,602
180412793659392,null,602
6159235016700108912,0xcd267ab0Aee2F9BfA39645f237d07Cceb774e7C6,601
174885505269760,0x842E18975151232711C4182B213DCe90BeC7EBF5,599
085798621642752,0:1790dac351579ab3cec1b14aa0325b4431cf2a2f6f164837f9777545472f4efa,597
164564243865600,0xF91F9D1404927f2e04C542d6261ccF2c8CD84d10,595
085424133722112,0:32e7fe0e4279fa9563992fedc5f3d5071d66c4090cd37c040a7a619051c05560,595
6159234318600107596,0x130C215293D6ea69b89F01023221816ecc2c1a2e,594
085958690844672,0:5995569e44cf641b957d76ce70a74b743dd9ac362d066ba59401719aef958995,594
158310201495552,0x1fD0dbeDCa73EFf7e95F2832e9C5212a14dd47f0,594
158022564601856,0xdFD973C55Ec6349aedb18F504FAceCc6C659d552,594
1108476560097280,0x89A0b14AECBD762A4f1b405748c294d74b0c723E,591
159228143996928,0x2e359cc99A7Ee2AdEC0c32B7Fe4A97506cf26cFE,590
163471879720960,0x9B92556f67FA07E6998502990DAE763B2438deF4,590
091459853139968,0:9816f822c9b6c28efd219f85defe2ba86bd3084c519a022538bb8ae2dd404256,589
160009601220608,0x89D5589cC4abA0e85818A237fA5102e4206114d2,588
6178413339000107922,0:7da40d3d1591704e4125c8d463b2bbf31c7c949ffacd4a2efe1841a9b0f4e3ba,588
1100560743112704,0x6108C27f44B094DA49e9AEacFd9aE7266C36C536,588
085461386260480,0:1abf76549289b07fef81eb6be6d6b184a84684ec19b303d673451c372613ace3,587
161557462966272,0x6c40636ba8dc2fB1bafcF1C7c4Ede03982f0B134,586
174371124371456,0xF8FaDDc6a74e075492CA86AeE0dC1B06CFE8e550,586
158230635147264,0x2Ce6f85659753C855118D9825b89A3c816fc3b6f,585
3107151004065792,0x26c989dBaE7b56d7bD0d09f6B3479353dA46f5e4,585
180432369627136,0xedd1A03EaD083421935A549d5429752829b0dEF5,584
180470375862272,0x19552A00B4f289C29622dD21faCcEcC24afEcE9d,584
6159235873300100521,0xa18b1150Dacc6f74462C92AD7B72EECFbC03Dbb6,584
086241147408384,0:3bf52fd39214f188d63716fa43f2bdcf75149cd06c58800050d1ebb28a167699,584
158069649506304,0xC8198BB883fc20Fceddc13eEAe39A8e495e759B4,582
158214715584512,0x876CC61a29E1CE48554d1c987A5977d94870d37c,582
1107045325189120,0x0819D07C879cC9D89E2fF09dC105D3f152c7b302,582
6472292402100101847,0x9eA4DF87508a8D0324FE81a4F3533781831f725f,581
085577473556480,0:4e082feeb7c03b0e33aec85121e56201c4a22b0b440e25fe13a1cc165e282158,581
085551240196096,0:7e56dfe2f5795772d0b0c3bddcebea7667fed37da4f8d9e1628967d70c7a23d2,580
157927265546240,0xeD1995E22481015E480AC37580fB4079eD8Ff8a1,579
158147885846528,0:888798ee0fbd33406f2489c331ae0a8525a56e42f47c851d81fed20d5803df18,579
6508452853200103462,0x954E6F8220dB2C4d51443E95D5DB4B33d5743dD4,578
087791255220224,0:d31aa0085f532dae0f7701e7bb5a62d35a145dfe6a85c9aa46089f36a7905d3e,578
087049635438592,0:fa1a4895c0fc74a1e60ab06d33ac561e6eb1d792a85563f8926f80d38678ea02,577
085797087592448,0:999058847a3cdf60266c9f5645249f6baa4b35f619f51de1bf301d0337ab4938,577
159579225993216,0xeC9a19434680267329bF1C2c6021D9997EF2492B,577
291135922806784,0:9c68f806cfa8314273d52d68a3be5f0907044a6c4249ed02479493e373ce628e,576
086232427331584,0:73c48a518d7a72aec7b2d7ea1e22e212c7728fd06861d4d6cdf642b38e6e8c7a,576
3106729632804864,0x77D424A6df61Bf93F16c7107aCaBc6cA3e384948,575
086090990936064,0:898b0b7f8b1578fa9a3d539e919d07777cca1563d0e0f465da31aa01053d2a7f,575
086039061618688,0:24f49fa7078ee92889b55303e5713745729381b7356408dc5836f6a6ebcd3d2f,575
085548913852416,0:14506099077594977aec36961cc546e13204e9c5b9425aad309b2f58aba1f405,574
180408873488384,0xD9272f91E4609866bad2841E99F94fc6DF1e5156,573
089256908771328,0:3d8d8b190e1f10149e0314dde3322c848ddcb910fa8f17c585ed04ed6e8cb75b,572
290979299639296,0:79d8df99cd9ec655b2bdc3ff78939f7215178284246c9d74ce25a3c19621786a,571
087978213416960,0:c782eb217db99b51153a927165cc8bc5b7773a7d8c31db8362ee42b075e37695,571
6466292398200103204,0x3c0c20bD0c0c9233d171BDc4EBD947f0d5975fc7,571
157799692144640,0xF3da9a3ba7D9d9EF7A5138D9e9c4B507c4A13C3D,569
181032341659648,0:5b5c44285ce442e4e156405e725180305fac52563a25731a0630ba58a019a6a1,569
159597421928448,0x2C7848d4953711d1920c89F54CA231D298E1A37b,568
172721169018880,0x75A5cDF485c97eD507e639B3CC6e1E969556b4E2,568
3107108934537216,0xB4973D0623C4d5fd70F4c0A84dA729C7DD0c20d0,567
085560378142720,0:961a4e403f2cc58d8b38f2af570290bb00df9107047eb791fb2e1803460314b8,566
6419832016200103726,0x8602313124a54C61ebE705bA1d5a6c9dB3Ec4f1d,565
159007829495808,0x502BbaB66888cE507A32620D014e3697845Fb228,565
158272881569792,0x47Caa936E611E3B1f0031CdCBBDf7C6A0A4F3394,565
163900361613312,0x4Ab3eE31212Cd691cbd2a8Fe8A8aE0740001eFB2,564
159593287036928,0xF6eA0360aD9B9CB962d02b6D2167A106CfDa14f7,564
086553828171776,0:4a743512f00c575c28a4436ed1d821a82344215cdf3f9a20cced886fe2e02a09,564
180470112059392,0x32a1a89a926bf4Ac6ea619C0430Dc1Cf2220bFFc,563
158448891826176,0x4505A646b3B3eB190f50ed4f5673d73Bc30dF20e,563
162017867452416,0x28F9FFe34d4d5745DFC8AA33483722BEF16cdAd3,563
6474107193000101174,0x9a32666cC44D13FB4BD4A341D90D5BE67eA8CCEc,561
6439639392200107530,null,560
172035150299136,0x61380eD3d64718981919F9De0591B01E738FC957,560
3116873700667392,null,559
161562788806656,0x2b0fAa1846BE16a4bACd6B0eebe6cb89DE59a649,558
175132650565632,0x66C4055beAF1F2d1449EDB7A6c350840C4CB056e,557
079828361129984,0:a43ec80b9f53d96407018742d8e6866f0e22139a88f146255ef1f11371b579b4,556
158231191764992,0x60057786842AFf287eBb0bbf96E082733A4a667f,556
3108426007650304,0x9B8A2C7820a07B6e6c8a8356a1b40C41266CC3D4,555
177857412116480,0x74715bd38bB311a59977894A4e7c85A930B8Cf55,555
085571162595328,0:ccc928fcb2fdf9839e16557c46d534a9cdae7896b74fb8f53380051a4162c807,555
185503787569152,0x233f1a08074786efb3ed01dceC0cEB6085a1F37C,555
158031268474880,null,554
158273244368896,0x2cea1eb2455e7F7a65c52763231e6355B7354AA6,553
6310699477300103432,0xE28D4E1f1Dd9B6Dfea51457AeCE47AB06F207348,553
180408821919744,0xD46863c845e02862c129a1014B2d213aB7734E47,552
180408805605376,0x338e04c0b58fe00e327498068d1Db9c184316a34,552
7160906403500100983,0xdc9E9187460b199Fe8ce3a1fB97Aa74D668BF849,551
175086334660608,0x77bA9452220e55134B98F04A3f8Aa044ca8D3c76,551
159570504204288,0xe6b3852Df3D9C20303806f6b3489C991d9e5D05E,551
3107989805105152,null,550
173798805131264,0xBAFcf0Ddd410f40D99Cf5Ec46861E62F180f9d78,550
0117949176115200,0:f108345db90b1a19fee90f6dd453f36a2b2b5d0c1cf2b51f64921f1be57849b4,550
1106769510129664,0x0de5A5D50453e702ad66D3FcF7c986f408019FFd,549
1108494170238976,0x9dCF969947DAcC8E9f90ccb275d6A59155E15E18,549
089708028817408,0:ad938a520edd64b6a88c4e9523e6e48fb9762a2cac62de87098df3d53ef1beaf,549
158342467489792,0x4aDBaCC5Ada371E2509fcb8811b2C3d1aDDc7643,549
087174290812928,0:3c782b660b06a174641dd2b6b96f1609b5ef28cbca55748812f8c55fbf06218d,548
7042678415700109153,0x6c00a71c178C53b358f314528c1ABfFaC859bb64,547
6830069241300100079,0x5EabF225dBe53c4AE9C130aA4c8eAa5CBeAd7814,546
158316425646080,0x2C81f79F98B555dF56e213F709435cF1068CeF92,546
6396228022100101830,0x6a727AD04218cE5c9F23a43156FcE16f8e90b835,545
085379767263232,0:6ea85ded7f2461dc9d0c9f378e16b4e2f8ae7a35c159d9e1ad6152f950a79c41,544
6889224520600103072,0xab321dA5B391bC5e524147d4c97F1100ec923A74,544
159381982019584,0x3E0c71451b1E01bE9d572355bF86FA890dD4A698,543
172035165978624,0xb9Dd918ba0334804590642307CE8F4521B9b2F99,542
180469817024512,0x304602bC228474Fd368a0B2B74Be967D26d6b120,542
1106941761363968,0xfB804be27b02E161270A9960855D07530a8c0aEb,542
161988593995776,0x16A5670037734125A84ea7999695EfcbA8095027,541
6156810703000102059,0xB4596715970BDD878e0E962FABF1f378B0E5dEfC,541
1108487530655744,0x8B88D3eE4308b065E03E48441b6e12Bd312B0a3A,540
3106686040862720,0:3d60bd7f8859b3630959db048439ce76b26b38f91b3fa4b341fc15d80d8569dd,540
3106775717203968,0x18F9D6B0915C199756BC6C0BF0B0F880B360E8C2,540
092144431992832,0:d00d8dccbcd48b361299d4519539d74a8a92d81a153252c2d0bc9630e9c6d3ab,540
085512300408832,0:03c2cfb1ac90d05d95698458297de432676e1e28b59e81a87f0985e50313faf7,539
6442358529000101612,0x456E748CA183A0F177CB4d01EAB8759D8B9661A3,538
161987212800000,0x6f31DEDdB2fB703C1666c768d5D49f27142A8afF,537
085545656770560,0:12f22a4d3033def6c1045bfdfd176e0f4a2ca011a7d39e988520811342986722,537
172035135234048,0x19324b9244DB7B351d7c65c3Ec4D68b0b1ADAcF3,536
197275491868672,null,535
172035158884352,0x6dF858Ff737fD632B22c499DB899bC34d692E49e,535
167754009374720,0x98FE5F2d8F11B703983edeA24be6B57686e45BAE,534
085509568282624,0:f2299a56165ee6fc1ae89444b8c84865407e00f86c609f294a7a950c4701b162,534
086986248388608,0:10c4cd50b88a5ce0802d710484170e2ea57672f67552d7abbf87fb0b0e1b9bc8,534
159582851108864,0xeD8a569300C4Da61370867069ddc9AF54427dB53,534
158916682838016,0xCA0Cf762643371d771879893b5578DfB2A53d19f,534
159422332215296,0x4F6d421bf9d59E29001AbE9da07F1E17B6406fe8,534
180469869572096,0x46C225Bb34e53a547465A1999cA2A0d1028B6ed4,532
180408759103488,0x701c10Cdeb10A89C242f2B4787Cd3f4A75C99916,532
180469827641344,0x2697997E94E812f40EfbaA0c114842cC3106083a,532
158208449355776,null,531
6261097086600108054,0x7360Df61A7a3dF48758b6E4d9F962c08ee3DcD64,530
1106718825934848,null,530
176822591156224,0xC881f258e2c721900329aA368B24341dCD40D51E,529
175911250083840,0xCACc14aa3543A14BA2E16b59E1F924621880C9bd,528
3110673401323520,null,527
6397994041700102649,0x3d49aA4444128b4D2033a142a20f1B2088e75D98,527
087768831696896,0:5a07e2b32a0102e883cc9686baf1ce0565e639d4ae6a0442b99e91a7f6cfba66,527
158564418031616,0x973C0712bD91da2BdCE1dDA29cfF6c272C972686,527
172021585612800,0x3B3d74e64f61689aF362B98B367b84553f99F578,527
171995779784704,0xCe068112D758bAd598142a700EAe404D92106c7c,525
085768567336960,0:6f4fd9e2efd0280086437ca22f3b25bc11b7e6315fdfc2b5b9d3d8d7c58c4ec9,524
159542996246528,0:9e3b9e8d538890ee41f2213296f85bd52e551ef7cc72196bf8ceab93cdc8db74,523
3106996346068992,0x1B47539AD5AE28D095C9521f8ff8A66A17f184ab,522
171995791745024,0xc80eB85A8eBE5a1372a885C8b419d822379Ecd0B,522
086071657246720,0:efb0e7231db22940e01a8053c6b708ec61b5186de00af387521864175253576d,521
180409082720256,0xf04720411113713c2d43fe552fDc27eBD5b59351,521
185382049431552,0x5b3F11d6e5dde2e3b277e2A5E42Aa63FF693DF06,521
180470222307328,0x034cA3Ae20Afe8DD37b69d0e50486B46b09634Eb,521
157945177317376,0x7e04fc14fe3ED0f65F760376B22A5167E0f918fc,520
175809647550464,0xddf7fdbBfdBa6Ff709d213261BEA9B06b586AfE6,519
175840577212416,0x9429BC8F28B43e4cb845269DB37A33f71C94cdc7,519
158271274393600,0x79A10c2505094C63872F26DC5FA3dad6739411BC,519
175962057572352,0x96D9E66848BC3B6D60c359D83758c1CF9dC83281,518
175828560560128,0x8E46d3fC89a54F98E474ae7D71b48FE4715b05Ba,518
175827854213120,0x3166F111679a96EEAd1BEE36de9EcCf7EF99cE87,518
175829762236416,0x859D78A76b1f854B6bb3989b8dB54DD0664D30B6,518
175827524677632,0x660A16c39bAD41Fe3cECAD1b4F3F6da4D2f5695D,518
175830711304192,0xE444b26dd00C27e5f7088C0b39e840C6FF838D47,518
175831141838848,0xB89c6539033F0d5eB839ea406FFf7DC48166b85E,518
175827169402880,0x2C2743e1ADCCF3577C3F1472571edA16a47C4e92,518
175825975799808,0xB52Ea8Fd96e69E1E2dE88AE31eC3737c804c5738,518
175831551922176,0xcdAD58623ABb58E1bb52FfE7c260cAD35238AF31,518
175832082063360,0x501EEaE66Bf2Ca0612D827940254c9AF645cDbce,518
175824040230912,0xc2Fb26d3a53496Fe2B27264484cD1337C21FdC4E,518
175823199674368,0xAdF9C773323120089e5C0AE6F598AF8d73B22b10,518
175832478277632,0x1B2AFE531241E60C6E9E0B2DF41111499D9895Af,518
175822791131136,0x8EdEcc23CDA8A8D58D25F689985384957Fa15E37,518
175834594676736,0x7a5AFe8C9F59103431071f669F425DbB4CF3f4Ec,518
175820490616832,0xaaD1B8Fa5E9bc7f39db5F5EdC77bBdd602d1FD54,518
175834984632320,0xEA1a89Deb1F51AF2952270257Fc30f48b3593753,518
175820081131520,0xC3D8fd4Dd9c83341e1f523d61386b3161FAdb7cF,518
175836493004800,0xfed42A46b58d8E05AeF937FE4ff35c4128b0E828,518
175837611225088,0x336E1850Ca093Fff8C4facE370EAf1f411aC9278,518
175838900068352,0x5e9A610e21307B7484de1eF99239e91934087bd1,518
175819707260928,0x3743f39183253969200231c1dFf18B020A27f277,518
175818135113728,0x6e87eA32617b26bcE7D9Fe0D58edb37E1764Ad21,518
175840255778816,0xD3b29F403169ff7E3e29651eb663E80fF0baFb2D,518
175817034682368,0xe16571C00E9708869Ff794208D02c4015A508e1C,518
175814874140672,0x2F32aa5c5f07B6240D846D3c235e842D0690b293,518
175814482894848,0x477e107620bc8c241a4c310377f8DfD9547EFF51,518
179835889688576,null,518
175841117917184,0xA5163bE22B9db3917cE1ABCc8A4CC09e10aEcF7b,518
175814081433600,0x984A1a0A8Efa87F4bB949f4E30E15eC62D5047B1,518
175842095263744,0x90Cf5c65D9cb58A0D91C0c0E9611Bc8e3a59dd59,518
175813710139392,0x49371aAbcB320C14479DB2937aAADcC361589B0B,518
175843303518208,0x46d8e894d5B797FC5132DF8a6b922D27010eD61E,518
175813242904576,0xaEe135a8fa1521473c6221296427bd4170fc3C53,518
175843751755776,0x6CC49B9Fd7853d732053F9A1b27489D97611c6Cc,518
175844192923648,0x6282BDBc07eFd719e151D0d09183E52fAf8d5b8a,518
175812733943808,0x9E2bf8d9DC20EF5181F9DC9185a2D05f09B55eda,518
175845896314880,0x168AB6Db5A4B896ae3318c89be2d8A831785FBb7,518
175846674919424,0x17Da348Bf021a480142cC8F6E70692de041a9334,518
175847051005952,0x45D06000A5cf8542e520dD0D95511Bd61206C2C8,518
175812333924352,0x69698b9Fc456f4f3c233C922C0EbCA4c79AD4bA6,518
175811944894464,0x97b0B79D6138796BCAa209F6A35B4174a8AAb815,518
175849504940032,0x2e7f2557eCE4335883A0B14Bf4927340b07bd031,518
175811553574912,0x673f2Cd41E9f5654f11eFC84266E88434852129f,518
175811140575232,0x94c5B34340F0877b16A7771af835Ff20bDfddE45,518
175849875738624,0x5D268bB698CadF10F7B5DFF31958A996B7Ca13e5,518
175850726547456,0x9d9f5a42F367bCB40e2bbD6b951ADE2e52E74134,518
086123968712704,0:d2223bdf03865d23709db66be94991fb106aa9ede0e68ed202bc7f7bbc0cf979,518
175851091091456,0x67B3F2649d98838476CC9fcE12eC0d1ce9EfB667,518
175851482075136,0x6aE7BE6Acc54fD53812F1f650A1fFcCe49D01b08,518
175851884052480,0xD52B7BcAff9B824aEc6ac26a24cE7069613C542b,518
175852281196544,0x939eBD38abbE4B51a07597CF135062dd5916C6E2,518
175852977815552,0x85e1E78f63E218F30718c62f0D958b5642382B4e,518
175853951156224,0x6b3F9572Ac29f2fDEaccEa5183f05Bb8b1788be3,518
175854464335872,0x8687df823671Ecd59dd02F297EFE7cab1928B6Fd,518
175855778369536,0x0DF0Fb4F1fb14293B56e7536C6CcF4828e7077a3,518
175856682217472,0x8FF0E59C18fe82D26bf7F82c76EDA0ad977F43d5,518
175815357390848,0xFA55893F97EEC89176263D9978A667Ae72EEe5d4,518
175817428590592,0xC06e158ec7661f607B54DA447d6d0C74E61576CF,518
175859755446272,0x5234972e1209482855bA613Ee24Caf6b24f65043,518
175817779945472,0x414305ac93f5d0F165AC575987B7c78Eb81Af283,518
175818564833280,0xd4D1EB5c59EE8B42F204594a4611b977b68Da029,518
175860134588416,0x5FaF41828143C7181f2272249B80d818f463B983,518
175819010101248,0x26791655f7d7852FFC27D58762208Ef35b6C647e,518
175860533538816,0x7C146489AD8560c4ae964E0d0A5DFe047756b313,518
175819377311744,0xa6532895eD70bc20Cd6727dc0E0247f56bd59e61,518
175862211588096,0x30eD30d8e00F2E303FB8468f9602ccb99d8b78bA,518
175820864237568,0xb0dD8C3A7dB741d1f716485FaB7D480f55f1A2B0,518
175821245009920,0xc78e40218ba428082c3d74679a078dba9a51b856,518
175821940592640,0x874014Fbd2a988390A3fBfE0a59270A28f767fd7,518
175822306852864,0xC51Dcccc150c0712b48409a4705fCE729c54aDb2,518
175862665011200,0xbE3dc1f1f565e9E2A5421527ca3777917b2953F3,518
292472379928576,0:9655071d738692f2d3ad1c4fa84601e53bb0641c548a9fb4b3dc08bdb78ec64e,518
175863046709248,0x34b42169311055666ec16c462EF7871828f1F7A0,518
175823578955776,0x49c7C34078d6CbB3d1f22f044840e04527904fEA,518
175863360872448,0xE461126eA7D3030ABD39ae633C91A2F1a6f167Bb,518
175864725143552,0x515BdCffF5826886928C38aBAfd2DD69513F4083,518
175824401788928,0x3393dc2bFc82395eD225B249AED42DaCAD75b8CA,518
175824772239360,0x4F9ae9839Eb308B40586C5a405E447C47b4c4b6A,518
175865403666432,0xd5881B064b5803ED7C0E826Ca2cbC3D579C9F88e,518
175825210376192,0xE2285a7fD7Cd2fAe5854D9aB17cFC010bb221880,518
175825582759936,0xe2aF743C76Ae5DA95F11f6cD4a032815604a8878,518
175865734901760,0x9df754df5c2EbBB11948fe5Eb328F868c6d527D8,518
175828243738624,0x63aE89faf2E644a9fab02a53C1C23d2353A25bcD,518
175866065362944,0x61E6FE63bd8D16a8Eee0Ef282585708738f0967F,518
175829364850688,0x6A7Fa0Dd25571aedFe6e3EfB103c388012E9c0E0,518
175830160199680,0x87cE03c9c5362f964Dd292c12648D229C1BBbe3D,518
175833361223680,0x620e4B5E1CFda36901FB8d39859FD58f4FA170bA,518
175835333234688,0x00d470c04C78b3A2f3Ca9DFf71145750Ec8f78FD,518
175867442032640,0xC5a56fDF4d5B30f80976DAb59c114C49f7A07706,518
175835666448384,0x7c2fa6C2B1149dD531c3FEcd090Fd11931999085,518
175868139429888,0x400e80594D49697C69B6c63069525f2Cf5afEAe4,518
175836096933888,0x62A3E16ac630eC51928527f2d6ed73416C62112F,518
175836890107904,0x4d81F3115d116e5a0b2C642046D04a606660a6E9,518
175868490727424,0xd056c2BE90FecF8b42e5Ad567dFDB714d989c462,518
175837262471168,0x1Ee4E5398CeEc8Bac52061c4827Ad503D9283b03,518
175869157781504,0xb7C403c836c3b948f9f4aBd30A17E3872F529AE4,518
175869497712640,0x1Fc0599C43c82E1552DD710BdbB12A79F2Bc1Eaa,518
175869822132224,0x9f1181BC330C971016A18fC7efa0E68cfb11C905,518
175870185349120,0x60ec6422400fEc20D371D1721Cb9162f7968fF22,518
175871388827648,0xE591C5FB024bf1432A8DA98F70d51374Dfc6f1Ac,518
175837974261760,0xD87fFf60026C577Dd9B197B989Abfe765814ca83,518
175871713964032,0xaDB0535A6ea45fE8889466828c17D335e78eD660,518
175872064405504,0xC2ec855f7C129F7CE001098CbB7EeDeA19d53C4A,518
175839431983104,0x720C59D44009b7D42826360d0E8Afc5BfC10aAcb,518
175872988524544,0x4212c6B4A7d715ef8b577BdBd54003C37F162F12,518
175839861653504,0x06bc53b593453a91Ab437C3aa466eea71E6Af274,518
175842852581376,0xd4d754EcC80b3f5EB35800798BA49f31658Fb572,518
175844696182784,0xAD336Ac36F9897d525585271E7be4c8713E395E3,518
175845120524288,0xc13094409025065B9219BBa3B62517C0BCAA9d36,518
175845509726208,0x7CDEbB16F7a5655192468C734ed68fa9777e7A75,518
175874111660032,0x6c819Da28EdE6B7AFCd08A6bd2D2c1482d28d5E7,518
175846272471040,0x9C06110b2E0D81FaA4bd40122d4cd5E60C61886F,518
175847399612416,0x80b74b0d30aA73861D75AdF6Fb9f6a0382587cef,518
175874804264960,0x22cF2497f8eDe4CaAc05CAB20A9dF172BAAaE7FA,518
175847935299584,0x8f4E2c3904d668283FB7f08aB8C2c0c4100770b0,518
175848418557952,0x1FD1756D46A1682a912A6d8140DFf405B7365De1,518
175875149893632,0xD636d040A54205594C264f07BA4617206174D844,518
175875471519744,0x4d62aF8818157f64FAD69f2244d64D33Aae889aD,518
175853550084096,0xa9e2c1B5A1d9Fd129C1ce60612a0568C49db4fF3,518
175854904578048,0xc72a0f2D43F1f679b11bc34D2f13397E22A06b1C,518
175855427002368,0x187E0E1bC70031d8D428762120dA9F29C1dF857A,518
175856240324608,0x4D8c257C43F117b9d731e4C792264fd18d0CC2Da,518
175857069268992,0x67856e78935D4a65dE7843CD411ecEC905eD5601,518
175857399078912,0x3d3D94723Cc8377827A8F9Ad56663eD26210Ee14,518
175857759571968,0xc40f25938CEFCF8D91E28699cA16F0457F8c655A,518
175858508718080,0x4A6734BAaeDA24bb45770fA60b81883C0C5CfE77,518
175858902532096,0x8c0539ED05a0253169875f79464D4361aDD516b2,518
175859279097856,0xcC2A3c5A3341803b23E122eC6824E3332ED19B91,518
175861417283584,0xD551e34aBf10bBC0F138327099C298BCFc3c44a4,518
175863693012992,0xa510569228B9A28d1C02D2Ba7e1673B223205A2D,518
175864060452864,0x3d87a77C22309433Bc8caa66f80822804FdE27D3,518
175864376029184,0x6abD19fAe9C070C5DF87b652fD7e5461B0118C9B,518
175875824439296,0x68a3531116a8F8B430F3AC0f94baB2183957B0a8,518
175876505260032,0xc42703b110f3bFEEdbae9dbe42Cc271c65675515,518
175865096011776,0xA4310c4252636cc90AC9De41fA2DE87bCadf987f,518
175866438877184,0x967a1EE3F27B5cfe050973e0aC10D5c6051865d1,518
175866714992640,0xCbb6bf256899EF177Fdb8f077d9Dc691Ac1D956c,518
175867119644672,0xB04E4389e678CEEE2e1119b9938B5Ba3beBeCDD5,518
175867785265152,0x781F4F84aA2C8a158725f43677aF415Ad42f4c2e,518
175868813135872,0x47dd99d149b87EC6d9A4309Be9Fb0fE288988C24,518
175870530904064,0xB70805fe9653A66D412E2caE2377870576e6c327,518
175872410603520,0x6373B6C9dd2867B2d6477696cfcA515068a2F7e4,518
175876870864896,0xd648A009fA60289D8300a7F225153b8d535758DF,518
175872722055168,0x5d1b9f56aCd6e96b11fe345D1fb12252Da96AAA4,518
175877549764608,0xCCF7A54E0CE4Fdc7372314a4325Cc57BD27c78AB,518
175873414967296,0x804463C556271AC74Ea571C96C865f8eE6D36887,518
174494838415360,0xF20A3056475c7285D799e04302AcE58d00b4D248,518
175877950287872,0xd3Cd0069B8571FAf9A7A36c0dd4923F96Cfa067f,518
175873748537344,0xa20d04D53B9679950d4eD86c08688eE3855cA2e5,518
175874468265984,0x361cEd6dFD680b5C196B1BD9be88798B30b86E45,518
175878686060544,0xabdd2B80709eF4910df4A160bE18B0B0f472a993,518
175892087693312,0x824992519125B434e79E9536591F29940ab23fA4,518
175914402033664,0x9CcCDACAF596d0D48A4f7e09A010992Fa786a0f6,518
175828941307904,0x63cb6AAe88673b32FcA27Bf8B88cF1b7bE4566d0,518
175961244450816,0x5885d3E2Dcd0bD0c1fDe6a9357675cB6Cf136218,517
159676210343936,0xb7350D9C0892aB00254a6B5600E80aD0E5405657,517
175974765150208,0x8Dc13557Dbb1BAAe3423054731ca7b661D4130b4,517
175973544603648,0x05f36b4b04c55b84732fc7DCD794C2Be67112848,517
175973153718272,0x273ef10ef77aa672a0Ba43a7F3d5362544Cbb806,517
175972753817600,0x59C8c21f5177d18cc27869caeb0439ff1F4C79CD,517
175971909767168,0x4673278a9488Bb1AFa8a1D0305d1a82b1a01b588,517
175970682306560,0x3ceF2cc827652059D861C0Bac79c23C7C85ac093,517
175969892323328,0x58413a55836325aF4300c4d4f23dEF8b8Ae70Ea7,517
175969034780672,0xC21145d42684945d118aB4d89c1Ec279E50b4F5D,517
175968625397760,0x0e2d8ED72a1b101e68b3D1e9eAa6b769AeF253B0,517
175967312359424,0x63C14242d91B13716aB21C47D104e1b626865B9D,517
175966915309568,0x8B614C42CD8C60c76540D3a46caBF81167ceBee6,517
175966519267328,0xAAc3C25594AC1E1B498A14ee5D22eEa6D98baBd3,517
175966084943872,0xBcF864858e0126E47EF756e1104856F1aC912Cb6,517
175964755542016,0x29e828d1a042c270CfaCbFBACF64489474146Fa4,517
175962520772608,0x92F5817cEAB0F4A62D9DEFE12D3C07c03d32EB85,517
175961639391232,0x86A9564d9b15D2c1bB5A3F64DF0291F42f26F2a0,517
175960443330560,0x473a12274168D550378aBB4fA3837b83E19BA5FE,517
175960034500608,0x6b10A7E6cbF227Cc17b34aFF0FcaB885779396c0,517
175958875828224,0x696e8E9218D1741a3337b767e7Af0b93fa617F2b,517
175957275537408,0xA063aBCBE233F8FE92bdb740789Cff60F38b8650,517
175956110254080,0x2548A23356a35A9d42889B7b668163FF5Eadc556,517
175955720679424,0xc78BcBb0B8DF7c51e61F372AC0d44AE6287065Ac,517
175954825428992,0x5A28C23623eA13BFF7Af56DE769618614f3d1323,517
175954442067968,0x43c86F1E8d5B917Fcd70F0cAaF9Dda05643E8376,517
175953231572992,0x1f3efBEB7a76149c4456C16976ff3EEB77df35C2,517
175952848646144,0x7F51feA4318ce6B06ce1e9dC5F85CF1C92211467,517
175951718801408,0x8DBc915CdA8c37E5e35185B6025F3400B95C1BB4,517
175950530609152,0x8A29Db86f55aCc051c709191C57700434e4af6cf,517
175949731098624,0xBD64cB9904caae65058FE43B44Bd4011AB787C74,517
175949326446592,0xF429EC4F1f06725363CCf34A605538a095E5732a,517
175948884746240,0x8C555555caf0445de4EF2bBcCd138Bd7b444720D,517
175947643707392,0x264c009D2da8ac61492CA57c48F3d39fDB79C243,517
175947243573248,0x42819BB00e6A616bE1Dd895f8a40a53e6fAaEA3b,517
175946865844224,0x2ABB811Ab857dA9a1750Eb2c640d62B6430E0B2D,517
175946090934272,0x8907d35B42F5dA5d11F7229F25553584351E96F1,517
175945332875264,0x0bD61536415C28452FeF50bFD146463f8D5Acb1d,517
175944187387904,0xC56e91D5D2141B74808D473144344DB531c08136,517
175943820972032,0x1F840003C724D7352Bf5dF168C9F487350752291,517
175942665109504,0x601efD95A8611FbB4B541018388bb69FE30a1c5B,517
175941499797504,0xA5beA8238B388C93Dc6cc8Ad09DFb766f9d4a891,517
175939590201344,0x6FB50446c0F5d0829bdeFD8b33848100CdfD6f5A,517
175938376699904,0xD5958B010E581Ecb1934806Dc419b608a7F4642B,517
175937128067072,0xA73e35599AB4F53E4E46948a857723cf6A6F0D4D,517
175936713162752,0xBE550e503118c4F6878860AE0Cfba0200d83FcD0,517
175936307232768,0x07256810893599114D142AEb37d865716652ed55,517
175933955321856,0x701514467986f237A92d7946cd6Ce8735b3e6584,517
175932313829376,0x1c07F1ef7AA165D951cF8E2d7A57c44d4e8A5FFA,517
175931071811584,0x52Cd02895E0FdfBC8391A0493A53a081e97144d7,517
175929806098432,0x7e8bcFac0DCD51cf6FF9b5CD522181282eacdc06,517
175928207892480,0x522c3C4b8F9F8b4e7BB4962fFD73CEA1bbcEd626,517
175927377182720,0x683940a492D80df52C886399B3053cb8e93CbB65,517
175925561843712,0x0628BC2E937A845b80C597E52986deC345953844,517
175925151502336,0x218d52B33Fa1d9909F8C1166224a64C1fc8524f7,517
175924362727424,0xaC23470457bec871Daa3Cece5af4D799F25C6d57,517
175923250765824,0x561F39b0E429Faa16BE6d7BA1B7a6Aa511676723,517
175922458185728,0x03d7f03a509B51DE1170Ec3431Fe1C909D4816C7,517
175917284999168,0xa33Fa8dc73b43939381C01597231C437AbDf98B2,517
175916573106176,0x9F18d7646431DC9378B990c36a99dD1aF3265a58,517
175915491782656,0x374f0978162a5Dc80227Ac222B74E082c171600d,517
175915123736576,0x3d9e6bA3Af05D66A9676C858D3448ae7A48E939B,517
175914019491840,0xc6A18B9A1f6f355B767d278BC7B1d34A6cf96D31,517
175913592975360,0x72A02b3E85C942c16C5514b8DB2Cba7dB824Fbe4,517
175911671619584,0xe90559EF74BFd9E49D0E90e63286A43727A7DF7B,517
175910085734400,0x1474a2B2d7103442d340FcFb2b4D8D1960797cC6,517
175909721636864,0x2f488b3aE199D4a7D0153ee4D793339bf6f02160,517
175908244074496,0x41c5D410E540aD222550daee3996A6723a8df5Ad,517
175907847790592,0x5ad723Ef942EC9787f674d928053aA354344d1aE,517
175907460280320,0x471FCF01BC1784E9E5edF272c7298ED8A04BAac3,517
175906047209472,0x186628Ab495C796d6C1BC3065368014E1753da03,517
175905675476992,0x61D71548901973De6E137b757E86B282068c55D2,517
175902472732672,0x9E8deFdF9109777F4D3A2FAE3F766Cea41E8C3ee,517
175902129934336,0x1D403265c478D6244A01de337b3A21cf717Bf009,517
175901397053440,0x32AB001500B86cF0964A3E4131c7e3447Ba250A2,517
175901002833920,0x7EC6F37Ee343188185E1390f7c3603e62618c5f9,517
175900637630464,0x3B2ef243fb00D3dcDa50E6dAECBD345E7a8809f7,517
175900281896960,0x86EDB6b33B3Eae7fCdA9A0D89D60a92557051673,517
175899920740352,0x1B25b348180d6981473Df5aeC2ED800a13616A0c,517
175898887499776,0x90D9B2272aE5De769d16Aa64172d24FDFBef4725,517
175898550489088,0x6c4C59a71aD0a13050fd3C9aA96475b2C76C30A3,517
175898220089344,0xaf78E9C1991153C1eEDfcb5E75A187885EC853fE,517
175896770142208,0xa38Cf60b920c0Df004b6d20ec3F1C8043683185E,517
175894575976448,0x4B802b42ec718A137150F72225754396EB0B7412,517
175894231674880,0xbfE7F232759d5ADD95439810e541fcB9b42ad464,517
175893889556480,0x61B8Ea9C0d4cb5857029c59608604B8d760ba807,517
175893162237952,0xDB289A6936a6213F77CFF90c7273386024D5A188,517
175892814094336,0xEBc5699AF5114D4f041C2e7bb4888aeCb7420Ae4,517
175889419747328,0x3d43A439ad987c4Be9f9461963dfF0B7582f74EE,517
175885350801408,0xfb3BCF49438Da63994037407841cF34b532ff226,517
175884529086464,0xEe38e04fcA8E348ABEC75b05fB2Bb3e2860D74A9,517
175883712413696,0xeD135B0AfF553310939ea960c5A360069EFB83eB,517
175883379695616,0x6F83310F4aB8421F5cd0693681F674fc572e3e97,517
175882985013248,0x7314f7e77dc51eB4A0e676B39367F70ceE11A713,517
175881934376960,0x8164C76adD67eb9A1A181f01708177fd82441113,517
175096784863232,0xe0c4d0A6b5fabDBF79d14AfAAC25386c778B759F,517
175974349004800,0x23b723Afd78F598BFda60901506B389a1847B224,517
175880662773760,0x9C96A80d14FF551Ca2Bca20D97B34721312B3C69,517
175881054334976,0xD7Cd5B808a8445Da23dCDBb402eFDcd8bd8A3261,517
175881461563392,0xCA0Ee9e05eEe1C5894B14d4622a744AC74760B27,517
175882293673984,0x67F9dC124B883f598c6d052CFa32dce0cB4479D8,517
175882623811584,0x5219a9Eea41DB106BDddE433F8487aBDcC094512,517
175886127378432,0x6f10b6dF601D4845d81295046Fe52fb200e51CAf,517
175887429308416,0xa4098880dBcC2c30762915079228eDDDb90EF872,517
175887845359616,0x7778396688b8B1e52932b221d75e64B83b9f4770,517
175888233275392,0xd3FA70064C2240e040aF411545c5E508226495D9,517
175888651948032,0x19E2BB2F32901B75B915378D9fd8d4b137675073,517
175890313461760,0xB6A614A15B998dEeC6a7e231bB0802706792b28a,517
175890683379712,0x12C7D3F70095b046d6C054CFf3faCF7eD6fdAed5,517
175973955465216,0x30f6242fdda676c3a94FFdE107627988C49C67B9,517
175891049922560,0xE4857211E6067a0E7C61Fa77d79f344C7C688FB5,517
175891389497344,0x8FFc055B67132e189bc35621B5a49D5dA1ac1735,517
175972330389504,0x77207137C65b1d6Beb92Dd010b10B2f96078bc1b,517
175971489611776,0x32dB9E6052eD73a9b0CE7FC68ef7a27d032523C1,517
175971064381440,0x6B8614D3eEdC0b22B24e13EAE415bDfc9f278df3,517
175970270072832,0xAf76E39c9Be59b4AA71c3dbcAac0CD026a933D8D,517
175892463017984,0x762d24B60bf02E3114A2367fF3c71Aa9A28B6550,517
175893529141248,0x40738158eE35cF5DBe239be5dABCe472E11E8390,517
175894915756032,0xC5c051FBD07354A824dDC0A2bA58c3772094C4a6,517
175895283539968,0xcFAe63C7Bd2FD82db00f6Cf0718850434f73C2A5,517
175895627411456,0x259633C41f063F00b1b1325b22dC7408461cccDd,517
175896036196352,0xd0E1cB7a849550668677C3b971f77d7748cd74Cd,517
175969442598912,0x2f1D98340d0E082F9b325A8F6E53C832f5676EC7,517
175896404824064,0xaD76e83250Fb20C64Ef1e23Ad0D708A6D9c947F3,517
175897146216448,0x648bd7ff0644Dbf55F553C12e8B0154F99218CC3,517
175968258859008,0x609C858535085539aFBce1Ce0e9b33f2265F2cFe,517
175897489903616,0xf683C87154B3a1eA48FF9A84bf5F1ee6339141E3,517
175897870761984,0x16c82799d999212BBd231eaEf95dccb9168f1124,517
175899244429312,0xdbA04Dc3bd9B95F75AfBCdb20edD210D924070FA,517
175899584860160,0xf9743d584387e3BcADEa4EaA1314879dAbB43D41,517
175903215525888,0xEaC0857831FA30eaf8DC69848d97727AaA4fa0c6,517
175903560237056,0xB69230eE3E5DDb81B33Cf5426b574994016cC0B4,517
175903898775552,0xdf0feF2108AA26EaC38ca6EA69C9496581e49345,517
175904242753536,0x05CD5D6C890C167E19d1a262481B7Fb0E50B3348,517
175967844765696,0x35536BEEc51C04218D36ca7Da09713629D1EDa7b,517
175904602787840,0xefc759DFA764ec58a0c8C16dA9496233c89854e6,517
175904923467776,0x40c7570a35628A651C6542cD6E1B60358E0cB9F7,517
175905272754176,0x9233f2Da62FF0802E88aa2A419284bD298Ae3a17,517
175906381508608,0x6cDC2BaA4546830A3F4Ef6fF993cB037a72aE081,517
175906742812672,0xB98273Ac108DD4198e2AE6d9a89939FF9377a8f7,517
175907110027264,0xB0f0F912F29e956D12DC5AC4644098De0c16fFd4,517
175908616343552,0xE542ddF542c8B33F3feA895932B6AE2468BbDF7B,517
175908964831232,0x990EC0d78fd7c4FFa4719e2FDDeaBDD1004ADbC9,517
175909326630912,0x27d68962dB73AC8035BD82D90C4f394CfB12B366,517
175965652201472,0xfed78837D7B87F658ae13B0702B6D105B3727707,517
175910526357504,0xC064599EF82782742CcD0f2476e6dfE820346b04,517
175912018853888,0x39fD0794A14AB4C18bb45684f36762A719Aa9234,517
175965178077184,0x7c3DE79a1e35B495f99c816e79E3B0672D7B51a4,517
175912839278592,0xE48A5e9625Eb8592165749235C930F76722F160A,517
175913213845504,0xa2e7471159F98C3B638AA4c2Ebd4e8B34ba61535,517
175964304809984,0x37f20Feefa65b0bb936b908cE6ddD0601D3e85Fc,517
175914772709376,0x5a5Da9D6eBF994468C3C5F4b6244e161ca11CAe4,517
175963847565312,0xb080E2cD7dFf137b5AC9E525d29c1dbEc07A5FDB,517
175915833511936,0xcCbd3DdCa829f27FD9d900053a0144a426e95B2B,517
175916209033216,0x22796B4586472253E8199AE8c923a2eEDa564f01,517
175916923301888,0xc248083B5D724602d2cb947B09bf7109B2347143,517
175917633650688,0xE5384CcC0f4e8817bF480b8E7D75E2e4945a5Bd4,517
175963419074560,0x9b399a69095c4dCB3B945b3445E1E50D72892e40,517
175918049521664,0x88a53156190aA2dB2ee08b902557Bc3E24703224,517
175918460956672,0x67F03E6d867eF849EE7d3BD3aE11111981A785Bf,517
175918858944512,0xc08d98a1d59f3442003c6eCae2124F0c2401561D,517
175919267139584,0x916D1c0D645e5B75b35c0F80F4B747C37554e4C9,517
175919678828544,0x7Ae3a79b452137b3F5bcE3F0b6E43f9886a8871e,517
175962959781888,0x0355fFe6674ec4340e3beA953f21F83E6F26316b,517
175920507449344,0x893FeEcCF35235d8B8Fe9002ef7ECc4dfB13129C,517
175920910532608,0xA8AD43258DCa9A0586Fb3261D9E73E03571c687d,517
175921279156224,0xc8c7539aB0556AA60DE5154EE7A6Cb697206D7A4,517
175922064183296,0x18ad8dD217Eac7Cf41dB6b7E243f45e6a098cD15,517
175922828619776,0xb253fAccFC59e27DE7d92331B2f484050cB5d265,517
175923587567616,0xa9E63EEa70b3E2D4883d3a55fe698c85BD692220,517
175923924676608,0x593e85b81Fa43F402f46327B09209A803562b86E,517
175926497292288,0xDB3C0E04E94dc08c9fB153bC96977a5B69d2aBe2,517
175926893076480,0x9F5B558AeC6D9A85dfe5a9FC11Ae8dEF26837812,517
175928642580480,0xa3D54E077cffB21eE99C1C5bd0fe9A292D00Dd46,517
175929043185664,0x251556050EDf8dd052af75238798083eb7a89191,517
175929436803072,0xC633a3983E7Ce4FEb47f60342e0Dfe53D0a7a717,517
175930206498816,0xe3AF953159493dE45981fF09a673278DDb61EF9d,517
175931550937088,0xcDB28237Df60FED0b10F9dA2921330326642267a,517
175931962777600,0xa959b623aF2F532715b675Ed47b5A11f5bD0b6F1,517
175933162586112,0x418cB57B82845979425b0BF40cd6C44bE4035A8F,517
175933540245504,0xd5945Ae21e84cDFC301e6f71f2C55d0C8d00aBD8,517
175934362992640,0xb10B99416a79c3eB007c7FdB260407EB31fC39bC,517
175934744121344,0x0EeA86eA0A3cEd76B921A3f0923b75Cd11277723,517
175935168946176,0xe92D8634f7B963800D051e4bb0a246326D78e885,517
175935562887168,0xEe6F171c666c89c6a3DB7055A2fe5cab9CA96AD1,517
175935950843904,0x6A6f7d70f2199d08421e3431BDCd447C4e9Fa46C,517
175937536638976,0x630087D954Da7Fe367f0F4E00829Fb7CB18Da185,517
175937974276096,0x613AcFF1F27A44a5CBcAeb49906b8c4bacFC7BCb,517
175938802597888,0xa7A6Ba784CcEdb1D927d57748b09c89be5B07d0c,517
175939186864128,0x9a43bA07Ff4D4B7c4D7623AFBa6492F5717260E7,517
175939949387776,0x95a90fC0e46EfC1750D47936599d312D88B55eDA,517
175940324904960,0xC50406AE698B83E1dD07E5dFCaB3f46aFC43305E,517
175940736311296,0xfA77175a315a0238B41a72AAe9E52cf8F5d74500,517
175941111525376,0xE4B016b48E2532A87956004fdbC95E1B9cFC3F38,517
175942268948480,0x97c4A32F1D960D0AB51892368029Ae00016B317c,517
175943079141376,0x09a4C892130D5fA1bA71a4F5DF889b612e47f473,517
175943458746368,0xc13Dbe60fF520f2BCD13083Fb6Cf6d71C35Fc3aF,517
175944546766848,0x955d80a547863883C9F43afcB51309F878B6D499,517
175944922828800,0x22F0296aF023247c3383b4f4Eb227e4144f65945,517
175945689624576,0xe40f9a625D7Ff73112cCDaE81C6F187f93B58227,517
175946475008000,0x133e91c2DD2Fae5cC49b80Cae070d31D4a4f22CD,517
175948014309376,0x311894dEB3B214972A34Aa8CE2aDb889C13730CE,517
175948399288320,0x58E53F981733B414cA0468AFC730B685CAF2b39E,517
175950119747584,0xEe219879D37711324fC618B9Ff275908731dA38E,517
175950988984320,0x94ca143a9eF417f839e4d5a21d38992f74D8e484,517
175952090697728,0x7Bb0eAC48363B9a0E036779268eB8AF8708104A6,517
175952487038976,0x059C9C3fDCb0C6b67866967C9D3232E24C23B3D2,517
175954057404416,0xE5427B3F6Be04A8C4c87BF45163390834e2be2a1,517
175955194359808,0xAF7077e21D605C42BEd3d11da4A14b3FBa288AA4,517
175956469448704,0x2f0B29C233dF56F5A9C96cE8cd2B3518cb5E4532,517
175956894138368,0x51999E5C4Ed8B9D787DDa1Dde1301424C987df1F,517
175957657411584,0xb35eBc3cB8c691B3EfBf56120F84c8F31B48DfB2,517
175958057381888,0xd978d6Aca8b7b9C07bc2407f3c8bB1982F4826cA,517
175958451335168,0xa3162670b4940eE8ceBbe9213BF794ffB5f4DE21,517
175959261634560,0xDf0307B7693104a0f16d591086840624c2cf088c,517
175959661924352,0x4A3530E7348134Ee1c61cDfE1502C099b67ee582,517
175960819335168,0xC08533B909d25CC03b6C2F03e0db5F953a25fFFB,517
178426927493120,0x3D9ac9D2836083a73eD299474863e1ABD060F9E7,516
6454616135700108763,0xE3b39781aCd666e037AaccCC836Def087C001a04,516
1107041819373568,0x4555D1A18456A6594C2176fdA3f149e8BfB7148a,516
171995760238592,0x75e6987aBe30CC253C0143416C90c2Cf5a70F30a,515
6395495879600108507,0x5F350C9f8c5c69F8716e7c342AB510BF1a7B541b,515
159775525466112,0xb400EdD5d203D6Ed23Ac581E5CCEDEBdaC6997D2,514
3107133541691392,0x24bFad5f47dDDEc24d50CD9D9303E53a00d9cC05,514
158234636955648,0x90A8e1680F08f89e797Ff5cC31C63075F8A58a69,514
158131695640576,0x8a6c5F1a216A9A36703a03A18f5276D593f93Ee6,514
160658037985280,0x224dF8E2CC769a8ED44665Cb326fE0Ad032bCf3d,513
096307204128768,0:ba9e6ffc473d9a9502ed6942a635a5318c42446c3e5191409a098aecc9f2270a,513
172015570751488,0xBaAdeC2191126ec0409dA51b6834A49D8A84E907,513
297094833950720,null,512
185771621892096,0x4d2E128f8F45751257beFcAa4E92Da8D0e6b5869,512
180470092263424,0xbd717D1Fa63f54DfA8EbB7B66e668A6f51162Ca5,511
159347852025856,0x71e6Bd2972a0e3a6eb1C41EF2E0114eA9Cd8F584,511
180408789188608,0x2CD63f53Fd4DCbc687Ee0DD0E7a90C88677D3F55,511
160660030009344,0x0a412C6e7619D7A62B23e5bA72A3289Ec554F70b,511
180408875950080,0x562E40e5bf20cF60D4AcFc24a37a5A2A10d1Ccc7,511
180408754388992,0x94bC9329B94E9cF5E0264cf65A963f426af6933a,511
180470376423424,0x5002cE1d0B95E16Bc35E02a429472D5c7F2Bc422,511
157820884713472,0x83977DcEF41A8769215499b5ABA141992C81d7f9,511
180465429192704,0xD4E2646407fdc99656F613AB025Fc00Ec5DF6b4D,511
180408960413696,0x98920D6a6Ce7592D9d7fd7C071d69C7aD9CEc7F9,511
171995839221760,0x7BeC02C7a009877d83B20E14206364761e60B4b0,511
6413488089700102772,0x436B56EfB1B8c9636F583d785f68f37551fd341b,510
089221533380608,0:e17c98c50b5b658f2f06e85dde7e91266f664ee263044560ddc258cc986a9805,509
173538826035200,0:5c214c5236b5f851ef31a801b0e46698f29fb714a25fb26c2b4a5e0cbe744cac,509
6159234802000108506,0xecc7BC61Bf2eac93Fd62D9e6BF7F57F3b497C58F,509
175810135437312,0x14Cb084BBfE3817790526e014505eeA2F629ed5c,509
3107172988063744,0xF36de17b3885e880CDA79DcaA07Ae9fC75Bd87a2,509
175858128855040,0x3929B70469ee2ca3E3BBC7b71e7a631dFD874bB1,508
158305651875840,0x51FBE83cD9A0F62A2E60606bc64B8B166DFA6F53,508
175821577957376,0x924848d245561b942c0aE0E2296884BFd05d102D,508
175850333765632,0x632921E7e14b2E364b0E653CaD41BF14d1BDf515,508
159599791935488,0xaB3d5589a7D36A53b67466C02daea1F0D24973a9,508
175838371069952,0x62bC7eaF442d251a9Db145ADE4f8853bf62E55a9,508
175826317180928,0xB3B875a59d4A0C1850ab087A19649a3Bbc660EdB,508
175810645344256,0xA1c0a70c5C4c3BDDb696329736d6BF972f26d11F,508
175860922019840,0xe11Ac7847F8BB1E7Fbf018fa85cf1C95A3993136,508
175848917938176,0x26B8793fec19a50abBbd99111ccb1C60EAF7Dae2,508
175826811097088,0x9e23E213c16a974e9DC6806A068ba8b301443365,508
172035134803968,0x04615Be99BF045B29261CfCb6FcACFe843239657,508
175815781421056,0xCf9F60c259d3C4Adc245C8254fDBBe022C594B52,508
175833932775424,0x73D5291a585b0C05BaFe4E3EDed98576fcc33E65,508
175816393166848,0x9400A3BBb5BCdddE8B61c053B00A76B6535B2853,508
159586137206784,0x85A4D354c4c32F7A17549Bf7d40A63c5D8EEb89e,508
175832961093632,0xFfe5BC837F1eD78670878F464f4764ea7e7fDE3f,508
175879431905280,0xA0Ff6F646BC477D02A762E075aA4f45520ba3C3A,507
175879059525632,0x8c7C669fB5f2ab88aE3C8289E5edeC97E4066B24,507
175880224894976,0x3bd51e2d8Cc3c427c7128fFAaF4d8e2CF8e4014B,507
175921689214976,0x35e171BFCdfe22AbCFDa0E1A0c93956d90858aC6,507
175927749570560,0x42866D252533D96C69FC5E79c2f250B351af7648,507
175870872092672,0x51DaBB5B1efdcF0749772db44d922169863889D3,507
175951331196928,0x4D04E790ebdC9A85feeCc523bf4103bE67A484A5,507
175877192962048,0xF4DbEec1CB38Cb9C0958dF6F809Dc326Dbb3D0Cf,507
175901778665472,0x1b91FC8c6B916544A65820EbA39709264777b029,507
175879903436800,0xbCf7E461207A11369BEF0e41184903CFdC9932F8,507
175891700203520,0x5Eb1dcb7b8cE4Aa548CBc0053F5bbAA1F5fab60c,507
175926068948992,0x32DB8415031B761F283beC61AdAb29898aC40dE7,507
175884154523648,0xd65b161B216C8C723091c1B1A38fdCc53B26A79F,507
175910892789760,0x96EE3d2b49410B9F5ee529bc21A7E55ceDFf0a44,507
086817396527104,0:023fb942ea802c242f884ca013fc06fd7f297951ff2fb5e4c530e1269c1cc2d8,507
175884980269056,0x843d4aF6231d902FFE70F849A3BA452534B44aE8,507
175889817722880,0xC06689AA55742aA2D08790d5f8C60Cba559fC51c,507
175930624774144,0xd4cd177eebB4E0aE8c02295212ca956F15D6F857,507
175924725592064,0xEaafb45D29E0405A8aE72998fd1B329bB375D056,507
175886966386688,0xC70E91D43107a4DdCe37e0a5B6ffA666F24C8cc1,507
175885708115968,0x2389EaA7B52C5C03839773D423337F39FC233133,507
175912468865024,0xE3882fc6C7C45E2F30F27cB4d35D5feec70A8393,507
175889046061056,0xda00E34566F479Cf49a73D9D0e876EE4Be689a45,507
175920061739008,0xc607CEa01F82186447843bd555f5bd54De6f7140,507
085475563347968,0:dc2de4979078536f83f8907541a50b08b911cd6423da41ec5ea811676ee9078c,507
175941881630720,0xaf7B8dDc123f4dEFcdb66da40cABB873E64A1F00,507
175902815047680,0xCC59787356b5f464e74521BE5597C06C120d05eF,507
175876170366976,0xC1ff035B9639fcD4865F86650D9E275f26ED4Ed8,507
158412089720832,0xa822aF484Db265e5bdE05aC644FD531B53d72CA3,506
199339161939968,null,506
092540878807040,0:d70db8299d2e65f013d7b7b809d996dfdc7400a2deb330fa6d9643897a2e64e8,505
088634441203712,0:5e2917f89364226fa13cc106add40236a1de10a89c3297e9b7af216d5833871f,505
6294259129100100588,0x6C9f52E0BdFA08114fB7a337518815E47179Ff67,505
189795999100928,0xa5EA4e9B8DA3DA0550119A6F85433f6Abea4ADb4,505
161564365459456,0xf43CDC975a31D1363C2FfD27D5fF079DcDB1e9d3,504
158164011458560,0x7905678ffca22D39f4C87F9Cbfe74C39a7d80829,503
6159234218900107412,0x3B96208bdeb9b8A9fb40924b0ED8e07230f8c8a2,502
174929158770688,0x3496699477e0C6D79d9E03B16912140D4e113337,501
180408712941568,0x5fC50543eECc59a6D4D5896a8d65e2428156e75d,500
175133615628288,0x7f7C7d6D48520A243Fe85fD7479F52a4589B0547,500
6159235069000109009,0x003401733aeb3f78f11A53aA9d18259374fEFA20,500
174894688620544,0xe7d52eF523C84213fDdcBAD922656b0794228A44,500
180470003941376,0xd8D694543068a96b413C3cd843e3154262A42923,500
180408872132608,0x63fd3fe2bEFF9B30e70ad0bA8E0E1625e3cd0D19,500
6159235885200100543,0xdF8B5592d213046B7b756513dC1529dcF1DdEa13,498
088164561416192,0:afa219dfdd2bb0a36939ed6bf67249ecca85072da56f961f1ec561c6591193c8,498
175861818130432,0x48a03e3FEa69945D56123F2736d8586e5b262794,498
085579033001984,0:b4d4d4e125a5482d54187b288d14abbb0956b6b6dc773130426712677022d8b8,498
1108484481916928,0x952d69a631c03Bb153Fc631963cDE30BA55d804D,497
180111788105728,null,497
175932715253760,0x882600473E66F240dCDafbeC990bA154CFAe5044,496
175886570409984,0xF0481dd3D6bd06b7D0A485D72028557bEDc1d834,496
086989221588992,0:eb89802f22708d076539b98c06f3d38c4d69ff95e1574ca49425e77e85daee6d,496
171995526062080,0x9c695CE94956f24790EDA323E80fe6882926378D,495
157958135672832,0x88154ed8d60976797b1c7F06559959117367c434,494
163922038280192,0x4e8085AFD1C13f356d1882B94290d1dD925DF07c,494
291895619072000,0:ff2148cd6711d4de3976be72661461de2456dc4123652d82b52ca45103913a3b,493
175137314807808,0x6F95E1053fdad99ae5a92F7E60180C598e7a5c57,493
172029512437760,0xBcf2De4Fc3F675Fa034AAeBAB612dE630Fed88F1,493
160752197705728,0x9a64Bd67c9BC857f9C9929C7639c841b775Dc821,493
3108132057333760,null,492
3107005097402368,null,492
174182631915520,0x84e27C82d6664E2407597a8001d38B8D79dFEBfF,492
166089470488576,0x36e5C718910CB6Ab23420bf3F07c63dEE2a2cA43,491
172015586459648,0x70785f080b155AFe335de4710cE89a793a9eA487,491
1108478265679872,0xD0843De851375A629Dcee21B233f002c342A0cA4,491
085915304411136,0:ff091a7e71f58e110fad35b383e4c36bd3fc0c713cded0a26e4b316930617576,490
7379268425300101482,0xc67411073e8f23c7aBBb2FbC366625Fbf360bb27,490
175097277542400,0xDB3754bf2664711f51C4166F4590dA7391A47f87,490
172029515640832,0x3E7E18d243BC8eB64EA2EFcC745aa5470075E3e5,490
180470435135488,0xDa2c51A4e244b4C4474D9d80675aC935f8Ec0B25,490
3106717366259712,0xf79cD7b73c86cf051D6E814c4E457081e019F85e,489
172010933977088,0x7875585C00571355778A5267b1bbe7EC35f66354,489
175088478588928,0x25a59fA27d20eC8bF1A51986eeCf7847B49CD91c,488
158036444782592,0xf1298bB26a3c8C09719761A88c25f7541871a651,488
092578948710400,0:f1c55e442d89314802a0138c5a302e1fec7b8b8cab3b013e790dcb2bda39aa85,488
086989703307264,0:9bb9c29f6c4cfef055e98c0bf91ca80bb95541c8f3aef4ce769b8cfd8eef615d,488
1121775780851712,0x847429FF7A4DD8e61D54F9f9FcA7Db5330A90a7E,488
7379268633200101495,0x938D8e19378453dCb7A31364cE6cB4CFC2F4e15A,488
185854481289216,0x207902dd91C4414Cf44eEF507B86bE79228CA28B,488
175852648853504,0xeC6B7Dd88cC115E34A0f8bf5b8b930102bEDbB7a,488
160663999807488,0x52B9cB9856BEB62446e0849594BD9dF4B8756802,488
160643662442496,0xF1Bf3aa3a783eED577BD064472226Ed378A0cDeA,487
172015564378112,0xCf7e9e5c51301BB6E8Cca6286C9A1eE233921390,487
7431584189900106233,0x405080d4Bc07B0BA86C9770Ee3C141774Dc88FCD,487
160891285487616,0x558a8936e73f755e96B40dCAB3f8FB5AaFc938CB,487
7431584305300106238,0xC94667D26e68CEaE228250979BD3222BaAF1a80f,486
174921832046592,0x7747606bCac9CDDa03ACeDeB10f7A423AFFC54Fb,486
1107019190599680,0xE81Df5ba52c89b4B2e8a56d05a4242F937736b53,486
157965469122560,0xE3DaEE5874FB91f57ff5985Bb1C678A0038435da,486
7379268070300101475,0x2D228eA0140024b48114Df473BC3a5f669760C79,486
175131131842560,0xcA1e597cAeb05cFcB2Fe10c9d62d53363F0557cf,485
6159234294100107549,0:9e68a4f79b2c9673732b5faba4dc7eb1b177e40b62ee15ca085b279872bdcd0e,485
7431585172700106273,0x0f1178CE0Bfdc411F59c35b702955063eAe7ba7D,484
174333046374400,0xf3E3f7Ed14C42E5785f380f4957e05F8B7E2300A,483
7380041590100108561,0xd7dba27E143356413c7BB10169107253Dd49b5B3,482
6435107308500106543,0:5f738d0ac28f6e467a6cf67ea819acb9d73240b27fa05d2a42ff7a82878361df,482
160668417511424,0xCe568A3b1623A1012C1b3e9dF43d32f37140F827,482
085805371154432,0:b1fd1d0c6c7a7d9da510c313bc80f54c058335b40b160d4e7024ef224adda6cb,481
157951549739008,0xc1d8FC18D664Bfe4cA897253d4EB759298c4db40,480
1108480531644416,0x62fD3D68ee88F95135517e78078867E883678C1a,480
6446079249000104625,0x1d51A91e26994FF8E30217D5763C0a1623A3585E,480
174354984030208,0xCf879527A6d1B7c0513f25580e91bC9C43F23D0E,480
172001887285248,0xBd4Faec4dD667C3416f127f009c05d20d35Ba46b,479
089613297704960,0:7899260b08b63f48d640500e49c434220c67bb353817e72df298395fa849117d,479
180465757061120,0x769D0DdD07e0Fc262792bc46e01BE8E9A8e6A1fe,479
162014510710784,0xC6e0e6b5208760E5176FCe57Ec14c9FeeB0E222a,479
2108047211167744,0x9458d9a2D41Cc9445378bF03E826e8Fa60f9fAe5,478
7380039983900108533,0xaAeAc4Eb2Cf5Eb1d6D92A24bD5FE112f991Ab75A,478
174104602406912,0xf977145bE1F665504F2DD10D881504Dd826fc12f,478
175878334787584,0x28289F636992C12390D6C6b670d28044A6757152,477
161513470980096,0x5bbc45d7a94718A69C44c4C03834172a4d4AE5eE,476
092597987610624,0:871c34b295b2a41a66138c515d5ff51f30ffdeeb39d07af68f7cf93ee697d9d7,476
1120805181816832,0xB081CB53A8cBc9d476e6648e0F703734Bf3a7A57,476
172029514293248,0x11941372659ADAf1AA1E3dC70A6525905a23905A,476
160937197080576,0x2AF9f6bCc42Ad118Fd86D84B5f5E208264378350,476
175115777859584,0xEf48B4a29072a1E8b48bf7F8c0E699876a03b26c,475
170061707821056,0:387fadc500d8be693e40ee8a85c573abe26725ec0b1d627fc065d04f4b4734b0,475
6156810746300102129,0xC898b91A4eeF899bEdE2153cE1657Fd69b9B3198,475
085526988189696,0:587d6608d730cedc6b00e49305ffd37971c58fe9541d3b20d638442a7f4a7b71,475
158500633284608,0x4DfEa11838F03A7E011065d4c130d412aF48354c,474
172029527449600,0x666F5735D5d7b1d6b4764C0044ED70BAC3d5566F,474
092618142703616,0:b5035b9c9b9346b0d7b61b2d8d072e024eec812db4b68a206f5bfc6b7e528de1,474
6156810753500102141,0x9011559061d5Fb29346180CECD63C5f45A1541cF,474
158047198789632,0x4C3a9095aF051E44c57639BcE8986f6d83F17E76,473
2107717887320064,null,472
175134155784192,0xFBE044AA35A4C2C44A119aABD94D31B67689Ec05,472
6889248022100103198,0x294fbF430bF9D1fc6Cd007Dc964d182001ded7ab,472
7431508885800105139,0xB335EdD94348921c68F2322dDaB09F5315eb83E3,471
3106727346806784,null,471
175118458359808,0x7834D7e222DF8D9351254Dd4EE1C66Bf1de48b47,471
159600044052480,0x8e3296E8FE2a7D66B2b6842f808Dd9645d1d77c6,471
175088035852288,0xEB3fDB6fA00D853CccE840d78b708DDa58aEdDeD,471
172029536133120,0xc825D750B3cAc04bC302E77b0b503c9c88e9Cb00,471
7431585623500106290,0xA64607cD3d6D8a889302c77240e7868f00E40202,471
085901813796864,0:bc0e274973ee7e07d8f5b7b633c5a04de3b7972cd5ed67b1f4fc05a020c4549c,470
290200240926720,0:5f27f9c8598cf8b56a9d89c9fa81c6e66454e6204a98723e34a856dfb2c4964b,470
163471879462912,0x1F6b8d31AeF7cC13E0D3B657c22fa04125CF5C73,470
7518504465800109048,0x176810b377918103900BF747A4d9660A9dF67C8b,469
175130180993024,0x36d19419BD1bcfbAAf575471e8006aB179072A65,469
180408806686720,0x4bE80f94bd9dac74d5AA987e47f9221BF7307E0C,469
180408920289280,0xbEc183De3E8d749c68aAAa803CDFEE5d0CD600e5,469
3108118083457024,0x9e865B8737Caea76dEAC1E7b95D1a0ef3fE1665a,469
6414620273900108468,0xd117ff2d177d758B28AF6925B575EE0CE09BfFAE,469
174059601924096,0x0FdA66ecf22fb745939d57a25A35Bf79E7464Bd9,468
1106894636097536,0xE08Fbec051DD2218553167c52941552842D9ec58,468
6159234168000107313,0x097C7A0d34bAaE2FF6a4397d30f729b076C56D26,468
175133930627072,0x063f4B72872F0779569B0Ce9fC513C610cD2e843,466
159321649184768,0xaDd7e2AeA2927e71F0b163937F2007bDF527CE73,466
172001893707776,0x01b163c7B45b7759F6C0cFD54172781c121f9D96,465
175129586683904,0x115ec748953D1c5218d0ec0dC87088269E5F9D36,465
086355012489216,0:c7e71894184a5861745783a150fa95999789f9396f8829792e7d95ad600db5c1,465
175129865494528,0x1C32D27b8143739B87D60a78792Ac72F5534f3B3,465
087085644972032,0:998482e961bd62a4d4868ea75e1db37c63a1fff87630a9ac07667433f9acf91d,465
174302508593152,0x3b4b29bA4CB7FcDdD3CfD1E3f99a1BaCfFb38A81,465
158239131774976,0xfb127EF5704B150FCA5158A9E585547ac3e773E9,464
162033645408256,0xEc2661eC1eaAA72B301EFB97A5a5E5acee666604,464
175092951949312,0xE4294E685507d3756eA222150E5c8A51402329A1,463
174914886217728,0x6Ab47BAF8BfbF443c5E034E599bfb7c4e46Ec762,462
085455811325952,0:e43af94a24c42e4dfa3daa1b193f13fd2442bcc6171723a08485f6f13e545bdf,461
160653491462144,0x5998Aa2227b13aFE75709cfA8DeE0671e3cB11f6,461
174238204932096,0x9C3b1182115fc5eA643533d0532d5a3254F40D05,461
174189512294400,0xb53F8dDB1bbE1506AB29C8B35cFA5A8738F06cF4,461
171773425082368,0x36af59ED6F1AC7f543bf8B30Ee57dB4919A1D9e8,461
085891856060416,0:0e44d3d8d6e80e141acf65f4139dab5f9cc5eeb4b2b95325119eccbecd45ea41,460
175130449813504,0xC4eD2ec0d605a3FA8a8A694cb322ed7f204dF3bE,460
180409074536448,0x9ADb563373ec37D2c4B5eC145066caaC5dd4060c,459
180408739614720,0x6531Ac265F4953361F66499E2b6BdE3C264B98CB,459
7379267822000101465,0xDfab7530ED6ddc329192324552F389917E2bfaF9,459
159274199887872,0x5AF6627709743825A6cB9097095F0c5F1E0cD53E,459
6573116563900106202,0x626b09e04C63ad564d3F404f37a7EF7FB79398C2,459
158266482917376,0x288E865dFfe68311F7873b0141dBc5E84858C0d9,459
175123704193024,0xC5cA5C2d4dBFEFe6d9EBfe38f5C09c063f221f1B,459
158203961913344,0x89048c1496Bd9f4A88B9AA84c92a8E1a247CB87E,458
3106816638480384,null,458
1107034336915456,0xB01F4C5d4c404877e241F04F072EcE5b933CCfD2,458
159364115423232,0x31b5810ce8D572B08075aa4d7195C8Cc0c71F6c5,458
6420849212800108885,0x65B24468F9699fd4A604a91b4A581F101fE0b07e,457
085575768584192,0:1765ae4a21e75efbbbdbafd04524b0fb23ad59820a572a9c0068299c9d55af56,457
175131060187136,0x2C3B25ff3124838D5617f9EDfa9B466c5661E84C,457
085800247099392,0:b617dc65ae8d4654c514eec0556e17bd5261953612a1920115975f4edd336b5a,456
7518395390900108662,0xd108fCc27C40e58Fe94617302c8fa50F8AD8157a,456
172005366824960,0xa46AE1A607f98D1fa3D58660b522a9dDBaa79201,456
175090359861248,0x9658b437750464fE9cA72b2159B16399B1A96a5C,456
159828161593344,0x803A42361Aa9914dFeBCD074833307c0ac5eccfa,456
085818944094208,0:1842c520cef98fa25f585e65b585ebb9c350afc6bc7bb3a0d069ef85d758cda7,455
175132905619456,0x15b545351A52aA39862f94746453b5AF6980B557,455
174405563908096,0x5Ee29D2186038A0d5683F9FF7bdcDADAf33062A8,454
157923409526784,0x2Abb229b5dF3E458aF54983Ed4E179be201a0fCd,454
174392732737536,0x3be1Caf34c2730342336e36907ED182D7ebd799C,454
085363025580032,0:426cb970a0358d9897d547bd652f35c42376bfed20ed1afe36d08cf298c0b331,453
175085227937792,0xc2874832D3c509CbF0C30c32F73dddd4f33ABD70,453
3109044198338560,0x11f3c0E9Cf75e697f05accC1b24ad8A13B556e42,452
175096781836288,0x6e588414901Ffd0E00E0CC98e36F8039454a336a,452
6156810878200102343,0x6402DB4Ed4d7D2919dc7c292DaE04bE4BDb333eD,452
172021610070016,0x1A478D59e5c4E76576b787C6EB7b3642e198DAe8,452
163900363620352,0x13c689946Ac6fA7789bF8FADFd071Ff33Fd771F8,452
3106894875688960,0:c7aeb23a2bfbf3dd6d2796ce833c16bc767d3151015e1e7c355008ca1bd6f1aa,452
085513638391808,0:ced0c52f177562c5ab526a746c75a7dbaf8ec43d34c6d2f633658028e7707ebd,451
175132598480896,0x4fAab6De5c0C95c232a1cED09997ad79efDb578a,451
160672561868800,0x27Df6288737e26da3B004F51207895a407e505e9,450
159775915872256,0x92DAE4f1F1F5efF7BD55475dF240e26CbaF5229F,450
7371257809200108585,0x435f570C23b8Bc6b4D694B266aaEe50a8AB4A6e3,450
175133103669248,0xfA8B1b09754163326570Ec3aa9CE1c7F011c1155,449
6889179114400102969,0xAB71532AE55560B0acC76a8bC1d0c430DE9Ee3aF,449
6500094518700101758,0xa9F9D9086Da7bd911F7b32Edc7939C0aBc2E19fB,449
086597672493056,0:eddf54022f5c44402ec44d10cbe337f85b985ce386e6e292c56d778aa76c56d6,449
0100378966654976,0:8b004db6b7981b91b368763e084269a32eb86765f94a3a7aa43e033d68a47268,449
3108483009323008,0x3c3d43e09276cFB0debC0B1bEb0dD0284118C770,449
6346918904200100726,0xaC6D60053b2DACf3C91466b5a84898f9e6DD3Ae5,448
180408915836928,0xbF47ddEFd72Cf80722E127062275FF1898C46fe9,448
174352155566080,0x8E4A8B7af760082F987E03AC996404CdB3853496,448
168979374350336,0xaCb62E9e98659f5B06007f4E294e14596f963537,448
3106864220512256,null,448
175096439193600,0x61a813f34405777Ab51ED9f55C42e4b02DB9D1Cc,448
172749769146368,0xD83Ce8A4A7fc968189D3b907d604Ea9C1D270C89,447
174333290692608,0xdEa342B8ca6E21d88C4481159D045EC5Db3D1Ad3,447
163900360163328,0xD397a06fA318c02254b9563CFAB65dbcaE28376F,446
175129538670592,0x12F36E0568294521b87aa2d2c0B0895834ca43DB,446
175090526474240,0x670Edd2e18ea42d95317aB1d2d26b5D5f148f469,445
175132592640000,0x22D81Cc82a98eEF50d5a48131cA128e244a7495b,444
175087034150912,0xE423E21fbB21bF6be335500Cdb1C0854696086b6,443
175086556274688,0xe6DD42D5fd2Ed4646F6b472b5441dfB55Ca275be,443
158261478920192,0x20a1a2714a92D6721af36071c0166688B36e0726,443
175090579111936,0x8c55c7C91aBc8C167a10FcBE7c451f64c7518696,443
160645999218688,0xC50270a6668613d55960Af79342975da8556E6e3,443
158312092704768,0x13Af4BC0397c4f5cCDA1DF7E6764E83616CF95A3,443
086476047130624,0:cc51e436ee27f976003f4a77525f8d4ae283631653c11a17f60739d5f9ab7be8,443
175087699988480,0x422aC3d2D62AC9f0F66093dab37dA21aCe4F06D0,442
172010935050240,0xd58Cd8c9d3e9FFF98956a372839bf7A821dAceFE,442
175099874758656,0xed5ceEdCB625897842d4563a74Bfee42f6F72a3A,442
160123893043200,0x8f1Bd346Ab639ff85c7df8181F92aa2b3395F34C,442
172010930847744,0xFfE1f8dE49686C789C822DA55529b694DA6b62Ec,441
158238665867264,0x4831DdB6502ca45dbEEDf58B47292061Cdb6050B,441
158242852663296,0x772419ce248Ad0e395270A7d0385A45313b21C71,441
160656310935552,0x8CaFfADe20CaDcc1824f9B8E58FfA60CA0A44330,441
174907855892480,0xFFa5FE271A3BC40b9D695fed26a44c9204A42cC8,440
175134009667584,0xC7adBC4084Fd05927d57006119e87309E679E899,440
091956150607872,0:d1376931405017c67bc91b40884fe3ab6d7f5a70bcd8d9d1143c1b89ae960439,440
085873434132480,0:852b88f700bf6da0dead445a2a52114006f44e6fdb20a0b98fd21a08f1c639b7,440
086100423884800,0:e61d87acd6a58e67a252df1be629f19e354251146661229a5acba036bd6a3bfb,440
7113372398500104088,0xce873CD413C1a57a43D59153B6C50E3E09f3e385,440
175093406253056,0x837842B449D251abeCd7E98FB8349f944b7212b6,439
6457287724100107992,0x2942c36eB4DfD0DaD4BF49d33897242C3B470761,439
085473470672896,0:d91c1094d16fe08db08b3480db83ab98354b87df1ff06304c46e2d9d026b065c,439
7380039987200108538,0x5568D860e9302A5eC4B004344Bb62Ef596865405,439
175098109599744,0xCe7198a2306DA9c2d154013EFec0b37F55B14D0d,438
172005368262656,0x6afe0C066478e6c5856fF065365d0D458bd341b6,438
175131942727680,0x9Ff5C3288e746E359aaA64d411157bE4EA6e6Ea0,438
180469885952000,0xc75B4ACB53B8D04474F30550C96a11f404Ae7f1f,438
6159234198400107372,0x626626fB661345fc95854E4625b8474FD1bE892D,437
179711572393984,0xB4b9f8F5a5FA3F549013053e5C669Ec0819C3e53,436
158068164616192,0x236C4F1C75833bbb9275a4b8BA97BbbCe1d0fb71,435
173114259177472,0x996Af19261Ae2065b8cBe1Db004E8D87463b5517,435
174949301379072,0xD138A4069F07ed3c0a7f2f9f321e97e27068FBf2,435
082630201835520,0:49d5fc363c4f52b80c49b24415e2913aea4785fb34e651d8e263857d259419f1,434
7518187024300108509,0xE67A2e2d77923527d5D21c88d3cc536fAdbb150D,434
7521612034800107150,0x6038593dC3F897bBd08B407e378aBd990d664b2D,434
086418843217920,0:c9868a049c3f34f12dd264f9497395f8e2eb2fb2afabff5c8ac313da0a09cfbd,434
085958466146304,0:512080a01538aa9b374ef5dc33763458536d810aaab1c5dc04a8644828ca5f8e,434
086070654017536,0:42544c95bc05f0726927839f11af6aedd6dc450d99fdb829295c8137ef42b932,434
087932994715648,0:7b6bcfe1e09fd8c3d82d37dad06bc350c202eceedb1168d463ce8737926f3be7,433
086915019345920,0:37ceec616b9782c7373c3d7c68acc11f9a99c2a8e664a316f7b6478e4a52fc98,433
085783551524864,0:dad2466908f48735a92fae7492715476d4fbc3d5052b8de778386973c56be270,432
1107063884091392,0x2A2fC9bd25F220895FADCb2337FBa9a3f226e392,432
6412879077100109667,0xB4804A3c8Fd76e3930075a9bF5319674eC0B3C6c,431
7380286365500100460,0xFD717Ff190F20b68a149f8f0d2efF233FC9a6D1f,430
172021595910144,0x06Cdd73B7F42c2bC39CD1B39661355C65Af32a34,430
6159234810200108522,0x4cEF9a17C8997B8B8CE5c7D3FB20e2df0902495E,430
6159234485000107915,0x5f9A42ca7b369766d952E312872A5e06ACBa2bDa,430
085598583795712,0:5a7bb38999f1a9ce91cbe68d69e6b389e94ac28512d3a62392b2d88aa086556d,429
7380286315100100451,0x71752843C1cB67aF898eF1B31cE5C84774280364,429
158299209019392,0x8a65776D56B8ad29882Ea51Fb5C84171A2C0D00c,428
082721159655424,0:62097c3d9b23a72e881f5c14c005f4350bc49077cc064ea04fa1528f24b43b2c,428
174936613351424,0x7fB99e78b5F17F8CfF0873874D360105Fc628a24,428
160651350994944,0xE71B36e493008C4205a85c10F520912A1d6C1E51,428
3106693504466944,null,428
172001841016832,0xc0448A77b9A344652332DF0f22E1826DaD496EAE,427
172021585526784,0xd05f9dFc8153a3BBBeb4b174627BC48aFBFB9A94,427
6259040480800107289,0xF272f5B98f188b5DF120916D234E82629b51998D,427
086138607214592,0:d66c71b0438c9d4ae1d36a088104cfd98a00a75db64982ddce66f76263f59f1e,425
7380039987500108539,0x7e97bF5ed18bf9E6cD0afE8c8362b5DB6E466703,425
186528987688960,0xE63e9563aab1888A9D225C0BAd96C9755c88340D,424
1106983167635456,0xe1b774691a4f62D18c15Eac8082E7379f3961a02,424
158218005012480,0x0ce40b6edE5B05424F2694F14C4a7790F616f91b,424
159306905956352,0xc484b5E48F1e5886dd444E6b6A312DFe972e959c,424
085493244100608,0:5631b61a4081f3c93f7742828aa7c57b793256f96f042a8805ab85a5cab18648,423
161556543242240,0xDE87b64D8932A86970ceACec5DeeE07A2F26b9EF,423
3106675686670336,null,423
3114912756801536,null,422
2103823865303040,null,422
3106820327907328,null,422
178257728475136,0x7393fbc185a7fB62EF8a451d3E526bf30575D721,421
158538905169920,0x2BFd54B250d5BDf2dBc141e784A2baF33DbaCde2,421
158553280704512,0xe05fd44CC06b2ccE74D1E432858bE5795e2164Eb,420
1106717734322176,0xDFcA5f47b843fF80bcBA5C50808E5682CaBc7B23,420
085549356318720,0:6b2f8699674f2245d8897ebbde62827ad53dac48df0db7464efcd1b5fbd1a05a,420
158287231315968,0x9E022f2a3BB0bc38D8A535fFeBB1d28337699134,419
160648398594048,0x244EcDe528c9eb8C785773876DA845710a6A5fe9,419
160670551269376,0xa77501A81Dfbd496fb79Db9Fa99298e94646B8C5,418
172021604982784,0xA359395ff673a8513802E1458600EC65313AE880,418
059945610870784,0xF1f8698e92aC936027c2095fb86d9Af4354F616e,417
086450927804416,0xD7dC732DDddA83E882A7faDD61c78e02C1E90512,417
180409074233344,0xfa1866076b69c95D8799848903C5E01458742E57,417
179807839236096,null,417
087400283598848,0:08986b55079e4d7c073611913b27de55730ba71f6df4e99d05d7bb8fd822329b,416
6726464288900108623,0x97ADc1dC31a644399A1bBC9C19F6Af4897ecC3AB,416
163471884214272,0x863db6B4032619617821FF12079caF2832bfF9fd,416
6159236011000100781,0xf68dBe827F9074530B952B698808e84B049a198B,415
160191309053952,0x19D0443fa8b09b3B80fB674F537f8F189DBcb885,414
3107813410852864,null,414
7380783290700104562,0x899d0fBf35510c6236aF763A5031EDFeeF5F5ED6,413
171899408953344,0x07b9F18ae89C164B8be13Dc493AcaDbC7497C4c0,413
086561233432576,0:1b0ae343accf112349f0ef978e0e3259c7e2eabc0a0fe679a334e64683979d1a,413
160887048867840,0x9856170861f1d68FFef800721cC85Ba0a7043DC2,413
6456681088200105173,0x4b996bEdDd665EE3343B4af9Ed683bA1A87dbC94,412
7379073050900100016,0x296DE9ab11F64CD05C6131F2724FFFF489656fb5,412
1120174332211200,0x973F713ec69d6dF5DF4391444E53794EbE9b7d63,411
6411565038200104145,0x4Ab66E6A78B47B2F7319e94FbC66fccEF08BCB15,411
159777454575616,0xE640AB8669E86288Ca08f20DEe8A9Bf346f81e79,411
3110531702095872,null,411
158436747304960,0x272db67eAA460C6F1CE42a1713d4C52579931Aa8,410
158187279122432,0x12849dF812BC5D5f759E69Dd615576F45c141814,409
158174765436928,0x447b8E91Cefea068E372ACEFF0Cac653F8F03523,409
6457261903600107953,0xe199B777d5A55d6f82F233CBd0588659f8Aa2edc,409
174955247501312,0x8bD672856ff87691b074d4c5Ad0C2C4F17755536,409
6159234772200108452,0xbf87eBdFE4B807CdBB59833ef502E2afe4D75015,409
6159234142000107262,0xbA86b4091f8A177F1b5c19468092097e833f1651,407
172015586471936,0xf53f3B7c2b29cA182473C34a9B793ea896d0e35c,407
180469953765376,0x9aC8B6dAcB521380D8D6Cb8d16c6D6b4A42650dC,407
163900355260416,0x3b491317B7B677d78bD995D6B95571ca917A53B4,407
180457683828736,0x08332bfDf1703a37Eea7256d80D185eAB8391707,407
085900635815936,0:a4c49078ff4ff6cff643d3752fdaf0547a16bc984e7db639a8c5d15ccb40381b,407
3107529281941504,null,407
3106846444711936,null,406
1107030350036992,0x05dd29401bb5394BA2437531c92195140fd7b4c1,405
6445983784600104383,0x15868175D224A30472241c7722ED5682Ee871649,405
290605349953536,0:17d659d2efca5869abb01144b254ae11e6d43c063175aef1c3d3429ae7b511c0,405
085418729222144,0:035db94a1dd85858af6d4f9d16fd150bd6b325c34c71895cdf5e71ad4251cc7b,404
158385723695104,0x83109d528aB3e2efD9B1cBb3c9a2F37988069c4d,404
6159235199800109251,0:781e1bc34f8eab10d2ad1231b8b48738f68912c5a6257f5a4664e06f6880d487,403
158221671362560,0xAD7c0D17B856FD6A3eA7863ac73421972C8A06b3,403
163926747332608,0x69bFA0A49396Ec7cf0c02F47DECe172a3cFdcBdd,403
174372185567232,0x6899D30932Ed5c03952bDD6f67f239076300D2a8,403
172010932379648,0x5B34331Fc84875A838CFeD5700B5D3984C924bAD,402
085947566227456,0:447a561ef88c71b00a53a5c3bf3ef657132e7dcf83337e5095af25d82a0ec163,401
7379267277900101449,0xfDe6Bc4B203329b5097c8327bCc3CF5C41af2D14,401
7380783288100104556,0x11a6c316bC9DE74D0D880C3767929c3578665eA6,400
3108423775522816,null,400
7380783288700104559,0x821593620464b20Af2707A308f199E61d37D213F,400
1106711138430976,null,400
1106717753110528,0xE6A49A85Aa1Fd08B325358FE4a520b47a12C132B,400
2121180621840384,null,399
160666293506048,0x156042C4619762c03C7b1B77146F523C948D8ccc,399
158260907556864,0:4b72dde05e198706fecc290225a6a0e17aa572a9a0fa46f8df4d5781450ca98f,399
160892835045376,0x6CE896fF3004F9323deA57E87DB26eb6487380CF,398
159777705263104,0xC1dD4c7959dAE9f40e50c0F61028D3F5A650f244,397
161550671699968,0x7a55674417C331cD8065aE5c82D245C3069D8B04,397
091914113331200,0:f69eb3dea6e03fbab5aa4cb1c1e99c65b8002830c00a82dab776ea644632bc6b,395
0106764286300160,0:ee07ef7eaa68c301502848d966928aa382e8fcb4e8090474f21b31cc10abedff,395
172001853284352,0x25Ab9b03B84AF77ef816c8E21A7cA3319e6cfc71,394
3107332421636096,null,394
159819674382336,0xd3cb1C7e4F64B75868Df7a3F64F729ba830fF375,393
174817610534912,0x4e33cA51CE3C7A876790ae15DBF4248f01ECA556,393
1106717899255808,0xB1924D7fd82f9F5540B86bb4390dC2801cA78b2D,393
087296396255232,0:d7a2829855664c2a6abb578a01ca330d3c721e1774ee49f7fa8ff3a6ce47b7b1,393
3106695316594688,null,393
3108282274148352,null,392
159654672957440,0x1A423cBe9F8dE8c23cA807A36a312bD5A5eac145,392
086467393847296,0:41d80a10cb3517c9518d4184b45a140091db851023a3155d200a729bbe1213b7,392
6474555435300102784,0xFd2e4836Ceb3410bE997Ab566dFd49D18E1bd782,391
157966781816832,0xE6F2BC01Afb90B56872D2B839cdBFAC966c5A644,391
159497051840512,0xa058A9b4ca5163Bdb8BBB45d82E3DD11Fa676c48,391
086888062377984,0:20004efc4efd8f024e9658a997911b8bcfeb2cf999f5b9a4120be1994613c8e8,390
086252224577536,0:6074c88dba09f97f73cd85a6541b84aff74ce8e1e91508c5f04adfa63723292d,390
174943468507136,0x8B6Cd8a3ad8116350859F76f0Ac91c423265445E,390
6457321252500108171,0x413Eb0c96Efa26aAcf4c78FDf495e1cb455037eb,390
172766409482240,0x330F235225844ddD2A00cD15A5Ee59337f18e03b,390
1106717901053952,0xd1E17a4bb13026c4f3847984d81eD90dE2Ed0196,389
159204887056384,0:d9e7cb400321f79bbb3a83b340502e5d49dd05e69ac34d636f9e0ffbbefc6c0a,389
3106933629775872,null,388
158162585276416,0xdB9863b7E79cE22a57DedEf6A185b5BEAC2F6d45,387
3108468336533504,0x7Ed24947a12830eEfAe0ef5C01C35f5a84618a6B,387
7380783996100104571,0x74cF04b2d072572ba0e92dfDf8b6f4510b4D801e,387
2103578225856512,null,387
085805912158208,0:6669026f8dc69887c0de0e266c763b2cc75e698820a2e14bfae5e9b7ecd2a4dd,387
6159234083400107156,0x2ff673a287a816fC4089CC51933f32E8C16fd416,387
6159235248500109339,0xB5BEaa46A022e84ED944E44124b59bA5BE2090A5,387
158155923320832,0x65336797FA1eF0df3D4aABaFE63A14Ef68bCE8cD,387
085465214251008,0:b5a864e11fdec913254a203ae10253f30915633972bd758c72d1f7dc3b2f2e81,386
086843436404736,0:1ea6a52e7a80bb94a6c41c7ec03faab5bd01252df3a83e671151288d2080ddae,386
087754539061248,0:84924a47705aeac2d07739aabf12fe85086d8b1e1a000dc384cfbbca20857bfb,385
085830890479616,0:d4f82d4a97068dfaa6a4e59a1d63726da1cdb12d3a6fd2a398e17b51f3e2f719,385
160894519238656,0x2c974515dF43Faff4DF304D2e05448f10c83F02F,385
160259846094848,0xac7A20361e645E008e276e158A7be00fb93842D3,385
160034810363904,0x32a52b20CD9c8B134183Cf2397DeE4120E277693,385
174818760945664,0x84421F09FB2BccE0Df385A0471f463a3D1cCB167,384
6385611545400108557,null,383
085768445607936,0:81b87834337bc4155ead1e19f8696b5c2336e5a32de467216cfc29c436264753,383
3106758451519488,0x1E8cd608e37fbfedE9721fF1B94Bd5E5b149c911,383
3116256264560640,null,382
174818735198208,0x8681C0e39E03125FBa3f0eA99d65054834715232,382
3106726774550528,null,381
082195413942272,0:676302aacb9bf5500e5cf6594d5bf686b03dae933205d3e061871b5d5f465566,380
6354348209500107287,0x666c76014e5EFA43C4741ABb017CB174a9C1D6C6,380
090836492980224,0:d3a2268b8b623a3b630cba517de9f3f42e3ba3fd34e7a07f22bd3688787ad943,380
7380286309600100447,0x6D018E75BB5780De890040615F39f4Ed5a3baa12,380
6159235205900109262,0xd3F33DaBB93178018dD33F682EC6728c2e6f6096,380
3106826205315072,null,380
3107223061413888,null,379
159620812599296,0:e2016c1729846186f525457bea5b93bbacf247efbed44ef98fe6ebe23cb72543,379
086895819919360,0:d64fbcd1568cb79cb3f50d6e908a235b1e0c826c9e419b2df2f0103a403dd422,379
3111384431353856,0x13a2b880Cd36751B91A104E9F5eC909A9173271C,378
6159235491500109799,0xa1Ed492d51E0f976f75D36a17D6585cF151b76C1,378
086981199683584,0:b8876da9d316609386ac0e092ff5dc6c38ec368062f26a8ef38dfffbb2f04880,378
158203018801152,0xDaF4E5c31C760c981A2bA126A532F22bd7996EE7,377
6159235174500109203,0x2ba52be170872e603CAeF416543ccF32Bf5106ED,377
185612186017792,0x0fCFDf6cDfE9D284F787E2023EFFa25170D5C3a1,376
160895989125120,0x74CdE096627ed53106be704af9E8233c2747796F,376
157963336937472,0x4A691f3C3625497688b9A8188FcA1bAc84C54552,376
3106819160993792,null,375
6415595689000104003,0xc1bD9247599A50a2752DbBC7D11e68fA5f31BBFb,375
180472075943936,0xFcA497eA2E78fF1CdDA03277Fde9a8a05Ee117fA,375
6415798742600105500,0xE3366e9AcAC8c86eb5573010437855b39CB98990,374
174817653334016,0xF1b75Ad2cd18b697b0CDdd3099CA81CbCcF78E45,374
158684336013312,0xC89eA01B439BbF47eD4898418fA1b410CE4ce365,374
174818483068928,0x664D8aD651A52c5E95D5C7937BfedcFFf437C404,374
158197207244800,0x6CDdd453D752D53475E6e052261026e394D2Af81,374
087695730933760,0:077ef371f9dcc59b70542f08e0ce8a94132949012302b203665b046f342c6e7c,373
160889175658496,0xf15EbF6AaE46Bc569687872590A980403f6A789C,373
174817666043904,0x858d3257ABB022A911BEd5854e337829168c37Ee,373
096814904045568,0:3654c42f76ac68a6a86e83abb51c5423594a9d052e95b584855f8eeec14a665a,373
158286099632128,0x22E6E9f86aa05fc87Ff26dB88D99688b78aAC5c3,372
159742669418496,0xf3B6B0bd6d014E9b3a11e2ca7D185D034d20e05F,372
296432961224704,0:8a20df998d90f2c1b9a5e0fc0046b3727eddabf9e6eaa2ca3d1ed3d1a6826f5f,372
085972103979008,0:a8bffc4727a432749e3deb6c4ef3eeefa43299ca2dc62e7d5fcdc6b52f8d2ed1,371
7108825657200107970,0xb638356ba191062fBf6E97d742b2c095223bBe29,371
079971446390784,0x3481B9b1C805CFFA6a7f5e737C43fFE36dBFE8a1,371
158127456559104,0x8745842AED3D2D28c71c228F59D1De50F8E4bfDe,371
159007080538112,0x2D3daF1fcDf81A04f64b40f11Ea71736e65E8b56,370
6429273098300108258,0x0e3412C744c782EFb5814A24d1cA21867a81A6dC,370
085800817762304,0:072de800b148a0f25c3c5f5a33177a057589bfe0e284ee669a85b32067fabb5b,370
085735613046784,0:4c32f25d81d9cdf69e59fe76a21a004fdc42752e45ccc7bd181ce7ca88cc1594,370
174817805094912,0xAa60704A5c79b9d78d842eecc9F4B74c9F34F5CC,370
2114640114405376,null,369
086892876070912,0:544438806803e6d4cfdfc57f73b5939a0d829a74c8627fcbc839c43cec06c261,369
291594485977088,null,369
158289719709696,0x4DE518BC382cc0399507a433Eb0f0cEF208426D4,369
086038857371648,0:e76abdbe33105a90adb9ee0854d75d6d3c595682b1d27d4780c50e1b476b80e0,369
085425094590464,0:90d4519299e168262553609c883773ada4f1cc54a765ee02acc9e7c551b0c929,368
292155376197632,0:d4d1710adf02ea8098d0c77d1556d18e08b6d55a28778746e6dd185bb1ebbc7a,367
174817610309632,0xFB17900054713E19181798F082Ea3713744376E3,367
085597536026624,0:109cf67556367713f1104bd9fec0cce1c1f3dd76ae0625c5c3ae5178c23b61ce,367
086164440866816,0:1ddd4f180f5ebe7737791fc4609f65499d38ea5b64e6e5722873665baf5a2ce9,366
3122004391010304,0x157242FD3a5135106341Da441CF506a5855EFF9D,366
174817610506240,0xdB9cfCa11b2C2339d936fdaD47ecf060f048Df64,366
6397586446300101368,0xc3e80aAf1Dc98947ef575A96721EdB92301d1DF8,366
174817660723200,0x344c199f881cEB99Ac9b5a51A9ee931C86236758,365
174817808490496,0x273566e7dB99186933b1eE1AB8C28deDF9064b5b,365
092454232264704,0:74275cd92269abac3343b40c9657ab3bdf6183c652613184d6791275e044ee97,365
174379760435200,0x709C020E329A8AA4B7E10a2A33Bf25aaA7CfB095,365
3107346835214336,0xEc79140087949D8EC55799A730A863137D50b42b,365
086100204572672,0:5cb1f23ec98a2bd1d9389baf0e5c865f0f73656525b1cf75020e38d9124632f5,365
174817617518592,0x8cC82610e898BA1F58C908BF2482E85f49F96b67,365
6159235752300100291,0xB0B151ba6bD4267Dc932261f6f1A6a99D722BBb6,364
158168087392256,0xCc87CaD0b34692DBC8225c0Fa2259CA797608519,364
158179248881664,0x5B826A598617AEf6f8fFC455CE07A1Bb1c167C69,364
174817641029632,0xFA7148b0664f42Da2F224A8dadcFa3e555A9D3B6,364
3107412814708736,0xD9A5B8c4428DB19C54611504c021f11204140Db9,363
172015567409152,0xAB91Cc4A4bDa73D207E2853810D3dcB0604cd095,363
7486779657400103650,0x265D00ACCb9Cfc7bE8657d8c9FECEB17965AF8F0,362
6159235355000109543,0xf1C9775A71d3Ad07475C4CcC4D877C6aa47f0f18,362
160900753805312,0xD9822081237C6f2e9941feA56F829e95142cA67c,362
158254373670912,null,361
1100849053888512,null,361
158272880259072,null,361
158746990575616,0xACDBC455337C5c61aA43051AE908D0025aCADA78,360
085690300665856,0x0Bf60AB0483ad576f7a3579294a500c5e910181a,360
6447289305700101410,0x9bd5e5A587843BdB6003532d3f5F9d08befac177,360
3115473904480256,null,360
172005365772288,0x7F9bf8C55a45AE73A07e3AA9917B87a6EEE8DC78,360
6457363513600108349,0x4B5CDA6Aa31F2523ebfa431c6E46b1eD817570A9,359
174818424410112,0xFB923e4d7f302d7E178D2bF32F0C557EA784a9EF,359
3106687682613248,0:e8f955be34bd71c790cbab6cfe03934feeaac760c512546b731051ff00b82bf7,359
174817669300224,0x124C7e18Ba7Ae20B832C676EF2B040a08a949934,359
6440524051200102968,0xf106A855450c7458Dce2b9aA4E354f187889f2E9,358
3106984902852608,0x4E7Cc716AB03C11db30Afc1E57589474527e7a96,358
087592893018112,0:45e15a41816aa6de44d1441563f9d62d6d4593732ea312fa95e2574aa93286c2,358
085454862741504,0:b9cce29a845770e262da5b31da76cb821fcda5692f28a119a876f18327dcc9c7,357
158278618083328,0xF30C7c7935A4eD7F764C1D14EF10e4Ab9D8A1B87,357
158293370503168,0x02912B26DE1BcC45E1315fCF155524Ce55C1bFb1,357
174817613697024,0xbb1eA93983662FA24260038d002b8e0fD1D946cC,357
174817615929344,0x1a220F0bc1f4a024e84918e6556e50d8EcbDe312,357
160902309744640,0xF1226D852084604D7bD0d9C135339CA689E1929f,356
086653066989568,0:a368b6ea4e10c687006540c669491ad22841065d1e945313b2949574758fd4b8,356
157898483105792,0x1AB8181993904a83c70c4452DdD46D1a645626Fe,356
158218583531520,0x53ff64432BE9d6e5BD3BFBb85908a873Ed29C2d6,356
3121641450491904,0x41C9084166359F94C56F0dDC12edE9F28B905163,356
089019243741184,0:927898c2626453ee213a8051cbda1e7e15dc0b047d595120123fea6f71a1178a,356
175975154073600,0x210B017e324D663225F3930ce6Ef64E32eC332ca,355
3107447410491392,0xC0283503E61F7d34c8363d349227Ff1fb42066e7,355
158387782344704,0x2bbDDe867584e47D842D4C650F19daf7F0C2dd77,354
180471940128768,0x7684e054189a842B2937d65992e8b400eF356401,354
158173417607168,0x4f3e1a1919101ba8Bb503364dD2f23a8E33046A6,353
158919121436672,0x35f4AF38564DC901A1A5781E97dBD9bA2b747623,353
174817705205760,0x240a1706faaAe6F6cfD58468c244f1972003E61B,352
174817676935168,0xBF6C809c1d1B43c8F60E19fBD42f491Acbb07C8e,352
1107030213087232,0xAecb01d3cB5DEf80f916F725B27Eb30917Da53FA,351
158350883520512,0x66bb44186A61182fa1c005bDfD12B258bB315216,351
3106829346738176,null,350
6159234760400108431,0x2d9857a2285DB39cF7cC4f62295A151d5B29E2D4,350
6865382002000108911,0x347b2B8C61b6690C51abf9Ab52626A2514958516,349
6424109380600101302,0xE663DF48181E4300e22eefFCb522F53c53CD77C9,348
158219859779584,0x35aca3BE7651023AB4060feaa328613d24487DeE,348
3106853682880512,0:da02a006ca939999f92840bff3e7f535041838c02be154ee996aae77c422790d,348
7380039987100108537,0x36EBBa9dB17a6Fc5f3Dd28e39CCE1D0Ee9480807,348
086912435912704,0:e4f3f00f36d44a19e7001884a4dc536e0f4e752399d3c38a1fb474aa20bb8bb2,348
163471882403840,0xD912C535257CE3595cFf461f0BdBE93E0BEA5342,347
159089782161408,0x1230827b2297183dfb62CE66a90B44d2DEd6C5e4,347
6156810861700102318,0xfA5D45D88d02E30cCc9DE3Fcebcd8Aa74aDaa7bC,347
086472007925760,0:c497863f533f4fd72babba6e37bda54343b76eb2c4cee7128857f0acc80b91d5,346
087386082840576,0:341f01a28c8f0b14431a6fc5cf3e0bf2ed974e95b78e6705022981cab578f0a4,345
169419516940288,0x96d6f5Fe9a8619f61f579509da3DE084aEf96272,345
180472037117952,0x90A686B043e6d3e11eadA6C84590A58dE5B0fCc7,344
1100774230978560,null,344
160281949405184,0xD21812Ee3A690604DbCF3fdD251694E7182F13e9,344
180471381704704,0xa8b4ddA7E5CE55f2dB6C3FE5E4016fF1B0A852DF,344
3107064140632064,null,342
7380286360200100456,0xE78aD4D8144bdacaF417dcd2f62FA6D0930c9D0D,342
086234716413952,0:535c7310a4d28b70bddb3e01c95f2062ced9bb1130b8a123e5dc183fff18b864,342
3112608255627264,null,342
162073148407808,0x715b1300554171A720C648fFeCc1FA83CaE97C75,341
7202039765300105913,0x0e81aa31c233231829B9d920102b9627BE9eD156,341
3108871776550912,null,341
160970698321920,0x96381b016603f325266a0cACC5c06fC9A9452e7f,341
094040638717952,0:0de2af313aebd77bc3758ecf485cd22114a501bf4015f155ecc6451de502147a,341
059334450786304,0:67256b2af6e1cba3e9bf5cc8fd00fa6fab4612d35512ec2b992f1a3c8c3d9b2c,341
158219312009216,0x7B5225D59F3f889BE92c70153ee5DEFe6C49c6B1,341
157949167525888,0xB1334A39E016b43eFC3c25f3524D86D3760e17F5,340
170228593553408,0xa2B6E4B5A33462575556bE642B3A9759d916f551,340
168224808017920,null,340
3106740034871296,null,340
158295247863808,null,339
158161196732416,0xA389D8F6d8cA5b594f7A6987c10Be28541E81169,339
1107030251728896,0x26590b3aE8220675ECbeB37fC835487058217649,338
174817615613952,0x54F3b3628D6104Bb09Ce5bcBE3408FE8173fCCae,338
3106683537936384,null,337
6159235804800100392,null,337
6159235004600108889,0xcdf7F299fa572B872433b95f90998c13cF13E09E,337
6159235559200109926,0xc7ba90Ce97eDc362CB37e9437DE0A1051ed22B37,337
085371719766016,0:ae37ddf203f22749616e7301ef5e4e93d2dbfc38dd33617ee94416a3015d80ce,337
3106710153895936,0:5e8f7b2d4382c1c2a21ee02e79066108c7003ce8b78c738af7bc17e150336b9d,337
6517737358600105185,0xaf3049b45D8563Acf65936FAc061fcbc8f4f16DE,337
158517768232960,0xB04CF07F97D87B45124172BcC567067489D05d32,337
3106840800210944,0xD488b01bF5183e4Fa723c31FDaf4a9251A1C5E12,337
1107030305529856,0xD6dC68F44b81644066ffF20AF5AAc102f34B0B7c,336
157988140781568,0xFb1f7BDf88a1841e4e4878c9dd6c9C095055635d,336
1107008480739328,0xCA06C6543501BCc5F2Cf6b8cFFD448de5e160503,336
7202039563300105892,0xb789656c79920328867A97d8A8B20F2d002DD6A9,336
158622683668480,0x6220068def37Df044497b0F2385B06fE00354b76,335
086939176562688,0:dcf19cc482b6c4fd76ef2724b275def411c538a735379dfeefc434998f5dd138,335
085427542159360,0:da8896a97542ce1bf383be23e31175889369993ef6e1aea15291390471e47d7d,335
085536771354624,0:810deb8b36f4b478caa6ddce0a5d2a284a3724024c504668d2a4b6028f538e12,334
7202042578200105977,0xB2F619804C4130C48191678Cd840eDEd03EACb98,334
085814072737792,0:0d6fb742ce8d629fc8b737d7359e1623e67f2dac51873445302b243dc5f59e2c,334
6742516409000108704,0xe84f4014cE8258bc5a66BdA7BB0F64b7210164c6,334
6159235361000109554,0xC6513d531E08a21C58e3637F1Ff036C27b102595,334
163919904632832,0x627F91D97F08A704a2bC5a186C51A31fAf0202b2,333
7202039541900105882,0x8d437F44cc5638Dbcf979881c1083AE8F5AF82EE,333
167888180363264,0xe0C90318AA2597cbD42CeD9Ed76025f49474A3E2,333
3107378219606016,null,332
6932444679700107445,0x2EbE79e1f5a60f3c6Bb66A660188e38025B222C9,332
160644307259392,0x1D20Fa11AB29Ec3D9B6c51414397fC9587Ce9d14,332
162501552504832,0x6b5A639861ED8Ec959598d613a7DE766DEA7Dd2B,332
3106714665230336,null,331
162054999601152,0x27D459cC898d1dD6081dBd1617383719406b19Cf,331
6159235780400100345,0xAe53ED28588DD9Bc3988dC9F8ab7847fcE33fF8C,331
085861500727296,0:29b084033537f5ca4b61fb6fad680b2ff786b9270323140245c7e149241afe75,331
3107047265153024,null,331
159010844508160,0x8f4714060188f4b878739F72228F5d7451F18589,330
164316286480384,0xe1757Dc64208Dc5F143BCD1625166D44DbC7DE85,330
085359027503104,0:29fae3bcb51d9c5604a01f31386535bc850f5b5342161d18cb07a3c9cbb3cec7,330
3106961023623168,null,329
094073891651584,0:8c035fe31dc529574dbb74c122ab16819c707403cb6ec3cbd0e018dc93f80af2,329
174825673584640,0xBEAa9935D63C894F445516E6F2E01D67ab9EFEF9,328
086995075809280,0:7c376747c735aec6a8acf14b51cc36701e8fed097b057590c524d74c8388e473,328
0121725085769728,0:5ac26123c3c161026ab3619d1e94b59d4f8cd4d9d9eae0abe76faeb7279415b8,328
158058712903680,0xAe518e71671bC0dd1F59b13019496eeD23da23CB,328
6159235688400100169,0x36e16Ac37912655b5890Ea5Df1092Fe26516F41C,328
096270758424576,0:39a7a913d32889832b663026119279eff22c1ab5a1e56767ca407f92ee3a05c6,327
172015586451456,0x5f7757eD173E9b63763AF8357214a5Fd1eE392A5,327
3118778932428800,null,326
085415077310464,0:39a173e33ce1332cd7fb2b69ac00f2877d2c3fbf402175577076255c381da4ba,326
164942860083200,0x97F65008F8f046e7FD1ea24A2EdB9234FA451eB7,325
6159234115400107215,null,325
1107030373519360,0xF12848C2Ef733EfB9ae3D8ba18e2a1D75f443933,325
292639223222272,0:0aa78b31e8df7a950f3c3eeed5f6d087a60c386692b0de67883e1a0c06c9a2d1,324
3107508186927104,0xF60aAA556c3a44FE9E5afA07de7D7A00D7E59396,324
087140697411584,0:10825aed0e3c9305984f4fd7ded784f0cb1ae0078a3c7a0054f95f4939782320,324
6159234192900107362,0x4F91A8Aa143B65c235d9B6e5D78Be8a6e8d73792,324
290362483576832,null,323
7202042755900105988,0x75d1676A1edB2eBD6571d1e9a77B5B65F55537C6,323
3117708633698304,0xb42Df83588895e9A278fc0c8D88fea2440ce266c,323
3106688685649920,null,323
085944022409216,0:8e8e52d11f2283a39f790515c1380f115b99814b4eb6bf389d4496ab143ee712,323
6159235577000109960,0xFb6EFfd4528d7e03cC5c53880C15A7bb0C24f1f9,323
7202039744000105908,0xb3Fe26e54af910b0D4021A31E8787cd239A239e1,323
7202042628100105982,0xb3F0d1Ce4316a7FBBBc3dea16878823996C42D73,322
3109393192177664,0x1E8b8d95f14E0F91A49Fa4db0e8006405f498F00,322
7202039698100105902,0x1833D83872F10f7c9a903e1939b04fA509571384,322
7202039520000105877,0xc1951B357CC56d447F51207ce8ce6F882A6c1539,322
7202039544100105885,0x5B4E2Ca7Dc0D01e12B7B948aBf1603e7686c5226,322
085416505458688,0:8bfb3a0a7829bbe343418cb72368884efb3fb5fc423a2b11aaffccb1adc5641a,322
7338317640300100032,0x116F862D2E559c2d09FB7ce7181a4a8fce416625,322
0111566297071616,0:09d6dba913a443888c3944d32906653a78ec606c24ebb92cc8f9d37a76daa5f2,321
172183615664128,0xB9166a59e7a450744Da23cF6c3E3E77095B472F5,321
166730333061120,0xEEA41E3Be27d436ff00247a5dDF7BA8964065D10,321
3106682423033856,null,321
1106712935460864,null,320
3106681205153792,null,320
6456963739400106695,0xc1c895ba3B2a2af8bf1FfCd4236CC3d3aE661Ffd,320
3106759789162496,null,319
158020544028672,0x3540D804e6124757A49B805E944B48d14cb78B74,319
158214850015232,0xF61c0f659203B791b170c675B7F2dbcF89072a14,319
6414595650100108352,0x39858C74F62fd8AAf486e5F6a6FDE2b50fEd1f44,319
162073150275584,0x305039930Faa5277C3F6781FA74098c5D0adB7E4,318
160684492345344,0x13DEe68736daA27f6385316E0c0f98489fd7f536,318
160285880643584,0xF7a04190113BDb13d30799E2aEEcED0639AfAdea,318
174826132054016,0x022Db5293077C97a5e780e73221a7bc892b27D9e,318
159739590320128,null,317
6159235401000109631,0x48b18Dd111F2438d14af9f2a1a318279F87C16aF,317
6159235786400100356,0xfb666C9989Fe3FC40B8549b6C69227ceb2B444BC,317
159116071743488,0xE57a97AC2966E4Dc0016Fce50e93BC1b9Daf56b8,316
6403433071600108671,0xa9D4950F663B1E0D5929132b160c2107Ec4E85b9,315
2108085236752384,null,315
161983328182272,0x3bd24184b4169031e0Ae522b5B529A4Ef68e1dB0,315
082657470214144,0:57f0db1002fbb6bf17a89c4e0bfde572fe82c2ea5eed2df0969bc044fb9c4b12,315
2107353543606272,null,315
6345883648800104918,0x87d1E3A9DC1dc81C842a5bCBB7d37bba6d159256,315
158043875364864,0x909ae79840dC26EB273eCc90d653D7FCa561e809,315
6312083058000109876,0xc6C941F36281571642339c1cCFAC8FF111F69AA6,314
3108134449065984,0xeD1Ebd41C7fb06F571d4334Fa81D21C15C947Ec8,314
162055001935872,0xEEdEDA8C8388274407DE2a207cCa509cb349554E,314
1108393150480384,0x2F361C2c07DC895e0dFc1e2e3E84C690b4189d0C,314
085777614876672,0:3410c9215fb4e838123b7a7297a587e9d0ff4b6f5ad2e1fb00831ef713df4bca,314
085523021897728,0:5392398b9bdc1cade5530dff5c8a34c2bc9fdcf2c4c054f14d87ce24903bdbd1,314
168859743047680,0xb6B59c516EA76a22F1cF2Cf53c29Be96a750DE2b,313
086677535158272,0:20e74823db50c9de495945136bf27a8b6d5dcf2d8b5f39d7eeae0bfa33807425,313
180471997128704,0x7c2FF60A1081089d298273DF53A4A8aF9da41278,313
174825675485184,0x4E6601706489321Fd8c443fC0d062844047FF2A4,313
180471103311872,0xBa235C0f77d8bFB2d4f44652DbcC90Ec5f8094F8,313
180472114585600,0x7A2F15C564713Eb3b3fE36B85b98A09a67D04C33,313
180471996481536,0xE8e55Fcb55DCA5B7a8b1c241E5815951f4750709,313
180472075816960,0x7AA612e09fc71FD88972691A35a57eEF91b8d231,313
3107231818678272,null,312
169847577104384,0x6a0E0027aBAb0C982c388d453763aeE823f75259,312
158075272278016,0xa8dFCd1364e513EC841CD6C0df8bedEC2932368F,312
088033018314752,0:616ec967d12099225439ff824348dcc92cd9651acf1192b05e9b835a575f6b69,312
7202039587900105897,0xcD9Bb4CBc8b0c0B62A245B8cAA0D26c1dAD2D643,312
3108397162467328,null,312
162029843861504,0xa15D583C1dEF456792bdc493888f237eDd25c0bB,312
166730466435072,0xaab0c287fe95Ef7845d2b88518E566f195723ce3,312
169844076859392,0x0E17e15f5D674e2e3d3D680D7a843cA5363Ab3D7,311
6159235719000100228,0x21d0E766fD231c95C8d9C747813740dB83e186CA,311
172005365452800,0x767a921Dc19ff1fBB343AE4fB8c70fc78a83e5a3,311
095629637107712,0:467846deb54f1449c33bf4ca42972bdad113e28ba054f2bc7dc8f4cc72372f56,311
7202039729800105907,0x0e89f4E33F2201A303ff362039671E3A62B64033,311
160672256999424,0x2f2E85319c54B3304b129F9f3EaB541e11176956,311
6476825580900101337,0xF1a375937B6D79dcCB36C37404aC7a279aB1bBbf,311
290780253765632,0:72895654172716d79315ed18a71c347fd025cee8c461c98152f8f9c82437e795,311
086375859400704,0:49ff21581512e91a5424e6266ac5c67730a2568f0c119b3fd997564240154f48,311
3119495515332608,0xd93F65A4171e83B9d15f5f28ee3ffD5bf5144eBC,311
164553945616384,0xf86e0CD47CC5f8f521e8C8c4229A3Ee0483032Dc,311
3110316036063232,null,310
159077424447488,0xf3362f09366c9b913023f355D40A5c66B50E1815,310
162014067503104,0x0b5591e9767090ac3FD0C53ee9A0017f47C9a451,310
162745983037440,0x3f9f06cd954C007ABFd6251B1ceDE87Cd297a93c,310
086476819828736,0:72f10953705f61809d7560f3a4f058c3c056c55ff311506d32fc3d0ea027a1c0,310
085793277411328,0:31c42049f561145a38b7e902d46cfd24d88400b4e6a30cd0f0c949351a304488,310
085825995878400,0:2c47eeab994a621fc4e7854830d46affefca1b13ad23b72a106318464f58d73e,309
3107026172387328,0:ee1e41f58591bf415e2fb1bfd111f74c5eab8627c88d90a438de289a79f6771a,309
158266147639296,0xccD9f7526CDD23ee4fCFa7DAC6D156f7056283da,308
091195353915392,0:fc5bff7daf0164a220692fc911603443b000a328affc4245448513848e45fbb1,308
167519175831552,0xd40452042ead7E51428985cDb2F1449Cdcc022eD,308
6269197553300106970,0x86e7b0b09B3Cf3b90F7E4712eDA2137eAC44aC5c,308
085577594036224,0:dccd1e05f134a72b0ba61a0b713d3a5d408b9ce79268a06f5522491b9486f047,307
085425226158080,0:05bdec4a60c270d3c0044c05d4edf3b26ede37a11fd2ea8a83b7b603c7f79332,307
160247648555008,null,306
159777944346624,0x54E1d8d1B194fC50F0d2635675BB7f9C35933843,306
3107033531977728,null,305
156949950025728,0xE9888a31a1951a6081a8689f1e62A4999354522a,305
174825681928192,0x0988364ae1e267A56dEC6e54859662aD2F191D2e,304
6156810835200102274,0xd2F8A90a493CF3304Ed632b8147eCe95F1792baE,304
3107435824877568,0:c9ee1611b5daeb971f71cbe075d0104f836041ac6675d0b76d8578b9828cc45d,304
3107573816905728,null,303
160400285597696,0x1e5EC36F919D09CA5C4173CF76841F82bbcda34B,303
085837874253824,0:070ee4cb15bc1eaa7eb412931559673a5135583504c41bee40c22194e79fd9bd,303
174825682882560,0xaC28AD3E5EC7791438415d3CCbaa4Ce7c9e52B98,302
180471225516032,0x34eeE84B77ffdab522b727FfbFaF7a88ce20dC67,302
180471978901504,0x68074FEcfcF84193fAA27E318E025109217DD33c,302
162673130917888,0xC7024374ef059f752F502b169892c3aDC44Fac0E,302
158154042814464,0x4efa8FF0de647c1Eb8A62F990Bf039f084E04bbf,302
180472067293184,0x249dcD6e3191FdF4c2FEffc33Ed942c43284404B,302
180471998926848,0x759caeE1d40133ae331FBf5CB9BF5fC6E04194e5,302
3107623911464960,null,301
088576366567424,0:28aa568f2ba7309131376957eb26024a4b88e62b6482c4bb41453dad067787dd,301
290225349419008,0:038be4037b20ee8e9b81d480cbfd527bc092ebc13516488b89421518ae451aaf,301
166730532020224,0x25f14743d36B1aEA1D7D5D3782665Ef12B344c83,301
158356508123136,0x942E89Ad4497D79C311310C0967aB3137827B0e8,301
6944451163200100291,0x6BB2cb9e711f61cd8Aa6E923782b399A97FcdE60,300
6159234679900108283,0x20b1522a0231CCe73596865D06d708e5507Ad2B0,300
091383078924288,0:4253a4b38b120e27bb919ebcebce71503fbcc2b24f88f78d16354287357bce78,300
174825936125952,0x167090e3d0F4E058421cdcfc7691b0Fb21aBb190,300
089526967697408,0:7655d56efe3ca03ae32c607b04b59439e92fa91366477643865133f02d884a21,300
085409289199616,0:acef49a2faddc9e4d04cc76b1ba9f56b01047eb523524cde303f8eb2ed0ba113,300
163775216918528,0xF4bf1a77063D493AEee7e09BbCf8a2a2f2eedC51,299
086224825159680,0:c538a308a8ae4838044b67f9eab2d41c2520010558f2c837b387fe24402569c5,299
160291011837952,0x92D0b4434bb29bfCCC80E4d16cA96d19A3f50964,299
6287406029000100054,0xB8CDcdCCb89f6ae34998208D436FB315eE178824,299
085573323616256,0:64f01a680f06835f9e1d2568599e098563ccd3a65128424424416309dcc6b253,298
085421758889984,0:f7e1b9f7f6251f6e937d26614aa050bd184858c07171f2550d2795fddbc3be57,298
158300959498240,0xA462609A4F484362e092B3e538650B7a69C618c0,298
161987634569216,0x6a36d4346960037a889B17ddF5B92d9b4006d884,298
153259083849728,0x6889666Ce80B481f495142d3cd77235E08b7C98B,298
292618714247168,0:1aad2a94022b821bc91af2dbfcc1690ccf2fc3911250c2eb7b48d5432fd5e536,298
7398983803500107148,0x90CaF98f6476B9cC110841b780FE9A4e0Bd30448,297
389385724985344,0x5d19D04562ace286E05953b35c66C81141B39fb2,297
085738863190016,0:e60fdedac3682103694fecf7fa6a991f2c01d3108e1f64193db7b36de2538c75,297
086633915797504,0:d3247223a24d6f566c08f9aac3d77ed31993c1f83ec572181bcf4143937b0c0e,296
3109372141035520,0x5222cCeb434ADDC8ce4DB9D590e0d0d97DA697a9,296
3108731501178880,null,296
080106679791616,0:1012c3ac518b3bc73b5fec072106969c9b493817c563e7972422b19d154c48bc,296
174269225922560,0x7CA8ac5C3678aA7f945b7A82251A71711977bD04,296
085829979951104,0:c7430d802e19181e0a59383d95fe44f0a37a34f657026260155e2c13de663014,296
162073146310656,0x700d3818Fc4c99Ec4F901269A170c94F53bB6757,296
170281576173568,null,295
6159234751900108416,0xDc26A4EAD439128C5eb4997399D1448930Cd029f,295
159116483067904,null,295
3106787867463680,null,295
160284184072192,0x5fEb134dddaeceeE6C974a04E972afB9B4C5C0A6,295
6416017310000106544,0xA49f5E1db85f56058E68F7874217A0F43ED5392F,295
3108464628801536,null,295
174825678548992,0x176F7FEdc2DD19fc387054C5F5Ec7B54D5642980,295
163900361625600,0x9F73D98a41afeb7b39E338DC1E5E4f67BDB64bFD,294
179564644225024,0x2475de8B3B3715173a7eF4693B24fB036426484C,294
086474956783616,0:aa694d10becc39aede9d4e7d2363fe768560c762ceadefea1e02f02187f6406e,294
6159235854200100485,0x5863B0aC8443b12f31Cfff61C0FBE199149Fa2a3,293
292498851397632,null,293
086601535541248,0:c5e5102ca09f44af44310e7923c5572bab639e8ecd0e48441db6b9cb830e7cf7,293
087157327052800,0:50090c9998d17c9a2304edf3a763bbd4478f3fcae75254b2a37235d436f2f8b6,293
7113843363500109240,0xa7173F79E8Dc82Ab5e9D2D92c121D21FE1264276,293
6159234543500108026,0x285c99D0DD1A7a594814dE8400B50f6F1Eaa3ABd,293
170197709725696,0xb5B0B8e64c1647b5202b6d42629E3F34dd71c7b5,293
087087590539264,0:fe4d13655714531007dca8288eefefbfff11562f4b5a34ff2e613782a3ec2826,292
086632627212288,0:4ed7de9531203d159de430f2110e17d3c686d8e258c435a6ee4ddbb904493f30,292
180472098713600,0x4Fab61D25736ED4C5dbDe5b22136bBf885c178c6,292
3107308820045824,null,291
169484964839424,0xb9E2743eF708Cdedd6890ebB51f75504F06040a8,291
6412324384100107459,0xd80CE3981029b4244ED6F40609a27B35f3121817,291
161551981260800,0x64aeafcd7b72FcfD95F1B09DF0Db07cF224A09aA,291
085450888232960,0:dc8baf2d016e377e2d6a0f30cd9640664adbe4c3964d5eda57f72c6892ce331d,291
087184093212672,0:44e8a4ef6dcf997d974f2c9571374f477fe7d122532e8645efead43429c484b6,291
6201751992200103437,0:b5cb1a88f9530614708f4378b6b68d66a23c705c6b95ccf5916f8ed43bb4fd74,290
158342804066304,0xf70A31b2F947AdF86dF552aC1897FCa2b5940370,290
162682318450688,0x6f2eD8fA37DB26E853d821E4de594a54b24878A9,290
158233768943616,0x0c8Bf3EDd286d3b3a0f7E25e57594CB71778ad6b,290
088240874688512,0:824458814c1cd25fe266e7c4a376f81197fdf246620abf810b0578c39bd6f966,289
158283519954944,0x9052E8f0607736cB0085f5057cdCB1C783277040,289
6889288180200103322,0xEAfE2d5D5922483Bfdc878B809E13D41e0714826,289
086934066819072,0:2506646fbfac22190ad62304d0658a7a7ac1d86d7f041cf592c7f8845cc5d1b8,288
174825673547776,0x0B0d4A9f706F1C87314a3F2C0075225E4Ff60129,288
3107392398606336,0x65CFaFf5a274E355625FE6d91537F6942f61B4ac,288
162029779951616,0x7efC0f61DC81d976C7a64F762e88a9Ab45dE06Fe,287
162038713851904,0xf28260236a8e3aC5a279735fB4A95335b771517D,287
172005366521856,0xA88852afFc22fE720a6b21af4dde711961c40ba1,287
163900366585856,0x3eB3a28E0C85E0Fe06D49b6fE902bB0bD1d3e3df,287
087346563231744,0:27e5535df52935f9fe0520b0ab5ab1853a1f7f8e7505cdbaa011d3158bbda044,287
3108228622274560,0xa40d79f5244ACF537e42eec3a70d90d8e56d7511,286
089320772132864,0:7107c0bbf3d041cdfc54cb1fd2ebb97ace9d44c8ee85416691e8b02a53d3fec8,286
174825713963008,0x9C335383741CF81C20c9E04189aDE887Ff973Aaa,286
6159235153000109161,0x974CE291795750464bDc95005F1fFbF2EeF06441,286
6159234207300107389,0xaB01DC965F087Eac9300b6D041C6f6725Dc5663f,286
162667654533120,0xc836Bb18Da7648b436B5fd7E6F53f527Fa644203,285
3106704893997056,null,285
3106955552575488,null,285
085879848185856,0:b3b2a6bdd96e8623f98c163a7b881d975b81faba31207a01fff0b86d9ef6c231,285
293700616777728,0x136Abe091490771d0A5785a43347b24e50cBA768,285
092292241387520,0:975da6f7ef72f2e249906f26849dbaabc05ffd873cbcafcab14a35154c5907a9,285
157998543622144,0xF7771d2574d43C62d7a31b6bcb06193EADdDCf40,285
158160441823232,0xbADfBa8997730bB9f24A731169A84bF50859EaBB,285
086603281555456,0:4ca95760fcacfd6cc12c8e67ffd32170ee5fdacfe9ca318fc2b566687f5132ca,285
162054996746240,0x35BBb773e5E3311048E5c5C21770cEEf0a5978eC,284
085486044483584,0xFA35cd797DD7c4bc1a64e844f11c31028289613F,284
3122520892375040,0xB1EDe5858e676EfAb0a0ee7A2006ac35d7797273,284
3107061726691328,null,284
086259932151808,0:55d6e588188411a5554f63536421a15ca2e9326cb0bdc24adb6e6429cd0c49c2,284
6159235729600100246,null,284
089809862053888,0:c224c6fe037bad2ffcc17c7e6e5de562eb9a963697d2d06a8196f21247458795,284
6364469281000100903,null,283
085599604162560,0:31daadc4065bfd0285a6d3f09ea1d43e961f94cbaf3d3e9e9e525ea0067d2c9e,283
174825674514432,0x70D278AD0791F4C40f97DfDa0Db30Fd65825E758,283
3106763241787392,null,283
163019175718912,0xf238Ac435Edb4321d915a533620DAc6001B7cad3,283
162499611488256,0xE4d1280983B96464a349F732a833F7DF312d61f8,283
168983216271360,0x2979061912aF6b51E166b8cd4090e6389FDc902E,282
174825675264000,0x0418878D15C97F317D33b9431A387Ed7e4E92946,282
296540702801920,0:f5c93e20893905ee018fac6d7e1bf752d89dab9ef440b1127a9649caf23d8d39,282
158270353747968,0xc82adb6F81D3e458e83dC015379aBDea091A5937,282
3106726632886272,0xb8EC5927246abe8e37e342Ca597B48aB25ee6Dd1,282
6414444132500107661,0x2408aFF5e7832651551a5e2A3b7581B6d5af494B,282
087073068654592,0:9ab072caf95cba2a3abb1eb8f218bf79e58575908c3761755f605205bc8ec618,282
7090035645200102027,0xc2301985F2c6a15EaaCb8D9c2f0d4d7f4f4a207F,282
3109137638416384,0x07d89372dAa468575b7fbd814E4A9D59e38d414b,282
087277126070272,0:5170cad3f226122725ed66c4475d1dcba88c65c39d4910f85fd9e235cda40df5,282
160234454405120,0xbCf09f94B78D54da6b35D15781CEE96d159ab3e9,282
087041679478784,0:aba15162b0a5208f40025f2608eafa6cfdb0808649c846608a724162339200e2,281
180471110209536,0x904E6Ae5031ab7f35373b246FA09E2662D778Eb7,281
180470627139584,0xf1D356e20a778a684ada26c7FAE5F013f1d171Af,281
180472081776640,0x35A500853225d822d0125f65ce38c6D32ad0a889,281
162067675316224,0xe3B2B7dbF27e2Bc575ce9f880ffd0fD6C84Cd380,281
180472075051008,0x2a14766F98aBEBf3AFA60Ca55036E7CA230f7688,281
180471189876736,0x57a79236B1cFa3167bD54948Bea381AF7A79bFBf,281
086603753254912,0:82e47561c41852bf0ab9ebea24ad1ba2712671b455d395f7d7133f5999a308ed,280
085874957225984,0:db10b35b2de9be6d4852279fadf8964c2270af19c1503352d7da8dfc05f9c523,280
174825673146368,0x8465BE23685dc7f90922cC13Af7F4054d8a21cA5,280
158844907053056,0x35458714aad9a97A1E7da631baCabDDbcDc9E43a,280
086493317820416,0:278a1e051e906fd88675a751edf42ef15f8f1dc03dacd39c6ce7efcbec6ba6fe,279
6287671213400102963,0x6C2FBc1761Ec82CF721B45EA8D8064543c85cE6D,279
3110372068814848,0x434252596431EB10c50504D3e3d45f6aE3395a7D,279
163900363345921,0xe1DDF640c1d4aa3Dcb56B1B251A019573Be5E1F0,279
172005369982976,0x7Ae836B10D6D6C5cA6e5B926ba59b414cD9e8bC0,279
161975438217216,0x9c78a47636e36a1D5c04C5D7E1d0d7603f19195F,278
085558814146560,0:5b9ca796b5386cae998798c8e0fe2944710f30c4d57867604dbeba1ecf1cf18c,278
162335065755648,0x699723bDc949928dcaABb9c72189230148961EC0,278
185379904417792,0x844a442519E894e24c974dAEaa107050d3Dd09e3,278
3106772520538112,null,278
3107739205562368,null,277
174825871511552,0x7D881820Fc6EA91b04F875bcD0a187a6B9A1e95C,277
168981374136320,0xeD251d70a07767F31cc4cD28B947244F29DE639f,277
160672267497472,0xe58ADaB691cEB29d16FC7E25170dA7B3bB11ED70,277
6159235098000109064,0xB74052c13bcf9b4280C2940F3B502a236aCb0431,277
170200313757696,0xaFDeDc62eE97D8e6f7084B58c80e965F3fFAcFa4,277
085919115145216,0:b022cff8d07c30a3d51843a30e28aed9831ac99bf348951454ee1848c0531ace,276
158104537501696,0x41188Cf82D8562aC3A0B11E0CD3509F6D7fEe18c,276
085906775650304,0:8e2d02d4ad8c09cb896ad0a2ac058a978657547c9b448600f2991dd10d2e4a1d,276
3110258059902976,null,276
158245258895360,0xbD087Ef621Ae1e0B3cBB5D8a99EFdd28635140cA,275
3107522091278336,null,275
6159236413000101531,0x52672b40D55F3188c3372D313e18781AC14Ca557,275
160672267501568,0x496a13909beDD7cf116CA4CaF1Bf001eA0635dd9,275
172010978078720,0xe5D2EEF2ACAC6CE9cf3294CCA456Cd23359101a7,275
174825675509760,0x54064FB1c097AE36868f496B8AE3Dff895B59635,275
6159235068500109008,0x2eb9916B9c6b7ac84912FFaBd3D165DC0Ba4b788,275
3106758576324608,null,275
3116013257924608,null,274
162067662278656,0x74040106f5e007F44c009196754B6b75DD7d3039,274
6159235114600109093,0xc073B6A602D4061D57BA78DB3D93a3f856476396,274
162673130225664,0x4305a82fF561E7dB6eE7a9787BAE5Bd572dE6F53,274
172010934079488,0x6149AD41aC2eA5643bCedF011b443CAF6664Ac68,274
158154440822784,0x2550Dbce620AE592426e40B5B4baC694B6421B09,274
086246565441536,0:c4dd810dff9e2f3486703dae282882e128263007a5bd48ca8c88fb7d1979cc01,274
087366132178944,0:d2c8ca7e372dde1c17ac4c39b2ecb01794600ffc966bef2c8bd398b71ec7387f,273
6406036220500105426,0x6Ea0215758710eE19AF389c02b82d7CA86326e1B,273
6159235835500100449,0xfb6b23FF564121b6F4dF7E84D07A085485Bf717a,273
3106827621851136,0:5e17ffb735365691dd1cf44f44b6486d1c0a0639a1fcff593a03b514f4a67c85,273
158833444012032,0x37FaB84A3034E0d5C6BD1561FB19adFC121978ab,273
158175664979968,null,273
3108017469730816,0xD0cF6B5ED0943e12e856B5EF7D4695546d4AB024,273
3106990930599936,null,273
085921520164864,0:6da8c9286df22077c0d87982d305d54311eedbfe0f0eea6c5aaf888c257ecad3,273
085464711852032,0:09eebffcf1be61c6bcd9250de67535da03ae2ff9ae1ec6ad517afaf314c6c601,273
179832554115072,0:cc142542bddd907fe8e672081dfad4364ac774153d4c86fd5807ae1808c16e86,273
386880037748736,0x7d5bCCA6aEd81247b113DeE292eCdd289571f2a3,273
160288997740544,0x21A1Bcb4f3b448E46AbAe9e386d2D311EfF65D9E,273
085389844516864,0:e50c7bfbf75d04597857dffe0cfea841e955541f47b2d87214b5ef555ecc084d,273
3106766504857600,null,272
085518451712000,0:85e9b11e2cd232868843c6ca2c0bceab97219abc868959723b18a99486fa192b,272
6159234150400107279,0xe8a398d41569c3794Eb607E0FA40F88768A0E22e,272
2107699361869824,0xf7A522D0769Fd6CB9f85b99aEe2DD237045222c8,272
086093298827264,0:a5214b67a1e6126585d1249c7ca21129a841b2929504e09f5f2ebc2d08ba4ea9,272
180472042414080,0x44B7D1740b186c43FCA7eb86C938b57492Ec6a96,271
087039738658816,0:847b37999ad57df1f5150416183991b03f67d871acbf0b8349dfed339552216e,271
3106714414284800,0xB34A2ae4464A552a78b30cbEfEDC701ACB0eED03,271
158258707423232,0xf3f913f9DA6046155cff9f77d868aa79b40F90C1,271
180472043130880,0x77Ae88e41ff7E14CfBC6cC2EC2507FeEF412ca81,271
158263436808192,null,271
180470720442368,0x417ecFE00440FE451a4dF2950EdA60186757Df06,271
087873045331968,0:320690ce5f6d6754b65f9910caaf2fea8da0782fdd797d54fbce2de43a024590,271
180472107413504,0x2401D21Cb87A3B9d660b07198ce4AC7eBeF1a651,271
085506803879936,0:b65ad9b2bb3b0e8e0168b35339f7e864d84591f829ac479309f9d73c7c8563de,271
087876893786112,0:83b44281350700d2b63aa023c831f39079c460bf38e3cfa1f10fffb0a8119f23,271
3106734510510080,0x38ce8d007F1F7431664BFdc526b30e52eC1f53CA,271
180470871601152,0xcbB9a8D5cA61DB0A1055A11B117DBE32913224de,271
158370114768896,0x832571c1533c6b3e9DfD9114Bc2b170D1D289326,270
162682380812288,0xA7b7c463c7B79Abb30CA2FB2F5d31Ef9c6c8b178,270
3107135299981312,0x084ed02a9e3C30AffEdEf5c861766b2e2Bba6961,270
085408403259392,0:6eff843bd822fc5c80f3bc37d4a64799fb28f49caec7027ee4db15159f27e77e,270
166730495873024,0x6CDf4DE6A9d6F9FCcA96bd26086fcdE0b14276Fc,269
090677784801280,0:d3795728dcca31c85240de38be8a9fb5429c1f809045571adcfc5e8d17843971,269
166730371813376,0x1A4d230F443C4D6daBbaF4564d6EABc6aDA9fDbF,269
3106962587811840,0xBDCFC0D30a253a205c8D0d91D5E1B58b06112a16,269
086882193985536,0:a867730de6115c62c0a8382379a1e5fd7ac55c072d6f4975a7a35a9488d1e83c,269
158570360950784,0x886a3a7b5c18bd440B7ad1d7426C0E3E5bfE20FD,268
168982193737728,0xc353FdcB558478E18D86d70cD41A801335B6376c,268
163030182051840,0x4b9F6326E96362546243A8a61854775b5122ae33,268
089309513596928,0:bb9bcd7c888ded43e8dc02df29dcd7fc08317fc1480ceec568e9d7b7b2b3aa29,268
086884637716480,0:ae37578e8237f9925cfc0db4adb0fae4677f36d983ad39d38118c18d10f535f1,268
297414819409920,null,268
162759934357504,0x865c1dDc426853c22D6d8471F0B13A320E737728,268
163725182488576,0x6987Ddd66e3128fee47a3cb3c05DF095a948355C,267
086868322693120,0:82765eba8b5426b58729c9d9dfe0bc9cc02665ea9478dd33418bde105e3a924e,267
3106995993915392,0xFdAeD6482Be748B22D3F548B76893Bb4E921c1Be,267
086860290736128,0:1a1e70af8082a03032a8838859a936580294a451033630a22faf94322bc50da4,266
3107193032835072,null,266
163900354998272,0x2e9B5CB11b50132120D8625cCc16E5a296cd82F2,266
086111448498176,0:7157d3a449ae244222591825946dd1c9f5b52f7b4522c41cbc63930148b4755b,266
3106686821433344,null,266
091589082185728,0:e8e78fd9569faaebacee326d427c76ec5ab739acd0a0421afbdac83a640993e2,265
161561084510208,0xc285272aDded7b048A6b25Dd7A7577b23d8046d0,265
157971734831104,0x9a2eb188248a3c327401b5F533ceb858285E27F1,265
297678119038976,null,265
161570843414528,0x089fbb5891da6dDb369f6fF615a2C6115C6A1C13,265
162734085271552,0x3e593bE3b93A1131c50C2A633B3d0E80d93376Cf,265
3106746625699840,null,265
160672256995328,0xBa89Fd9FC1465ff4585C6875cd916f2A25BEAa1b,264
158271629676544,0xE2211E66953b135C6C496588788e8442aA639d25,264
3107109778952192,0x42661d5FFe59D9818D6046305D4D4BCDe2fF0Cbd,264
158163735461888,0x22F6E173EE638eAC5Ef235A750990e049b9Cc62A,264
180634765418496,0:7f7df396bf06ed026d72a38665fe8a7ac1743f82f120bbac758e0f141d4d73d3,264
161322092982272,0x4946177A5c189aF4B6fa71AFf6428a6019EbF7E5,264
3106975006986240,0x2173bBeB70604E4F352f429b3aCb301E6794f7A1,264
3106998514876416,null,263
3106931252346880,null,263
158186639036416,0x8672DeDa6EF9343E83C64f727E4FDd64F9e3C3b7,263
6159234173000107323,0x0a08e67D93F463ffe2f8E446BFDd7fB485f28843,263
085900250312704,0:7648090cf7907b907deba56edab95427e79fec512d7ffae874dfb762fcb1ae55,262
090806245126144,0:9710b4c23a41cadf234a6e8d1aafce0c0ae9cd7f20fd676bb148413a47aa425c,262
178847930429440,0x6e55a6285E92F46c8903f554F818CeE9CDCE5b20,262
3106893436243968,null,262
6362547719100104048,0xD58e31e7D9F6460B3a3ac1aD41E4FCc43aC7B0f8,262
163900354072576,0xb423c17F791453F626344Ea7657Bd753197CDC6E,262
163030181625856,0x7e789FAd474a0B6B38C8B171D2D106c9bDE28b5a,262
180470738890752,0xC6491A2CB8274B7B579AC07862629Ce662B2a8c7,261
180470542409728,0xa26aB7909D2E1217D4517F0C5FD67935381d0734,261
180472068665344,0x74Cff7a43c8320F65bDCafC03cE23E66B1B7DED8,261
092242089824256,0:bcb0cd8b35fc5fac0ec2d92187de30470f150974704277134aec4b6047d740ad,261
162762032467968,0xfDD32C246CE6aCB05fbAB506Ed821c309F41aD8e,261
180471928774656,0xfAe7528fCE097b51876c8862AD0232545e850126,261
180471975522304,0x2f95aF7Be5f3F0084099b50752e89257C79e3338,261
180472159424512,0x434A496FA723909080c752B357451d44341Eb385,261
180472025546752,0xCcf5f3aD2375ea23601d9DBf8b9927E4D2754b15,261
3106933326192640,0x460DC13Dd0926272576312C3e8065fdd6A69df84,261
162045861670912,0x028F071eFfe28B836D8a36F33b7AE1F71f8B9F34,261
180472036679680,0x5F90c65E954f7cBBCE260337787FCD00E96d6e77,261
158130774802432,null,261
1107005129691136,0x3f931aa5CABB1182db9C2520b46FeDeA8D50A4Bc,261
159060946116608,0xFAD38418eA9b24D92077194Ea4Be027969633641,261
166702892486656,0x1b72Ea7b5143C55287633cECee0018b29C5e8823,260
086032614252544,0:0fccde6fe5679b65df5209716a218af46823faf1ed299c37f94311d1a2965d83,260
086974613774336,0:e66545ab354cdb4db254a720c37b91cd41d4aea96ad74a28c5084bc72567c271,260
3107127937916928,0x4Df320d25E8DF805543a0f74B88CE2d2F6D67c90,260
086402073186304,0:06826216cc7c5a468c27680837b85885adea3b75b39b0be8b3a8e4348d7b4cc0,260
6413730463800103970,0x3E85a0237aBe9bf315f7a4D8C49fEfE19A84c568,260
6263610262500101113,0xD96B06e358Aee9B9A6017928f3FD305e38E189a3,260
396425233915904,0:772a720c7efea844345d4b71d9b6175994a30febfe48ab8e035e31acd93ea210,260
175117179121664,0xA72cBAD619De8B09093E8c570d87a7E17f147606,259
166730435153920,0xfCEE9E6A8F87E48AbCE02F302326cCd3f63a718f,259
6159235541200109892,null,259
085419901431808,0:e6da5d79be4ab1b31513cef4702cf929f935121b62dcc3b40ee7b4245325026c,259
3107448570449920,null,259
174825978040320,0x216fADce41a222B54BC7D4B9aE4f076B7c03fDf4,259
162387535446016,0xFE03E81AB1E40F768E39e780cF4668121D6A8501,259
086989467832320,0:c453308bde368ae1fd5e179f105fe2b9b806c1f5109ff922ca703d536ba0aba0,259
6793619231200103715,0x5c67109ae9aF1Fc8099Bb48115Da2a3003ba0d96,259
081473188225024,0:bdc198ea9072cbc1f01336d0f52f4f0ad791e9ada71e0084802e16e1cf4d317b,259
3106712859230208,0xd604d6AAaed872FaaCE98Fc386645f74f81C5846,258
3108759179640832,null,258
160672266182656,0x7C50f02518e6C28B80556282c6a9E88D69870260,258
194037524688896,0x1F7e51AB52abBbF94D6B251F8fE227C76004Fda7,258
6159234165600107308,0x086b1153cD9a4237d3e1716858B2849925c42E5C,258
085561461100544,0:7474a706e92232782d3c260883152c80ffd2a99855d6552f2ad61f2b006ebf94,258
197600839196672,0xbC83fe087d15B350Ec913698CE6fDf08989c1991,258
175115761303552,0x15c9ac41414eDec035300990DB793FBFAb866843,258
162054995243008,0x6cD801AeB23109CECbC52cD57F3849300dd3db06,258
085941723840512,0:95d7eb17c5d5c16ef81cd5963bbdcec460853b4901a84a6b70837e9b2263723e,258
160672266174465,0xC6a83c535CF76310846d80f58E19D2DF393F366A,258
162762027429888,0xd5afF2D4b650610c8846536285430E14c46479A2,258
158276622856192,0xDFec6C2f34c765714b3E41A36e489D4EaCa120c2,258
3106888557715456,null,258
162751191351296,0xA2730a6b2848895b4625a431bA94b32A28Ce14e4,257
175117064339456,0xe965E17f052F71332A258b0872253707C0FaFf5d,257
3109451773956096,0xd9f1eB19C096b0e826e892265616eb3Bd95f6037,257
160704084365312,0xd27a70365f43a359D9CF2ff3C747792Bd54E1Ccf,257
086040590745600,0:736610aa64dd83c64e45389eb0763ec4a04153b650076f68bb854092566745fe,257
175115763912704,0x9F13230d574dD9336B568075FE6E3886B27d0CF3,257
3106937984446464,0xfBc2c97D6Dc450e807fC82746ba058C332B9338e,257
162694678769664,0x7820a2eb9a1ecF0F4E9A1d634eBb52051e68eA60,257
090380059926528,0:9fe38c84a9bf7ebcc82e6cb6e10a49d2cfde016db0d6d6f71f00a208def06835,256
1107596679364608,0xbB416847999f1aA148077e2145aBB7284c414245,256
162667657232384,0xEb827fB7871F20D2Fb649c5a8504FbFFE911EF99,256
3108483195592704,0x28aD5adfd56eF7c15B153e9ecBaa5bE7e005175d,256
085995233271808,0:5ebf4a9418a45d76afc6914eb64a35fc74ad27912a5d99b45200ee3e6b6721a3,256
175115791753216,0xcCB895Ff0583a2A1Fe66053A3A76C26F1E0DdD77,256
3107329196150784,0x76487f0884d09827f51D34f010dD4b4bB73Cd2d1,256
291148688191488,0:8a0cb1c0f972d1aec84773ffac406e69254c507b4536451205d325b7a915997c,256
3106769263017984,null,256
183188660215808,null,256
3108026404487168,null,255
162694685417472,0x577093FeB9231DE988672F739714E220E986bF5C,255
162734085263360,0x57cE6edBEe24151eaB8E969E3201B9cf400A08AF,255
085869805092864,0:f9e935098a96ff2e9283b86849ff1313c66ef501208d71d7afc0b6b6a322d87b,255
6802739553700102321,0x54Bad5c039AB63cde7A96ac50942CC5D10291342,255
6794238387500108411,0x7D8865e785b5Ff5d791A9c387Cd980B9ef276490,255
087160744820736,0:7d9c5b349b3460fc759baab99111461070c785ddca907e9fa541c758b47ed845,255
3110113944236032,null,254
175115943124992,0x40b3b318e407F9D48307ef9147770ccc1C314F0E,254
160350066237442,0x96030d871594Da8BFeaf343d890C1678cd9fa5d2,254
3106920413126656,null,254
087306140696576,0:6bca1b4bdc708864cc2e15561e5fa75d7d9506e02b04bd64a8273ded0450b84c,254
160350066216960,0x90d5F6Cf5D03855bebd6084288cFDA0B8A2fb004,254
160342360915968,0x2A70C50eE65c6Cd7bB5F26D74F754f4Da62fB27c,254
298882893910016,0:65c07d993bf3d6f1c0d52195cc4136d7d2d7f68e8a12231951bf312921f64aff,254
086579382964224,0:f55914381ba0f273e4be701f1b3041ad3a4b6972c5197b6d803da153f06b7539,253
087368131883008,0:a24503c3bc2617b11d86b3b50022aaabb8968ecf64fdc2a220c0870bdadbe1a2,253
085854477647872,0:a77034fd5b447099b6e7c54d3ba2c46bda5548ece012e4a2f55115e4c8709ca5,253
175116402982912,0x59BC3071f9B59DbBDFd0D366B630fD2Af921562B,253
085867325874176,0:724274f0b0b9179bfb0576b9b41c5f81c48a9d3a3eb19b05129f64e864f9917d,253
163078047559680,0x3C009551c219a7357672C8023aAfCFae37768E13,253
175115766530048,0xbf8D1C3c3b8d728ED87bc4EDD518A22E79ebfAa5,252
394607657521152,null,252
175115861540864,0xd763AAc38afC42af396E2fb44aDb598dBBB3E8E1,252
1106735203213312,0xEF9D47d2dE79758eCf84c9ad8f74e5075209609b,251
159865251446784,0xEC33C35ea503B5d8d69a19865c83FE5B19031C26,251
3106801256628224,0x3Cb3D8D009f516BDcEcb1aAfccA0539629940996,251
164556941471744,0xA0D67300737a71735Dad0597f8f71e0899FACC3D,251
157996481003520,0x5ad92a41368CAa05aD052d64B0ea8e97D426e92a,251
175116704849920,0xe2A79696c53c02782088141DEf17dEe84B891Bbf,251
158152345210880,0x1C233157caf59768B0503268DBBd647e51Ee644a,251
174825681805312,0xdA37067eb4AdEf59422334c9C344845D61bcE7D8,251
159552244518912,0x436391659B7850859257F5126Ec2e46ab3f4dd40,251
158151474274304,0xF8d96A4ccfF8399fE31713D1bd53A1BCC32B4F40,251
085408497074176,0:308e7ced257e0cf583857a9b639ff2abe0fb16e3c0f6f742fcd81a71a2686aa8,251
160342365478912,0x0c6Aeb5c71CcF267C6fC1922e13898441c4C0e1C,250
3107533833973760,0x8Ca31f6328ABdEF09641367EF6340907EDd818C5,250
180472044122112,0xBc1f92926dE79A137D09C184aA6da34E0A99d64d,250
163078047248384,0x08aa60fcdFc55D89e61c6b6D505A74638E786993,250
1116421265350656,0x56F5Fb10A9E82356779b14563a3Bad60EcfA5206,250
158815128625152,0xEE309152f23146e658Bc8e7954a54066d32B2a09,250
160672257007616,0x5357c088702867af8adA7790f2759e62FE32B37c,250
180470952026112,0x6CFCe8AAA5673E995584EAC13b992f3E14f4CAb4,250
180470780452864,0xc312a0efd719592e3255A6ccAE7b62fF7cC2ADb0,250
085379109351424,0:c61b200a86555730ad4f08502af0287007a0da6b8fd19ae4a44bda94f3c3ef66,250
180472101629952,0xDFF8D12063F519B98B5eEc6af6AEb2795E297E3E,250
180471986446336,0x3BbEB6457Aa6Cdf304389f9467CCfe2C18217d14,250
180472038338560,0x9Ed43C772F41A763b78f9ebADC28C60BC95c52F5,250
1106632636620800,0x7fB82BD1905DBC0CDf05489d52116DeeB9B6A61C,250
6159235778400100341,0xee982563c064F78740a62A1b4B86749f6E9840af,250
159304854016000,0x4f17D98914A2e688c1724eA2041DEF71F80613F7,249
0103896805281792,0:8c1ec02e2fd214b5bb592d23bc70c43616d602082a21a6eb234e8e40fef74661,249
160672256991232,0x28F70518781E11265E1e0AE85a2cDb1c017efb12,249
3107539138740224,null,249
175115870597120,0x9f90fB9376a2122849b7c87289C60E876fdda852,249
160350063456256,0x0B1a5ef372D37788Bcbaf20D324a5C037235B9CD,249
6159234673300108271,0x535B2Be343fE65C0922892CA34C648ca1F65cB68,249
085887272763392,0:53cb1b5e5bd12271966585e4828f0e79f98564e10b75342032506ed7578b3f3e,248
3106853714817024,null,248
6268114515200109783,0xA3831A9aA2E22c1951121b7A041D07dF2859c4d7,248
3114105799548928,0xD94aFfbED0ddE2d1aFE59E5283B227DA76b0F4bB,248
159605042356224,0x1EAcCc4Aca5d9fA20D4e29CeE4f52B1fB64948b8,248
158377954762752,0x666E44e5e8e1bc3b67612a92650dd5fAeC2DB994,248
6412425623000108115,0x118BAC00aB5D0023bc45b19A108C393D9443eb97,248
3108186618793984,0xe44fDD7680A2339962A0EB882bEfC012b01A5E90,248
160342360662016,0x23190790e5C5df9bD1A045D82623870a0A41165D,248
160672259719168,0x290d441CCE3806280A675e99f662Ad6D0934D838,248
175116029464576,0x5e3B8f7095F6e05A995e9e7EE39DA8c0a262Db22,248
6415818665000105600,0x3aa5Dd27d386b6c75e8f525024f749ea1d4930dc,247
295623032659968,0:e3c3646cc8cb5e112593afd85484c37f03c95839f4dae1083bc605925041f549,247
163440201056256,0x80aA248af610b7D8D2f6518CEbBD58b7e9a2a7E0,247
6156810804300102224,0x3DC3F6147B1812108afe2a03F1987b944de1bEfc,247
097039517474816,0:25b9f2c9f511e2a2a6b4c0b2b538cfac5af1d657c56085591904b595d713bc0a,247
160358806679552,0x67E1e0E0c3c33F46E559961347Bd409D3B2E7a5b,247
292641423982592,0:508e08d38a6f0a20ec90036d726ada57d56a6cf5ba726ca5fe7fc469ac271a4f,247
175115890302976,0xBAe2641c65993C7E246B2dCDC3f9e3cBF651d360,247
163900360138752,0xaC1bb0B90264c8Bc03460a06e5Ed906D0Ca3Ac55,247
160672267706368,0x511ff7310c3De050A2cCf52aa0439d75de17E060,247
086873820409856,0:713d21744ba2cce18e9a126912d9215cf72a5979ea82f510f42d4bb9d900cbdb,246
7177884003700100858,0x9538B6d1cF9158B6f96a333f05216d8386Ea9da6,246
085514148278272,0:df487dc267d5a59fccdb33f977fc93560de6f9b0c90cea07cd57504528fae6f5,246
163088839802880,0x02D92713f80327bef1Cc24A31C11Ebd115E97FE4,246
160672260055040,0xe47dAdFD88f1350CD54D8b10EdCaE1CAFC4ACb08,246
6159235811500100405,0x7745a6AB7F58CeAb5ce9C9DB59305C06AEDA7178,246
3106897036824576,0x997718BbA65179F03450c41753Ea82C6b514c1Dd,246
3106791431049216,null,246
160342365073408,0x789A5A50b4B0aB2E5E4fC3eB7BC61C17DA905D8c,246
3106695118938112,0x2a056E7B46053BfFEFFff1be0711573FAD58e65B,245
162677378355200,0xb2a73A2Fcb0f4466dD9767d23148bBb7A9978338,245
175115876151296,0xA93498366fEA860E0EBeDBaD2548D2F3d08bbb6A,245
6793897459400105470,0xdCf35bBFC1dDbaF36B16Ab677789dc9914382858,245
290240863244288,0:136f2490bb8a392ae38878acd0b0f20732de1520505aad194913316f4f7309b7,245
162425332936704,0x58b13cAc9Acdd231947Ae1223FA9a571961A0B0a,245
3106723246358528,0x6f214a42d20016ddf15b6b89317445EFaaCDF1cA,245
171911478640640,0x8fF8684b9cFB815A43D6dE6E7DA4B01ABC039d2f,245
158060500455424,0x0aDe35E431eF84B822F233AB10F511bb8c0Ff3b2,244
6159235601100100007,0xFF5524d92AbBD7ed02022b203754fC9d5f87f042,244
160672263913472,0x3cDC826a5a4c1053aac8c79d85334375725EA790,244
2107827104645120,null,244
162694683439104,0xA442eDDAaDf45fe39E4c207F2AdC6271cd1d45e4,244
158291388788736,0xAa717c8d6b24a47B08B6d029ccb4Ad0E86e3A46E,244
0103896804835328,0:d708a3243e271974e6002d2b55906f2987234cec77cedb18abbd76a8812f75e6,244
162824453373952,0x2FB4F25f19B499AD7DF3c73Af7BBf6f64cc2E923,244
086520526143488,0:243324e2d53ffc510bc860f34a2ef6a3abf77ea3f5af7ed0428aa175840f170d,244
175116094881792,0x7C7025D227CeF35312b3E86cF8c28E5e48863c5B,243
086134295097344,0:45c22c31d5d7282ef616c93b1bddd5975349a3707910ce9f3f7b5807c64994af,243
6451319945200106265,0x073Fb6b7d41FDD4cA9350CfCBc8f5fcaf2702233,243
3106778896289792,0xD6e54BeA2795717696418AfcfE0767842c393faC,243
158222016753664,0xE8d7Ba08288698C4202265fF3ED00da49Af6ef1a,243
0103896803807232,0:aa269d10be836ad4810d221d6fb15317362e73c8733a8217cb6a10dca0e0f6e4,243
162754532929536,0x663C899F556a9177A2d007CB5f2A238B369579a7,243
159637054140416,0x18b81c6d878B65C89062bB9465fc7Ae34Bc1BFb4,243
086144725471232,0:c23710af51af6e8ce76a2c9720f00fe31f7a484cf9fe7f5218d9d364c7e93b22,243
158402203705344,0x0F6d0c33b40Df4B27568808690A55B0e98FB3425,243
6679571691000102173,0x8e07C63c7319Fa0cba31f96CDfb74366ec87C44C,243
174826217426944,0x49EaA00Db3922C1E7E361fd42EeAca5615C69FCb,242
085533913501696,0:76a2cd63963ace215cb9c5dbae2d341eabbf957483cf59de9f42e59c9233fc1f,242
162754536849408,0xCB0DA8D0ce9cfDD7FfB8e07d9Bc178c769d42584,242
175116011184128,0xF2b411aA167Ab21946980c447d1f3DAf98018237,242
3106859465252864,0xded9fA60B05004073e02591F409B20927E89d765,242
6802463121300101136,0x932c49cF2491C00b64da42CfDF7F721a42CF502B,242
086898267648000,0:912616d8e4c43a2a2bb8c9c34bd4024a293691a85e81b08bcc3822751815290e,242
6370245670100109580,0x5AD19b1e27db67Fdec49B51429C7b52443AeAd8A,241
086829087944704,0:4afc86f5d32625dfebde6197515eef48219ad61de0f171db7acc0aaae5dd70d3,241
163099462197248,0xE28cB4246fEc5075E45E7fCf16987753cDdbCe1f,241
3107386080444416,0x9AC53069C53e5f1bAd533bE336d0dFFf3A22634E,241
160350064226304,0x58601939BA8b5d322c9C526e53dE85E9863e6167,241
158135191207936,0x8C694C58c7047925cBdd2D61708D5b4BE966541e,241
3107312463421440,null,241
159304854601728,0xF76bf0f87E42Ce159fbD9b730fA9c676dE43c716,241
085770706595840,0:f14dc046296f510d4d53b3ea575e520461664362ca18982890e77d3d26f535eb,241
162024569266176,0x8f398B5Ea11e869a67873Ab054768d188769E681,241
180472021753856,0xf485653fd297F6D01DBe2E7f16A35e8b5f8196b2,240
180472083177472,0xf9a81A1Deb16dc75128B0976b938295615a43Ea8,240
6159235014800108908,0x4C90D53724C7cB573E27F83e89Ff2E5572b22dBc,240
180470464626688,0xB3E763c529E99018fadEa87Db7B9043D89CA509c,240
6387000656800102025,0xE91A87a546e19aB796C92902C966f11d972FA20D,240
159247840243712,0x1be4483D3dA9Da594A34bB306b7fd2B3Dd984F61,240
7177883964400100848,0x424B057Dce995fd15F49C5AB5C1eA16E545b65d5,240
160342360702976,0x3d51cF4203034D0666BDb44149578fC114963af0,240
158267312480256,0x79982AAb5bCe60FdE9023eE2dc8364E4b8732836,240
3106915351846912,0:424b0c5090b9921fc1c93832d431236c1ebf175b4ee0c06381aab09e225b0d6f,240
175115870019584,0x9b47b588BbC03713a8B63029ff55e6B41c517d2e,240
158143362580480,0x69E7466e893DF7d5Cd38F09c16009EcdB05fD3AC,240
180471319703552,0x27Fee4A653241C7cfB7b66A06daA6Be379a96184,240
3106886729400320,null,240
158203888640000,0x13Fa47B8c8BC59944Fc922EEf92caA3f775a1158,240
160358802874368,0x05FFfFDE5BDcf2d0A0b12D169Bb4D07EbfAa9b21,240
3108458101039104,null,240
175114849730560,0x919c3ebC06032253DAE30B1aD0D33e0De57472ee,240
3107377126293504,null,239
6159234182000107341,0x4B9f8B15889B6AE42F1A031B479a7ef24347d439,239
161562180513792,0x252289E673a99188D78BF82c2596dD65d8689Ac0,239
158134354890752,0x541c54941bBB237594bbDecE66619952c2EdB228,239
0103896805249024,0:ab7dcf83c8ac0a74d37a5e9911227f0ee5816807afe47b25908d3c5d6b5929b7,239
161552831119360,0x6051a4B7dA01DeF5a2dD1FE5801AFB4DdbbeeeF2,239
3110687785431040,0x04994C1a36690c3F8BaB7Bf4E0A93Ae025BeF6ff,239
085411226763264,0:e16d6f8540fa877a2eb9754a476fd6fdb555ea7a8fe792e639f2fc81c88ab364,239
164556675354624,0x99CE1B667633C923914f5A629FE2c76e0c1d0F93,239
7178009447700103304,0x8ea4f86957CA0eE3e41cf72bbF92CF718f2aFe43,239
163446297845760,0xbBcA5575e839B6152c4C9528ffaa0FD27A435Ac9,238
175115843895296,0xED9f4c838ab8F0084df545d96d6a87D3a767543B,238
3107146024017920,null,238
6159234294600107550,0x04B159d14838CD41d7Ac9eF3091B2AdA611cbC54,238
6159236014800100788,0x35543177FD69d9e1a94d4ec96E66eD075a83892d,238
163859442515968,0x825C014ED0bd04A3569F382A976CE9DF9F24FAD2,238
158073589067776,0x5aF08302CdacB356EB91f918Ba06b2217167a466,237
085898309337088,0:1af8f5da9ed5d17482b0f49c5e83625ee5ed254de2ec042a11b09364aa727f11,237
160342365782016,0x299b73Fd09c8f9CC93Da06dead31a0Ae7CADB899,237
158241476263936,0xfb44Dd4F80e6c8BA3e4E5925003586Bc70804d61,237
164556681551872,0xAF6a0E31577E5906DD187b3782cb1fC5B9b026EF,237
087038760677376,0:a0a473209d46688019bb8272c3385b12829f633a93e7b44fb74f639123c3c8a5,237
158270580731904,0x7C1df3e1Cda10DCf4e7743365b32ef6CC538393b,237
163088853086208,0x4e57cE351B7Cc14908Cfc00Cdd5183c25C539D19,237
086037064876032,0:769138deeaf89424aa2ad8e235af2558a30d22cbfac4680b684729a6bc54d904,237
160342360932352,0x876655a0E085524cc2f873903237e37E4bC8B71F,237
159304979275776,0xe2660A83934192565e315cE946b94C6ceBfCBb3D,236
162745985810432,0x943de35D3F1F0C63d43e30c5a4C8eA8260926fe3,236
175115816505344,0xe56304fbc5c33f36a94Bb7fa9Eadaaa7B90b0C38,236
158868720861184,0xca98a7Db93E53aA7381461F728a481a941a590b5,236
086032925106176,0:63d344b09ce6759897ef87645d1d2ad72ed154456d56d1f4fc8dd099917bf1ff,236
3107738821120000,0x601326d7f6E97609E5674c9E047a25C5B26a5b7f,236
087519612022784,0:abc07bf80b5d2757f5577bbfeb2200d79d5fc5b9607e77854c57bd3fcb9011f4,236
162395623505920,0x7826211354ab46f1C363B274d226894AE16fc74C,236
160342365057025,0x5977d45DF72Dfa3840a0124e965bf4161A7e4bc5,236
159756956905472,0x9000764B416b66801515E76CCA7F3e22FA332267,236
159304853131264,0xF002fCaEC71DBAaa233E97685f07Ce930390D6f3,235
158280317403136,0:ac590c977050fb640f28460d33a638e71860c71c63a6d65a6584a9959930f951,235
088892799148032,0:290b9de9b4c77c32aaf17cf978450cb7a03c8003b4841c9a77dc7fce9506a5b1,235
158660897873920,0x9889F990C52dE2a6897372fD9AB6FF1c5efa3D05,235
162769970323456,0x4393eB1Bf07ac02263a54066eEa0fcA4FA812D1a,235
3111375919874048,null,235
158313885962240,0x6E84344194bdeb7173EE41810bf64d6F025B7086,235
087278413545472,0:2077108a1c26816f9324539dff7a1af5216e4674b6edf3307a357fe19cc47c87,235
085410757210112,0:361bdb0cb9d237a6b54630458025c7e23f87282c54abdc18b1b15c43a84e25e4,235
160672257196032,0x49B092c003499c3f282EEc80b78199467a90AAa8,234
174826043817984,0x64C019b364D4B5da17d8c6A9Ba839d7f70A7B1b7,234
085363401883648,0:cd7e89c198eb70a9cfb5c63b5a9d4b4be30a3f41612b9590b31834054121e7de,234
087187569127424,0:39f26171a9f329325b1d1522e399036b5d3a86c9397d7e74d8f21f114bf8f138,234
160672267505665,0x4775D48cd7EEA74507E76D21dA9Bd4290b86faFD,234
290486108098560,0:77cc04cbc95091b707b7060bd062bffc22b5c23a81b9ab98cb901489bc73d50b,234
091493088317440,0:494a33b8450723a7894790e75fe3ee31e1b222a8683c52ea05e8979dc5ecbce9,234
086582475198464,0:62d27c1594a2422a1021432ccae032b659b089dffa502aed81573416aa65e403,233
160358806691840,0x5277C31200FbAdcAA66902cBE18e40A50010D8a7,233
086622402433024,0:35ad02dd7154b047a501701b319a7a926601eda9c85ba659b6bc0347856a5196,233
158306095271936,0x3cBB0DaA39349C0324bb8822A18480A850Ec4834,233
085858051002368,0:a01b5f9755f603dd7d081d3dec4b2657c5fd4d2685d51cf58f3516c2e50aaa33,233
159721002442752,0x3096b9129E7b865F15b3EA8CD2b39d2Ac032Bfd2,233
087014999478272,0:ec27aba862c5d98b007bd5bc7873787b83ec4f189474e4f03fd2ca1431a77f34,233
160358806081536,0x8e3B7fa8536a6f697Fff0BE65471FE7Cf73B3C82,232
085506682269696,0:69fa6a587d8ed338467d642e02510e5d93a9e76f97ce7538b1a05f1591d027a5,232
160342365065216,0x2c3F9de37545d05C0f1bd0a0810a2Ba63E4DbfFE,232
085895739772928,0:bef6a62fdc4ac44ec05a454844ab18d62697b32aab5de6cd00a13ae3b24db7c3,232
160672266264576,0x33C78FafcF7a190973348C494d6F12d51CbC297F,232
087114315563008,0:a5fa0f35f240be303f1a0b6bab6084298e2f2e1b0bdd387644c276dc08401248,232
159433437659136,0x44a123C369F9EAB7CB8c6b70Cea019Ae2ec082d7,232
3106979794710528,0x269aBB1CB0F37E83D4415E51f827b503738F6991,232
090094622318592,0:9c6bf4d67e9435a2258563ef0d8af3a7a0057664a831ce261eba82be9abb88ef,232
159194402889728,0xb892dcDD65c16949F8B3b6E076c9987C6989Cc3E,232
160672253759488,0x301BF9680F73e76fA15F3A7a017ba0A5Db19c48B,232
3106962339696640,null,231
2118545808211968,null,231
160358811602944,0x12F1F94F98f3c5033D7c7232168c5e0849B202FE,231
298736159592448,null,231
162038719070208,0xF035DF4E110d4cAeb2CA9d953C6A41BcF70B42Ef,231
158989049819136,0x46116888AE85c4f6799f8C2ef887a537c583fD8b,231
6263396971800100677,0:93983a844041e97c12c005c1d4106077ee80d215b0ef244cdcbbeba4edb382a0,231
160342361161728,0x5b81069a34597821398a602DE8741e0ab0953c99,231
160348204695552,0x71650C76ad99545383Ad4d7A1dd2E870E15eB76f,230
162054285922304,0x0cdd875c175B290d74134e9fE8c64BB3B49e0Ad8,230
092287457382400,0:8f3a20d967faa0a30217195d960b105a0b110e0b338e23edd108186e78477383,230
160342364504064,0x2e568f97996cb7c561669A09E4051c9E91EC72C9,230
158275056500736,0xADB6c6487898988AFc7d26f1e8c5D775992172fB,230
6159234266100107496,0xbD6fb6e1B59708c2C3840d4AB880Ce0bFCFd2d5B,230
3106725189435392,null,230
158152785289216,0x406561fb4040c89D11f5bBCbCa7577c4DA6974B1,230
087007957471232,0:91afc4acb39cd1cbb41788d87c97b7c0e7d3f692e1d6697a23c86afa69cf433d,230
158165039366144,0xDdef773ceA04d781F90984c05B827E7D43D6F50E,229
158268333297664,0x8D40F1880f8Ec8A3FEFB9B0eA6761b67FEf7De19,229
180472056250368,0x492e8Ad410763b7d8345de0E208df79Ec5810d47,229
1106889032052736,0x61857605D73De747e61593F4353B1dc47951b0B3,229
7169811057800107045,0xeB5B66b4b282BF1b3e8C613119D779cd8E1FA07d,229
158302550556672,0xe6e7E47564Be8664e22679817F9BB7e25f4F1a6B,229
159329995112448,0xC746EfC88AB60B9cB24774f9C4d8Ca8641B44200,229
158246619377664,0xa6F788a6f8da6fe81A73Acac60219Cdf38dD5931,229
180471162798080,0xf6909762F94D8B26DE3f521D2BD5866c14f0fe5b,229
160358806695936,0x2d526d7019D97148D9Abc9cbBa249542EA7D7599,229
180472122273792,0x8d6be209D4e409ED829177564e4aF034CCdb44fC,229
087050923511808,0:721ff8a59fb0eeb11f3b291d80033ea2f2d923bf72a9c9c16c4058990da20683,229
7177884018700100864,0x62d756e385127B1Df19Bcd45a6F16B783A9Cf52F,229
160342365052928,0xF6fa500D65513985BA6CcE58A4eEdaaFdEeF0034,229
292812446683136,0:4a17bfbbd232239aaf083b01f410c7231332cf24f949c36f65626ddfe40f1005,229
157946767405056,0xD947d59eDF9170923104D7b299F05A2ee3a9B45a,229
162769966465024,0xbE32090ADE0E7A00C917149de2971702ec2b8f10,229
089908931026944,0x902090af54b1BE6B9ecc2603E7A579deaA9a4aaD,229
7169811338100107068,0x42ac6062C33334d0168C4AAa8054A23e2Cc784eA,229
180472105091072,0x9a8a9F17FebDDB29b59299Ca94a7393e57337116,229
164556675362816,0x9F15afE45dFB8c6f579bE0c9abf8844C04a7DfB9,229
163048868945920,0x5923D54FD40dAf48C1148254C5666Ab88EC9e7b8,229
162395867115520,0x87FbBc4Fc4761102AE977E0F6D8D0fa42167871F,229
6159235571700109950,0xc7A1EC464347b588bcF73dFf91834De346aAA474,229
180472197165056,0x265859b1477e4CB5516ceaa653746f7922A31F8b,229
6344020244000101017,0x86eef0217cA4d37c5cf44f7D8C11e202D62cC22d,228
160358806089728,0x85225BcFc8dd62C42CfA173213E5f7f6cb0abeD0,228
7169828707600107224,0x404fa18217b518B85Bd03FdB10CFD10F350d6db4,228
160342359126016,0xD6194Cd3cd8681d94001715Ac403B43F892a9515,228
3121001428090880,0xE6902f79Ce6C079bd76139f349d9957C960c1ADE,228
3115138801684480,null,228
2115680103616512,null,228
160358804029440,0x491F418F7B44eA1401DC437bd265093acBeC8C24,228
086139698790400,0:490d18432aaf5e0daf4db25f8ccbe146109aed7bc4465904c93591a0d8b8099e,228
163088836976640,0x89b7AD8625fEF156cc4f52AfF33d438D2420039f,228
160672262561792,0x553192257cc910415C3B3e2eEc6b82ADdd7E7Ee5,228
290332061032448,0:80540c540ffd0c4513e8d968659bea26ddd91d045facf0c1f96e10ce1698b7e6,228
3114176768475136,null,228
160350066225152,0xA003f28484c98D4E762786ff6C9e8f1f849031D6,227
160358806675456,0x6CbebE40bEC6eA56a8A392Dc54d60ACDe9e6eF5D,227
3107852411117568,null,227
087076084412416,0:420826f5dcf6a69350b22d08f76366c960e2c1e718081f089b3e311c1ed01039,227
7177884169400100885,0x1B6daC5eBa460c848f10084549Dd14f9D4E9b4c3,227
086999400656896,0:99e196514efb7e3c0970fc6b539c3c855407c45a16b3a8ea578fb99dc9b344b3,227
085418028167168,0:4c9d418387e33e1e2f6c12b926c894c7eacf124d48a8b5451d84488e5bb65f5d,227
7177915352200101566,0xB6f78D5763bFd635f706Db59524cB66765Bf8D4e,227
292614679683072,0:7b09b8e5250357c04225c527c0544b662181abada77bd5061eb636491d6bc000,227
387173410324480,0:cb762f44e77c64e42567d52da1bee5fb4093bbcfbb7b0c859df496c66cc314f5,227
6156810851000102302,null,227
1120809105018880,null,227
3106770179715072,0x7B45fAE0991c87dCf0A821a038C3cea9560c4c95,227
163381328236544,0xbE9f69A3aAd84b5353df263c64d9F7Ca5c585952,227
296549999755264,0:729158755f1de9d9b37cc94bb01cf34cffbd19204d6923aa2d7a7c6b9a07a9d2,227
087120537051136,0:df33e58c1f0d04a96d38aad2a0c705816936dc08f0d279fa402b18dfd8107a1e,226
158565686034432,0xBbc36Afd80793b00eBBFdd164d88DBA2fF629A30,226
087406773891072,0:2719a1f29f9f913c9c785f5a260442faaef2bc42ab2d7e103f408bb8ac96bc86,226
174825674452992,0x472b851e88c8235107c4d97080042d81F3F24e7C,226
1106678010155008,null,226
085515326509056,0:41ceb9aa6d2aedee6f8293137d18fbe59b0bf9dca671af58b655eafa78b2c4e6,226
7177887130400101027,0x5d75E3e539284e54E8ec92CF449CCA633465292D,226
3107871586553856,0x95D07F64F534b3c66F2e2516Bb461B72a4B221b0,226
2112227521826816,null,226
160350065475584,0xBDfA9c490f57a3348b597F54955141Ce5915cdFe,226
158279137251328,0xe5759e735AbeE3594133053b3118397F5D54476e,226
160358806343680,0x7008862162c6cEADe0D6ACC58b792518ee12D918,226
7177915315700101552,0x7BF0B391D9d099937c332eFE17b1618Aa2784080,226
162054290141184,0xF66D470328c066A355F30BbA7E78B5f31be45749,226
162778690854912,0x8279F30Fc69a233Dee5deb631f0905e166894e77,225
158514510987264,0x03D4548E3D28F6f63806ec477ab379D31cB97165,225
6159235428500109682,0xa9D767E7aE19B0029c6Df21BfbaE44442161875d,225
086955855339520,0:fb38145d7d0bc8f184a3989bd3dc26ff37d0ae9dfd6c39149c91663c21855dcf,225
6466996641700108091,0x3edAa011Cf72d457E9B78746d7E023e125433167,225
158807381700608,0xa7AA0c06F23ED6A00e2ee7878148ec9d2b3A5314,225
159706264682496,0xCC248e62d99d5DDc424a083E7B22dB236FfEcfFC,225
160358815862784,0x892ee873bE35297C5fd309a5D2ACAEc2f34261Ed,225
085994796052480,0:ee3d3e00d335adfe1e881d38fdec99d7e9fad8f0e23135483632000d24473f07,225
162778694000640,0xf4F1Fc22b17A3dFFE93aa0E047fb92e632F5Db10,225
160350066302976,0x0ee05da10dE9eC6F736FcDCb2d4C52eBb7E828BE,225
6159235752900100292,0x363526A2babE8a7Bc154258475fFb39574C558C9,224
085828500443136,0:f41716ab96fa259e3fb1d5741fbba801a59c6248e7186348335bfd1aa5d22cc2,224
162045816954880,0x689b30Ec4015d231Df77962e790A3dB6f4556185,224
2121528656109568,null,224
291023031201792,0:1d182d7412e2fc38afb86ee6390a5701316816d42f6cf3ed99cab679e29de90f,224
086473784750080,0:39acbe37bc4741d7c1effca23a667409da59c09b4fa85c40af259e43c411f5a5,224
087279218507776,0:7460eb799783a5fcd7376ed716e07a135ceb7472bd4fdcb01ca956ebf7b20148,224
160342360018944,0x1FBc4E291EeCe462ee44ebe31b8BCcbcEa638e54,224
160342365077505,0x1D2FF504cbc7A8dFE058DeBBfCed483A393E135B,224
160355866165248,0x3E32a7f125425F2f839D1cC90D454eE0BED937bb,224
162681558368256,0xE67b33EBfb013CA88cc7339E718016F142bF084D,224
162686547931136,0xbd7605AeAE5d82A019Fe2A6217050d21DE95C34d,224
162736771469312,0xEf3e589ed8BFF17531d793627007BC6b9B663d2D,224
162947647832064,0xbCC8b7Dde50aD79dDfE0C6F767243C7415B61e75,224
085478756597760,0:20bf912cd42acb6c63d31ea0668ace86b886b5f997821aad5c648ccc667aa9cd,224
6159234212600107400,null,224
158933053067264,0x5619C81972ed46747Fc9D086E47e3bDe8f9fCD18,224
7177915144900101535,0x1010a2b00DaAbdd92A292E93Ae8EbFAE962D91F3,223
162745982717952,0x4280569A6DC65B8C916B6DF9EDbC6096cd33e2da,223
162669815021568,0xFecab723e376738903B2376ad0D0F78AEbedB31d,223
085628166369280,0:2744047f4ee7015318e0c5603e8ae6619c0fbece19a2619f96def04d7474d462,223
175598060716032,0xd8a5Fa43eF6313600c1dADABF3bDBAeb3207e39e,223
097027770335232,0:35f2dcca79ca9c35412e6e40663e1af1d02ddc722694ef4704f1c43571fef922,223
087893704794112,0:c9513a644af64a1c8ae9c91833ce2f7e3ae2d49285868cb380f6183d7e480928,222
086417750323200,0:fc5cc6536f4b3f995956fa7104453a6dc444735eff64687a50683652d33d26b7,222
162694680743936,0x84d5089D4b2042F4bcf55069d9F84b688A7D6e0b,222
3106841542582272,null,222
7169979011800108084,0x6A3385a586f4728Ca59d947E61c3c983D9A5F595,222
158193443545088,0x9f9C123e34198Fe64efe5307D9ca37F815B5aD1b,222
170277483212800,0x0F7b5fD2EB46984AbAB5ea1Bd812bfD78B8D827F,222
086632580202496,0x654275CcBe6B6e6C69f5025fC0a078985F51b9aD,222
299963486801920,null,222
158290309914624,0xDB8d22CEfd322f40B513242382A706c0EE57cF41,222
158377610534912,0x777950b4f150150d995E953c9f3b1bEb101aE0fF,222
161121784967168,0x2F53215D7BC4550e1CeC23A2C83067C8D4D6829C,221
158263803854848,0x42AffE89Da420e30d2C0bdc5A6DfB4E09985A0c6,221
162734088708096,0x683b397D9787E1c019DB61b3586a782Dd800cC21,221
163099464589312,0xdC7e37e4d761558D1E25B9355b96981b06E219e2,221
091093176659968,0:faa197b5593103276951711a7571c48be2fd5ec5baa9773ada523dd826f59aeb,221
159472673591296,0xEae862EcACa4A6D3dF8bD1d49D919A9430F445C7,221
165075578642432,0xEF0775a52F052FF47eb77A7aFC74FBfb71fFeFa6,221
160350066221056,0x6E45A95E26845372496e7C6Fac4f52a0C4DE3b5B,221
085795225862144,0:776d864f2add6746e016a757b809640ddcec54bb76ac30258c92e4492f1c16f9,221
162750455275520,0x1D92333b6b6d92196D13Ac67E39847d57A2AaeBf,221
3106736421076992,0xC020F3828f3B5F750E340F780380973fE85A0542,221
160342366117888,0x9faA04a8c4C6142f8F5356DD6548b961517E7CCF,221
3106965231452160,0:b2ce41eccac13501389ad7971e2341b873eac85b0626989d5619e232fa5b0817,220
085670362959872,0:ce1bd7dc590ed12273d6c665d820964bd90358410c05e0b154885437320163f1,220
157947572502528,0x3a1e6B5AD3C8aaE82f4536774fF22F89D9DcCc85,220
6159234794600108492,0xF65d247Fc2C02aD3b5F75144C5C42e3249bB1347,220
085841795215360,0:fd91f1deb6cb08202d6fe568f305d0eb846d99ed50f1ed9a8c4209ee79583b4f,220
085407167971328,0:f712c0bd29775dc50de588574f0346684455f531fe5e464e547e1f0ec2455322,220
085627672875008,0:7809aec921d17f08c3d0c2ef4364510e092804bf2bf6df8ac5325909f64c40e4,220
3106749078994944,0:cf5d811167dd4cfd54a9f9379cbdac6e46f087202add91ebea4d78931183914c,220
3106958924529664,null,220
0122648902049792,0:203d2b5da2c101371d0605141e27a4824c42f237b4bac99698f339ff447afcd0,220
178630658150400,0xC696F11b3fc8eC590C78b37E60928c661a86fB5A,220
3108081595793408,null,220
162774034804736,0x549C4147ce99205D98a3Ea96B3336B2b32C333B6,219
085570807554048,0:58e8b718f606a7cd2ca8a8c841b69016788b35190e1651d4a0f4d27d4e707f8e,219
160672264019968,0x5A5ac6873d944FAeC22865cd65288D69E4441d57,219
3108147964882944,null,219
180470888009728,0xBC6e973d4339A4097eFBd5738333eAc4A0487B3e,219
163446300033024,0xDbFFC38604f705bfa9E73Cfe15c900f431Ab461C,219
085893688557568,0:67088ba27bce19fcb011f4d13776aeeff1462f85f890e3f32adb75dd45dc94d7,219
163088837140480,0xe4B5753134254C613609c19B7bd91C2010Db6099,219
2115940477394944,null,219
3121459413889024,null,219
3122098016190464,null,219
180472035250176,0x4D09E0059e4956234a26baB9D0f7F528E951B60b,219
180472065974272,0x580e6055b7C467cef26ea1446B20f59e695748c9,219
180472050335744,0x4bDfc9e4C3561A6EB944350d9C934A18a231171b,219
085846504480768,0:9bb2f7a1c5ce05fe416cf7cb8cfc342d175f67ad7d6f68b4a5db919cd37d6789,219
162387252396032,0xb05532B36507C259830F7A6563567b4306A580f8,218
3107396368318464,null,218
6159234164100107305,0x92751712B2F6ADE4AD1F35a837591A66394C6799,218
162774030909440,0x0fd07bb475504339318C738C6F653Cb363811ede,218
3107023455174656,null,218
3107023455133696,null,218
178630697725952,0x01736f38ffe3952c97f7F8B7F0579E03fE62E560,218
6159235389000109608,0xA021de721672B396913ae66E5176c1528Ec2C360,218
174825884176384,0xeEb7b5b187a329400272E49c643168D335D7EEf8,218
158127867203584,0xF1077ED60fb11B5F54C9502dd88A00ad9a4cb00f,217
161955215368192,0x5c2F88E119E05E9EE7565Fda1A8866fEF94B1488,217
159324377321472,0xAc623Ce8610AFc49cad7a8E41Aa808BfeBFda9ff,217
3107021328461824,null,217
158132778954752,0x006357583994050e38e94439eAf87CF68aa6bC31,217
162681569509376,0x301188A9224322a56a7a24301142d7cD3070a02C,217
158065292693504,0x7B8A23c07BD27A6A9AE727Fd1A0182B967c23DbA,217
094565442375680,0:b7ff1c9cbd55fa2c133dd8d619e3c694591ca1540c48b8a58c689fc22727ed09,217
2118431604252672,null,217
3118068635529216,null,217
086896973455360,0:ad9773e4361c32bf7d8a446eaf1a4cee40726cace13d27803be79632acd1405a,217
090303777210368,0:a0fe5f9c59462f74175d1ef94d6ff0bd6f00baccf2e6f908b488c494b138ee3a,217
160358804721664,0x18c60A1ab546F33f1B742FED93fAaa25AE1C36b4,217
162693251248128,0x965Efc9E2AB3b1Ab0330CD98f96b5669d76FaC67,216
3107060999544832,0x3303D41d5EE70bf162f16d90E44f7dC1f7e281c2,216
162750460944384,0xb0fE5E7BD0f3CFb5351Dd61ffD88c3Da6F23C073,216
086760494600192,0:852b0502560de7b5cd82e7f7ec07db10e3f7821e6b40556e5a817407774a13f8,216
162148545179648,0x61651cA1c8dc97b979F9BA631A0dD763C83Fa71A,216
163078047309824,0x5d13Ec3b1E698BaaEC9Ca30A08123c7Ec7938442,216
160342447439872,0x07DB83A0557731c2Cddb5CE330Bd228cd4695Ec1,216
093938944299008,0:f26c8b2e47a8e779dd7ee7119d8775817083515dcdc1da113037d7e9131fe1d3,216
163078047227904,0x09584a5D927518770DC4F5Dac852f0d29B790dBb,216
3107184838008832,0x8c1dDcA6916451658C667A2CC8e8DD99db53C063,216
085560579497984,0:3badfd257ca271811d2a6378dfa6acdf5259a3beb66af7f6ecbb9f70dc1adf1c,216
163048814018560,0xf32A44b8Ee42A84373243F145c5441A5E45f8Fa8,215
163048843767808,0x335be087cA06977B32d44310c5eccDA149b3382F,215
6159236271200101271,0x4A8f4599E38C8D05C40Acca10714A1EE66ea4e97,215
291677313163264,0:d050546e6d16b77e73bbc76536e18e20dec97bd1345560eac93f41aba0d932c6,215
158277154762752,0xc329a41fdea4576bBAF6B016fBBc8Ca9Bb5b1fF5,215
178630657597440,0xDa5C4C2d8009504f318D489961F22EB968f50486,215
086315760525312,0:3c3e71a6bef97e43a9ad0ea32df12f11f564596e0cba82a8faa4c6d93c173bfc,215
160672263393280,0x9792A18800891156fa61A5568Ac690CD2Aa7B5a4,215
292814564884480,0:dcc662efbf2bd7c1eb492f58b53da1f32ac0df73e19bdb8db07a79d3f96a4e43,215
165075564523520,0x38b472d37c9299fbb7C33229a7Ea41A6a88661F9,215
296521132539904,0:a0c2762260093c9e5f127a5b2fca2935ce3c1d2dd5374973f4dffa96b0833500,215
162045877694464,0x7b9941Fb3ee02062faB60057071a874377e7cEd8,214
162780974202880,0x990EbcC033a80549459543B2dE49D1884AA667A4,214
6962959219400106237,0:b98d352f830651b614d39ee05c37531486ffe2fe3014e97c5ebaaec44c40ebe0,214
6441770918800108644,0x446824b8d28bbAd04B25e1F7bb4dD6F8840170E3,214
160355867729920,0x37AC01ce364e6933C7C5438e102cA0FDc99a94ce,214
7169075604700103505,0x0AeC47fDac9b1D2a140697eF47e3616a3D238C5e,214
1107020855201792,0xC4c50935E98F59e1d2f3e0Eb6f5c65630F95AD44,214
159714530492416,0xaB6Dd7F6514775A5bc8C545a4A15e1A9D1116066,214
162736771969024,0x7ED95848BCB51E23277697a261589faa9e8aDe85,213
3106899593027584,0:a2fe01853aa2c315a445406ce2f04f0d6d265435d195457c01f187f8c0c1cf92,213
158289983344640,0x02c08729017bfc99E0E1902b7fd3Ba38A8E50960,213
085792591605760,0:93e1c7a973b56ad165bb9a1aa312827a0148e50d905202aaf588c384b59fd7c9,213
085395384352768,0:bd6d687faf76b7b3bb31c441acf14a7224f9be5d3a7fe325509053e4c320493a,213
085964948099072,0:d6aae4741384875fb9516fc1fa2da10e21b8226bbb01deb43c61d402c1408c42,213
162676706586624,0xb4695C34D1b9176698c2F20390FE7e6502B7566d,213
6156810701700102057,null,213
6159235560200109928,0x73B6E6B7697c61Cf22f282fE49Bc145cB91678bf,213
160348261150720,0x85F3ddAD924075835c2770e71eF23e5aca580c6d,212
6159234324900107608,0xa5723CBd8245dC464A135D64aD8A9202B0FF8a99,212
3116707257393152,null,212
3107377398087680,0x4afDF708abC839678ceCfAEFc9A994d33378b57e,212
162072247361536,0x578a7e165696193A0aA740eC758143718E94f923,212
158147153186816,0x81e15eeA971FEe7ca3262c7BBEf0D06B1d9cF305,212
085947587387392,0:d670a1fb201189d36813c122651d7057c11db688b56e1c3006db587f193927ea,212
174829220864000,0x1e7409a02E872A78a06c1462e1E0B2bb337Fc8cD,212
164276715859968,0xDE5A3Fcd75B38092e874c7f9B40BAfb1090c51C1,212
1107020861804544,0xDaB363D302322CCdE6a24110bE6F2a046284B0b1,212
7169154271300103941,0x7FF87D4027B7AEEcCF1a0835afae4172308FD004,212
178630652649472,0x994cfbAB601aA9C491639411A765f1cc54901684,212
160355864494080,0x374700F79f28E45Ad760275A44a37d6a04496B17,212
162036296474624,0x85D5719d4662565F2F28672871Ec1C6446b9b46B,212
085445609058304,0:0cb39dd2a07d7b3a2f8ec776aca7186358300c0d56230d4f11b5f5b314612d54,212
162335066779648,0x83F9465892Ed45dbf5F9af75304e96d84d95172a,212
7169052754600103424,0x46dC1863378B672dCbe63f3E975375cA0bB1e043,212
160598597951488,0xdBb4e5DaFd95442a6aeC953ae9f0FC59b0e09754,212
3107023455248384,null,212
6415051400200100368,0x84fDF76CAEE6fd16f748e1bA9d5A3AaB19d580ae,212
6159235943300100651,0xC2A0ADAF3e80E63C282d7110261872B3F84441c0,212
158227449094144,0xE87477d0B3Be98af76B84f5233420b757a905695,212
6477205892700105106,0:255b50348c432f2075188e66c665e46c5297d73e6541ca4d581fc5eae4c727d7,212
160355873460225,0x7f01B95426dBdCa9ca2969D099C8b69e5E2a8A81,212
3107797158068224,null,211
7169499101400106013,0x9C8090c6CB2C2083b1d5Ef079baC372A2fb1e435,211
3107033819643904,null,211
087010713415680,0:3770897dcb295fbd08a93b467396d2954b9a310da1b616ba97d93558408b7b5d,211
3107751040061440,null,211
085816619491328,0:1c0d43e3925b1f327be3913e83177aad7a8c19503eac804b7e3d05e4c70d7d77,211
162745985802240,0x60b3F06D9F687BDEE9322c6540AB39A37012e404,211
7169220343900104336,0x584938323210c8A0775F704ADd83CD13b8B6bb38,211
086759892647936,0:8ce7c1f5a7b15194c4f2c2610e30c454439a22b7bdf2e0b480d4502501afd82a,211
292214248517632,0:291d8addb22d2ef74ae94c78eeb1a95dd1c64e043966f496c2fffc0987b19470,211
174753548443648,0x4740D523D0e4562aDF2D94D13942aE7F09976004,211
3109717467029504,null,211
162778690646016,0x7a5605745dfDc061a1F8eD0Dbb94AB3729d09845,211
162771330306048,0x00D4136cDc879F5851Ca404673D5c93c0B56123A,211
290373393141760,0:681d925628f634f419486112081b1ba02fb6a1a356b708e95fa7832d620964e7,211
162734090665984,0x733c7506AE94F0DCbce8D866F28b6F3757C5a8E7,210
3108491539066880,null,210
3107860837265408,null,210
3107395877605376,null,210
085856195399680,0:25a65cbfb6def26152a44dbd27f1b24e29eca549bed9686a8cb28a7be472d7a5,210
3106720270958592,null,210
086961260605440,0:639000a37ddeebecd635dbf27b17f763662fa614c33f60bbb1c5715c342634cd,210
178630700306432,0x99C31f8D36d6bBc306C6a0ba933795d862DfD6C6,210
7169032176100103175,0x5Cd6fbC82A56e72ad847644df18ED06f4c928390,210
158264488185856,0x90ae466D33eAbBCC52f79dD0A16243786f8d0599,210
088287770619904,0:6f89bea2780837ffafd22c07e950aebee724e996b624d7a87653bec9a2cd9fe8,210
7169007343300103027,0xbA3c769163553762b40685504F18204EFfbccE9E,210
292583151767552,0:da97122a16d3dc36a338a389afa6cb4d847a03c51986c145b2251657cfae9916,209
089653476118528,0:6f63ca7ee059a780b53358a6f9fe84ebdae8dc828b08029b7692792ef9d81ba0,209
0106909658857472,0:6e622594286091f2ab67d8dbe82a020b02882e96092085f5affbb3cd63bde438,209
092036534575104,0:b0954a20bbeaee46f73bde1e8f7815530c3cd0dc4a376bfe470269573ea9b142,209
292163759714304,0:092729b1a51203da70656c676b07c7840d0145f4617906221fbe29bcff7a749d,209
089330265014272,0:307117f608e2ee5e6d44155af0d78ddbb4c7883691bd1c6c424d233259b603a3,209
087985582014464,0:398362460e6f3dca01e7125e51c3d93bd307e67891f18934f57d2133bd605900,209
3106936701546496,null,209
163900361895936,0x14E8Cb54c52CB7769A0B5159F4bc80b1B4691225,209
085796613246976,0:fe9d5f9fa403b615325c6c6af4f3acb9f9109f479a544facb00f6ab2eb08d588,208
180472109404160,0x13d241d2870e601Cc3cB0A45e6447190d7B566E7,208
180472094887936,0x126e7F623272Ab738e79D3f6C2Ec467Dd783147C,208
166730566635520,0x219790455bB3E1d78923d37464cC85ADb7011469,208
087723082485760,0:c899bc5d87a8a6876e69056abaa1aa84ca43302cbdf1df59d7ae729f32c1e8bb,208
086075669352448,0:1c6baddd541999aaae345a4377882d6fa5bdd12dcdf00795f55a5ea90664860b,208
158434942242816,0xd9932c9Ddc4b9DDd08F68c32d97702445Ca17c11,208
162745982771200,0xffbcEb30371d65C541a824CC522D5b504ba0803f,208
162425329283072,0xaf0943accB11932177355B6c4B2346A45F3C62E7,208
085816531824640,0:2cd92af6fc62c9ced8e4770a2d57cf41ca94bb8eea6a47ea71bdf01adb7594e1,208
174753544085504,0xc7f2DB7f59C4435E8d56e77737e3a57fA123A52a,208
3107401117601792,null,208
180472033144832,0xB67131C6c61fA768A9E47b32d1A752C6e4483523,208
180470458568704,0x83edB704DFD61D7f67C723E09d61742F4B705972,208
180470685634560,0x45481c73f7b9D19c899ec3137a222d77b21dC9a9,208
092043296555008,0:954e9e26305a840377635d748ebcd523ebb5b8982c67c5c4a01b148b39f2ded5,208
085768850718720,0:a92900ba05df8ca9f094e98271da1e7ddeea7c0af189d1bfb6ac3b75d074b90f,208
3106693476478976,null,207
174753597739008,0x7Ee4DB16303ED818916795f4419EaD19cF3334eD,207
162780960804864,0xc4cB4Da7509dF764ABE913d7d3C51a9ab17a32b5,207
162395463614464,0xc35f812dbfc7999EfCc32F3f313C6baa5dff9850,207
086116075675648,0:8553114405c813fbcb4b3647ab87d4e7480f3229b8291536298b7de86d80c877,207
162771318018048,0x57F545C34F0A602531f0eb1028f5fa6BE18Eb45D,207
3106745609449472,0xe20C54BaE4826173346A50E48B78C60FA141d333,207
7168906964500102269,0x67c7EBB40EA47CF9463c0FF00aA50dAdCaF55891,207
097059545841664,0:801e9932016aebd7f90a36dfc83f978311e8229a0e29de41f84b9e863428335f,207
6159234145700107269,0xd6bc4ac62DDA75Cb7ac15441A6DbaAf024A2b077,207
7169165458600104034,0xe83675B32199985f45B79C69F6363E6E832308b0,207
085796456849408,0:b31d4f173e84f543c937fb3bed1945474b7732687a854f242009e591543d6676,207
158186208821248,0x133E0CD8dA697901B32C7D9e2Ef716DA649171c8,207
163035513925632,0xA5E52d5949eC25bd9FF58fc3593740B87b83Ecf9,206
3101068352733184,null,206
086944471715840,0:5bac1b5d19f57b5bcaeebd699303e263b1e02dc80ea08258be7c4613f0304093,206
160493248892928,0x141fA5e25063DBD6D56A7CBeB45117D49285f139,206
087055105875968,0:d9c41d38fa24f289116be460afdcfabd58e53b4044f97feff31e497f2c057c0c,206
087327591448576,0:7842dd23c817671ddd691b7b7de29aa5eba39dd4898036d3bdf3089471d9b9dd,206
6159235460100109740,0xD57bB8B1D360392f3955D6B8e72DE9d0baa3cD18,206
086905504890880,0:b7234205bdfd1a2d0ccccf1ba346320766ee175eedf7ae138cf8672fdc808363,206
158212508934144,0x4adC711051E4a0Aa49C07F4A5928A773539c5746,206
7169289649800104661,0xdaF07E13fD3397607DFafF950bAd7157b292Eb72,206
3108397161299968,null,205
163446297985024,0xDF4075275328486025C5981034e8bd99033bD562,205
292629389262848,0:8159e2f8f70d5b1349d37d9f01bb89201a9cb385167ff14601879062d3bee472,205
163381328220160,0x9b3840Ed005BfD8813c5De60Ee22708826d565e6,205
174829246787584,0x7BCBc276d77fD4EF0D5aa1Ade171272891eC9aB7,205
086864283779072,0:2fe1ea3582593f8bce0a1f511cb2122f8eccba95507ef386704ebdeb299c4c76,205
3106914165059584,null,205
085543280230400,0:988f1fd6cd658a7e6605a3b132b91c86ca59fa1d7e647fa557aaa77ba9714127,205
290634204594176,0:265065a442d918355eeb77dbb1da85507295d40136fc3e538f00101f78013500,205
086248032591872,0:20a3e4ea9ea59ec551ef492aa0aa287d9c9d8da0dd80b80727502acc81513956,205
3106935438688256,null,204
3108397141221376,null,204
3113141775458304,null,204
3106846232141824,null,204
085870290124800,0:a71ea9ee08a1c55526bb1af00aab6a19c5a87c08e4ff813fb3652b3d2bf7c25c,204
158292302995456,0x54277e0375da3D54325a45fA123A30b1BEC128a6,204
163083786039296,0x047B58e92F87AD9F5f4B50aA261553E81A6A4a4c,204
296512516472832,0:45f47522f06f109ae33b504e1b0c53b398c096a8683f302e3cf6f23ba15d8bac,204
159662371196928,0xD57B0922E66579Cff86694Fc3dd642f5fb6cCB0B,203
085864560132096,0:d3345ca6760b324900870b2daeedfa762a68ab53ceedd2dad00c764ef5e551ed,203
163035513974784,0xd4ff189902F0559E9780c19c7b62684E08F7E45d,203
085516552503296,0:6568e20aa190f789fcfd8ad2c9a30cf99f1ab616e99a20b679b517d1183661dc,203
085720522866688,0:0e8130495d01add92c5961c263557696ab15e1ca0a74e6a697f06f1231262b4e,203
158103565373440,0xA520F061Ef83e815304a313fe094A4949fBE4bD2,203
6159235947700100660,null,203
163083785965568,0xFe3C8D5E30F06429024BEBD72Aa454646857c032,203
159727516377088,0xE407Da987e883378E69dE1886C8fcaa60a4B3A6d,203
086935411834880,0:9d8ff7a04f54138740171b0de2310c9ff104ea9fb9896160c55b8af9192a6496,203
085507116916736,0:49a8388c4062aeab93303545b61007a8bc448d7c1c90018021e95a074e855665,202
085906591879168,0:4790ea31ed7bc905808e09d4d492cb6a4afac4267c40abbdedb7a53745b82856,202
6159234311200107582,0xaf835Dcf64879Bad5d7EC8c4Ae03Ff761fC6Bc05,202
085459917877248,0:6eeda0ecfda0694153a2e7c86f923bb0e7457a732343868e2dd5622d892b30cc,202
087474145624064,0:a693ba58b059822738226a05d9e7d0fc2ef8d6b700b0cf18e40a6fc0e89371d6,202
163446296006656,0x654c24571447ba8c07c39C86b3ed2f0cfcA2F905,202
160644790046720,0x3e07C14Cd2997E662AB0eb26722804FE655Db79a,202
3107023455305728,null,202
092771537776640,0:febee58ef058a23af79911ebc7fc8f61d4ba9bb39014b28c9c2427f1db231dcb,202
6159235785300100354,null,202
7168927349000102510,0x249e74F5a299e661Ab65a23b012260e15b16E16d,202
3109516474208256,null,202
086106470531072,0:8f49e32537874aad59414d4a8aa9412e5e5abd42c0c6d553ebaf35e863fddcea,202
178630658052096,0x98a74f4936e4EEc6c8eA75f41f0e88A1B7455f5B,202
086204837711872,0:f98be71a6fe497ea3dfe59e9221982b7160c8212f09704966ca1ce655d64b2c3,202
3107499341238272,0x6243D9496a063C6D997e3feE68afD99246a11c0A,202
178630657712128,0x5b3DDB2d2FB28a18CdBcf129371CCc10161D488A,202
168211804323840,0xc4bc7aa0E932C98BCB132CbCAbA87730FF547835,202
171995310936064,0xA49637d0284Ba17aD3E40f3873c10f479D1926E3,202
7168874533000102087,0x0822a1DBd9fC5b3e2913020469180A1Fee130542,201
086100006711296,0:0cb232914667ddb83041d8b24c291afe2df9881b2e211ab63074c9ac8e19fc5c,201
6159234308100107576,null,201
174829232427008,0x2faB5d8C20E6AB5E2F5C688D48687A7Ec83FD2b9,201
086221260627968,0:b624f1f3a0e1dbf8d18b65490f08f8c9837e480654966c45c79888db95b6ebf9,201
165075457904640,0x3CB8a5Cc48AAAA48166fFAef7D3075550E4ee7fB,201
085735740116992,0:615b23a847ae888e4ab881f04444fc78a80396ad8fdb6ce19c5afa7aa01c4991,201
161266177486848,0x7911ab988D61374f754f89487F8A8dacb585cd79,201
085863533649920,0:fb49e86fb8e9e5682ebfc484129d32b4a1aa0cc907de62ee267d7f277b126d19,201
6159234091600107171,null,200
3108190822010880,null,200
7169008224400103046,0x39eA11D31C83A6716b398b6d66991bFfa2DFa180,200
7105754250600102211,0x708949eBf27dA13f653ac37554Bd3C5a60ed89aD,200
3108190179876864,null,200
163099465388032,0x5Bf54088Ddd5AAf156f90014218cEcD3327775cd,200
162731618807808,0x2d568cC5Cf94C3627c211273B55000f2b2754182,200
1107020981252096,0x8E8f9A30Bf688b24bc613cca0A0e63B29ed29B2C,200
3106956464812032,0:569d8bc83aeccc48e334136be0b45ba9009559ed2b27416894966e8f41387975,200
081368165924864,0:f9fab8d767a3e98fc0772dcc4aaa1f0f29057b0ac4f9dcc8da8c85c052cb3da4,200
290899109552128,0:f2473763bee78d6106fe4bd4dbf94da83d6088e2b6a16fe1e20882cd7ec410e6,200
161344774094848,0x2827fBBd07CE996aB591AD888b76e51941484CF9,199
090782263468032,0:7be8da94c46a64d3667f66a506610baa5103fb90e61c116682f6b92096aeda17,199
7168842491400101881,0xEfe7D04b512D39c45AF8e5dcef003F4a164053a3,199
086547853352960,0:022456276bcb325d9d6511493f887cbe936ac92257d0ba3a826195ba9a2e22fd,199
085815566741504,0:c77325b9493b5a2f938c0c6e6da9a2fc845ca14f3e3dbd3baa1feb92505f65b6,199
085786249170944,0:8a91988dead9924eaf0a936176eeed8ecb5c8ef8bfbf9dfed1adb96bfdb76bb0,199
163091105525760,0xA112e997fC7c5092D6562aD2A4587F4772C8ef9e,199
6159235457800109736,0xd39E9244f4f587613B7999930Cf14549f19DD00C,199
158924177395712,0x35E9492b2622E803a4D50fC7826cF6778E3f6e71,199
3107251210813440,null,199
162731619352576,0xA48455C1D4e203AceF254573fC77d61d8f09B438,198
163035506626560,0xDFeD8c00C5fA794b647Ac18aD32F4e3DFcb24225,198
3111601161142272,0x8baEe34bfb06652ef6668AdEC015eEb96e2A6c9D,198
086847322701824,0:03e461964518ba7c64a3b8874d2d8e0acf6758abb5df4226de864ae62bdf7f24,198
296462180241408,0:1afa179689f4d9bf14db19ab26d0c64b0b4391ffccd16c558484eee48f64a398,198
087497426046976,0:a31385aa5c5f0c6e77f5e0d233259e9a71fc166f61d4d1abfa76b372a1ee7f0c,198
194037504266240,0x96ff51c428937CB29062556F996A49d29617D571,198
3106767713456128,null,198
180471988207616,0xE3d9B5487e1A85081aEc885564691211EbdC1292,198
085922249474048,0:2d1ea72fca42c78235e57bcba78d8e6211f2c7813cb6ff623d62428dca19a961,198
2122418510372864,null,198
085483007709184,0:71742ff010e5d4c8d4dbbd57f29c707031713ea4c3421f29546595f011678c43,198
158270545764352,0x445Ec799C0B0D9536806118da745cbC8d45446b6,198
180472100835328,0x386cD7ba4eBccc928ECAb7Ff0fE0460FEC6951b0,198
180472008359936,0xEcfc3640707ab1c27e23ef4F8FaEEF8027119c2F,198
180472061227008,0x90D2dFb9B99761EA0E7Ed744E5aA3027182b87EF,198
180470570110976,0xB1657FfEa714b6Fe434d4231f23aE76Da407b01E,198
180470748835840,0xf4e8BA7F0e31318C0c7030830E2B567Bf2DA017e,198
162760025800704,0x9C52E8fe40b5384Bc269A33aA52c0a125d0321Bd,197
092641758052352,0:93110ade1fca5fb5369dd6db803e86586f0f845e9c4d26bbd2f75c06135f2fd1,197
174753545629696,0x0E3f9d85a426e3005073dcb0487d82430693f02f,197
6159234373700107701,0xc3C3E494DCC65535feae7027dAC91AE5041333Ef,197
3107023455125504,null,197
085473453871104,0:f29389e09d5fd5f4973ba61b9fe782cfed9af40b2ceaf6ee6ea5026501f7bef1,197
174383645536256,0x4F09CD70330A2f29aC121b7b63b68b4e2ab6243E,197
160653862121472,0xe504814Ae913887BC4691373Ab9b0521B101db15,197
2121265359175680,null,197
158364548370432,0xbA7aeEdA32e7fc4C35D2ACb8275D7D9EbC1AB69B,197
085408202321920,0:ee315633f474a3d677ffaada7574838f1afbabe4ef9d88d6b7e9d9f11c3400fb,197
086197951098880,0:859c2bb377ed5b50d0ecf1b25f9d4fbb5551bea50a6a1241148e718d51452939,197
165075464425472,0x165d431EbbA2D510dfD199d489abDDb74C1d5926,197
092497225560064,0:ccc225d2a291f284a28bce58fe5229d2446023895fc1b5a42c03a48ba093cc8b,197
2102588716400640,null,197
085537951162368,0:531c3557a3e84b55bca451cbba0f117edac9341bc92a1991465277c8132c5d98,197
158825241116672,0xc79142222D2963A30b36B515d10e8Ca903d6EA83,197
086104839462912,0:f9ea6f5213f3d43014d58ac732fc7fa8e6c950dcaceeb94593e024ae6df076e4,196
162036393422848,0x496097D15dB8E327bb8C125C7B3b90C92a2d32dF,196
287747270148096,0x104140d220E4958B8f0b74F5698DE255ea46C3e1,196
162350117531648,0x95487ec7cb273b4e87e2BAB02DeFF5aed9d6E366,196
180167178792960,0x0000F5017015c9bBe36D416F2635012E470393BE,196
086502226882560,0:bfd4516f719138c802d32e733f4c401f93cbbe413234af17d9cc0cd472e6c8e5,196
160263506022400,0xE84f722aA38B1aF6EeFa7C5c731A4DC296Bb8cd5,196
163035506655232,0x25FFd911Ff898eFdA63F630742E6286aD186E3c5,196
159733120679936,0xCdd439737866fe4e9F1b62526F10bBC631B855D7,195
085703392509952,0:2c2269ad43b3be0ae49e32019a01e1a7e881ade99ac3853b1e0f124c6221588e,195
087576673964032,0:5f0b9e9220db56f150a94a357dd8b0f7ddb94edeba2201267016c8c11fc19bdc,195
3106744302731264,null,195
161344857288704,0x4C1951706834deCBa2272B36dCaC2701456a0d52,195
086718233075712,0:8c1532e75b452d79f251a4d0da20c9aebdda7de9ea2ebe7c28221eb6718a5b27,195
162396149743616,0x9f625e001a7Bd041228f4cD10e389c78004a557D,195
088765116203008,0:2eed7d4b9a6820207cd49f20c585c7ba313815fd1185211d2ec6c9a373c7a856,195
087170807185408,0:38dda9de9e38658f16f2aae0ca4115aeb578df6400a0c730e1395930190b0b02,195
158012500992000,0x88304aA9F93f875693e338e3F35B1ddd7dB3e633,195
158020935925760,0x8A944b047B1520A7Ee7BeB2ff6e99AB126dFDD67,195
158345696251904,0xA8a9dec93DD5Eb6b0F7e67935c7318686ad26702,195
6159234273500107510,0x3cB55222160655ceb2bF5De0A898f6BA4e1A2ba9,195
163440162004992,0x67EBe4eF960D8348E1653ECF7495FC1B1E997d7b,195
087056483368960,0:40fc1a265aac2ded9c07d405c512589c6a50e357b0c93e646ac0bc4e2e8a2450,195
162405891891200,0xdCb291e9eF1e79defa01F84bD93E935464883779,194
086982084845568,0:8019a9550ddfa0c9b195fc9a7e72a53d82423ccfd418a20c3a96c9561cb6a128,194
091319857446912,0:d6eee816eb23419af485076593f6ac75d6dfad19267083529104249983abc8ac,194
086240689504256,0:69753f0dd6690d1e33d5fd365fcfbab8193a86f5247c82bed58b76f028427598,194
160127290814464,null,194
159995009998848,0x0E9d09627834C1fD60156431Ef7e448Df7d6e06a,194
3107036190760960,null,194
3108559265820672,null,194
174753544282112,0xDf9833D43F733F1EBe436A992f5dEBD7c292990A,194
163048814223360,0xe0E58E98adA76Cfd55e98780968139307a8a8f1E,194
162688903184384,0x11D0629bDa23aA002434DF72679e4bb459F72757,193
086621760671744,0:bd5f9137bdf340aaced997ea89e1c0ecc55302c1ee91849d8f13e384e1602824,193
087036716093440,0:67785002de573f1112f044c0621c79ca5e543b5971631008dbabe31355ac2e1a,193
162750000050176,0x4819f51BCADE17cae00B350f5eFF07D2bEaC2d0c,193
174829229711360,0x0eAf55C1Edac38ac1F3A8e8aF674cd284CfAD9C0,193
174829231202304,0x1D2021D9Fe456AC5374A051C7633bDa790A34C6e,193
1107847245008896,0x34676Ff553357C1B2887c6FBaaFa6f9270D6ee92,193
174829219414016,0x997F9b6f4E5D9269e852B09E92422dEFB37A5F68,193
162694680080384,0xe348C329CbeBa09F4B42570f3a17F429CD7B4567,193
158539270795264,0x3F7ce6f65765CF9a6046ddAF24FC0FF6D3227203,193
085358044499968,0:03810fe105cddb02e218af1c16013aa6113a536c040f226edb82c757529b1d64,193
085449782964224,0:e21d7c0667b5a25e9f1b2bb6c4a8185375881b821e0bc38a1422fbadeb68cf39,193
086378860265472,0:000eb57680e3adea46beb755459ade5895ece715f4312ad01c2ac92760d44ff2,193
085377680302080,0:10f0bcbbe1b6365558712f56d83060daab9b31c154617595818569419cf2e60e,193
085417284263936,0:836edeceeae8903c75ccd782f0985f39fce06cc9e9e96a6d2e5f2468e936b279,193
163076235812864,0x7Ff9cD989d573C2f6AFf2db0C1C6cb93f54d0D5A,193
158294675877888,0x328455DDd6964F305652FA2045105c5b2Ba57477,193
3108464071389184,null,193
158274748891136,null,192
3107023455215616,null,192
163042119823360,0x7a9B8bf2d06c425091da6bE75D248eB2b3cAA977,192
194038005436416,0x96Ad750B6E9d32a71C16266c06d3cfE156a8F4c1,192
3106700526194688,null,192
3106737628626944,null,192
163076236058624,0xF9E1F0b5C05C1b81220CAF877e3B43fD96b1c980,192
3107023455141888,null,192
086632082444288,0:473af669db7da48e90d2a7aec23f53c9a0bfcb6e1a2552fa931e6a4bfc323b43,192
087899474276352,0xc1002116fCA222CC6bfDd78f6BEdEe17eF953114,192
163099462205440,0x02bd64933c9b50B0157E130D0f334D1464301B51,192
162778693402624,0x03979869F0A0BAbfC46E1C6469b3C3099a3d99B5,192
158909072523264,0x503ee78c61288EbDde1a59d5Ed23CF58F839Bf42,192
7160906344100100978,0xD68C9835613543aeA4f4c37736A472B561937D0E,192
3111676818083840,0x26EB38bd11d73651373B8fc9eE546892F1Dd937F,191
086059709362176,0:ca923f9af1991860b2414d94fd45dcb491a268c83910a4cf0aa3b1bc5fcc6cfa,191
174753709477888,0x1B738644c372890dFCFBE3b5a1189833E6C87BC2,191
6159235732100100251,null,191
163452848185344,0x93Db080bE7a0Dc0BC015145AE0dF71aaF4Df3808,191
085407224623104,0:8fb5c4c49d230c72d6123cce3a610fa4a982e215d3f8ad7d9e733dd5e61bc77f,191
085385074946048,0:c9efdf2d10fd9158c6afe675c335ad5d14a3164150921ffe2d2712f57a7d612d,191
163030189285376,0x4176c36911b9AFcE77585d1bd4Ca38C97CA4A610,191
162688903213056,0x300FDA7574D5276D14A4bf8fA13570985272d806,191
1107044213276672,0x3826242f95188749490F8eD8E3FF6fA897B17A33,191
087274944499712,0:653c7aebb22990ca1ee138f2b4e378c6406b05226791f912e78349a254ddc7bc,191
3108737096118272,0x165CCBc14Dd25b69f1D74dC85B8A0F8f15f571FD,191
162072235610112,0xf31bbB6EEE1C4918De503eda7fc97d18ffc7805C,191
3110826810105856,null,191
085778482991104,0:228849f29d5fc9bc81725c0c421699596975bbf5bee4209034ea3738d8b2f7e5,191
163900366843904,0x4bC93f6cCc23741508131c1dE411755bFb8515Ef,190
163042119778304,0x51279d47500A6ea64c558D6c8401E5bc4570Cc4D,190
7176434498900107954,0xA0cd5bcaDe6a5fc2a8A05b622b0a0eA82CFcb234,190
3107365628436480,null,190
6370638896000100768,0xf55fd93784d017e280B906a3f441C6649A14Aea1,190
185580764635136,0x4bf66288077FbF240E8e6E6Db4a863Acad762cE8,190
086354230308864,0:8deca8278908def6c3e70a10a902126c662ba6bec3db7763e333c8d956937452,190
165075458187264,0xc23639aB11D44fEEd844c2a0083804CA0195d2ea,190
087145713057792,0:c6655385bc3c7f76398e842613401c1a55254d3fc87fc3e51cf585ec19002a0d,190
175122183213056,0x1d228b985a0FF55694043f3Cd076D0E645772fB8,190
162395314667520,0xf99Ef2bAf71A2EeaC9786986ec984d98d3442f2d,190
174829220122624,0x98b19817Ef78e15b3448cF0854582434ec82e877,190
3106718719205376,0xf1Ab4E3455A1dA2DBF16260Bc7ec37EfDa240eB5,190
085784976896000,0:d2a7b61404c8d4538b84b05a321dc3fe4cfd1628e388f0c5c599dce772c29c0f,190
0121854853152768,0:c379a05c186474c20489b49e3a64549caafafc014ab5d34db415d6e65df627b8,190
6159235500600109817,null,190
162045811945472,0x812F55789AfBD9B4e6d1132fC0E793f02825445B,190
174829226123264,0xE1F8FeAE9C5cc9dd2C228e98d6915a163E01a9E0,190
162676632043520,0x08C29F9cA36c92D16EE312ac5a5eD2Cf49e7E6b5,190
085415248027648,0:c3d16e0f2c9395b6d7ab4faee230be0ccf25a02c7f9dbeeecd80f54d05992dbd,190
181862165143552,null,189
085453260677120,0:72ac97a82afa3b1c19e6bfc191af061fa42287a3b09e1404f7f61649aced74c0,189
6159235359500109551,0xFed719799EB863c0914a4e2514311Cc9516f7FaB,189
087840086913024,0:bd77167ecc2180937ef3f24708a75efb2043ae0f4e88c5cf06a665ddcfb0b047,189
087609044443136,0:4a3c480e9eb48fc81067a009cb7be3cf8767d5f2e39f53ab6732e69f441362e0,189
174829225836544,0x2A6EA64e9f3F273708B41C486CB4948bba933c0f,189
175122313482240,0x116b5DC33C70f3649B17bB74c180Bf1694c30D46,189
092300448837632,0:1e64624ae2c6ff5d68adf89f4d188762c1a617fa3eb46a0e9850ce9f6d288363,189
163083787190272,0x26aC33331a4E5C033c284f33a56FCC2A16c03B4a,189
085660037316608,0:effe0d570c3e97b46f3f4a6cb76adb7fa1361814665bdaef9d3e103061360ccf,189
085429367848960,0:3e61ab239b45e9650c6133a5cc9d600c31beb7fc97bc8e87769773830f3985c3,189
163042123374592,0x5a83C55d58b59AdB908AEAF8d50c7Ee761e53163,189
085510443835392,0:fe28a6a6dda4dd06fbaeadf523a55ca79cb687ae9ab10f5b7238260b7db57adb,189
162425332948992,0xBdf6CF1Ce8DFDB4Ae2d908E805bABAb1F6FC2969,189
086707179417600,0:eb49310115be80bf3e6a8639db05f53038aa6407d101c7e14b3cb68aed3c81ac,188
180471357501440,0x406a6B1C791427A0A0be602d80F4685Bd9c0BB13,188
174753546752000,0x06a2a17Db3c6F021D9Ef1512752e2bB06bF9C3C2,188
180472073633792,0x543B590070873760964CF0147FBE6144B53b2bA3,188
085450944933888,0:7c9c242c691444c6fdcc832c6b5c2403cb38e7fe781ed53a2e6d441f371e102e,188
086526870499328,0:785e1c5b7c479bedb316dc7b03e65f58e3c872bc30a11609eabc2565c9be4c0f,188
175122202161152,0xc1c6638726866976aA3E656B629Ce6B9DcBa05c3,188
293200424771584,0xE0448C2E8F16D18e09fe49b4966F72fe0ba0411a,188
3106811617099776,0x8c51BEC29cF16900b579BD08Aaed49b8aE794882,188
6159235540200109890,null,188
3107023455088640,null,188
175122331508736,0x1958bF37b966a3b6757FF400e39DaFfc9C30F312,188
3106976926715904,null,188
086944257130496,0:db0b26ee58af14c534253d2e2fb79ee8f21d48d4ea37909aa9812cbfb2d54b24,188
087458458570752,0:a9c7a33abd1428eab82291794d99d73ff4b4ea9c084d174219f05f99fdb33306,188
7176387608500107632,0xA6dfDe3bc6A7d8c7aa628b604f8A4743b3354B89,188
085798156292096,0:451776a6f3455150bb1636efb27907f64c8c2e6e07eabf26cc7fd661c57fd93b,188
086500473880576,0:beb0989b051c4e17d2a0a7407e8fd7efab73acec4cfafb490f24dcd0f0b88650,188
087272952836096,0:f682e16614aa24784653068414229e81bd06c7465e420d23e220c7994f1afc42,188
085422024605696,0:882ceda56117ce23152533859f311331825aac914df5fb50c3a87cb64985a658,188
085591067373568,0:252daa02b7d0fa1a9c855d99933d6995b8d28b14475927731ab7eabea4fb73d1,187
086984924336128,0:eaa6e2313b6da7ee68823bfcd4f079ed8b90e54a7e2aad92264ab9e10dea5bb6,187
163032882618368,0xA2079d7a6EF9814919D376863A38B4176b077e73,187
158262068248576,0x630848d99bF5552c70DC6AE9F766Bd698F5c44a4,187
086538662195200,0:0a8aa3a937ded49219d3be7f35f802c8047f71d79d45429a59b814db205f6735,187
3122307424038912,0x26704019d515741e4e7b4bFef933a7Baf12bEeF3,187
087096083423232,0:24b87304338b42c3fe725685e09fa3455f90cbeb714d2bfb5c61742a231f4493,187
160419130646528,0x3310FAEF94D987f5C2d4D08bdE460bcaa90b327f,187
3106698739752960,null,187
163093898502144,0x1f9aBF72f991382d97eC78bDc7c723AcFc247F90,187
161551586611200,0x89EA6ebd70bccd91B98723Fc724f6d75Bb42cff1,187
6159234209200107393,0xffefD3429377deFa2C75CF370187215DC9D05643,187
7183565309900102334,0xe8Bab87536fc434aE9aA65DC4B2DD70025457629,187
7176393173700107698,0x5a8c52831621f27d207653c26f63579e07263FFA,187
087415655714816,0:c14db70a3aa4d49d46677af3c9689e9da71814ec03c4513a7b52802f3e2db0c6,187
161565630353408,0x94b63cfCe42151684B59593BA8024deCb196d392,187
086270357053440,0:05a853578868c6455003c89516dace511ca7c691131f5e412de4af1aa76839ae,187
171762150031360,0xb3B1222A19c407782D31D3247199a171203732dA,187
3106729147359232,0xCF7c587dd505CfD2b3700b208e4C75Fb4E8f2501,187
086299235590144,0:3494191e4549a1b4eae5ea30d789b4e7c0e5e07fa9123bedff41c9733e24ffbf,187
161556061446144,0x9b8bf549a07dE695EA2447D94df1Ce3701e3Dfe2,187
175122182258688,0xFAf044D9525b5468DB558Ef5b29c6395d2A3ffA0,187
162677380419584,0x4b5170a95b06eBBcf4e2753Ad134cF1eD676d051,186
162425332928512,0x0156a664798a3Dd19C9afE4053b85a6eE8555e92,186
165075457875968,0x9d517AA209B8afade7CDedB37fc8726E36e6fCb4,186
6193114920200102880,null,186
6159234211100107397,null,186
174753548918784,0x8c5Fae983614466E78EB5e06E0FECfB467DA7247,186
6159234536500108012,0xd05D25911331a987d09ed94d242991152E5632c7,186
087752040099840,0:ae1acb9b324a3e63aadae14d2328e61db799143b5ecd36a6e2a934bc9f7ee3e9,186
086998716354560,0:a2fa4d4886faa9ba88495e42088c487689f655976f21b4d069f67c2eb53fe197,186
087113324249088,0:42088abe87493d8f262a921aaa4acb30967080baa5b12ad9143a8694b8bb6fb1,186
3120992668483584,null,186
085804044795904,0:5db37a9d9e7ff0c69a010c089526102da0d876a689213279fb23c2ddb4e00f82,186
089378722926592,0:43d97b394b22321206b5801b82a363d72a8fa480b16adfd49a6790768037e674,185
089080599224320,0:389be092d436a24c1ca0567baf0036ac4570828327057ad2821c2fdf295a7d11,185
1107032187805696,0x8AF9521B0693e2BBA543D72569c63EaB40964a29,185
163042119798784,0xf4c7d5335359FFEDC0DAcf7517Ac555997Ec4B03,185
3106688709992448,0x5567228e327BB9e23b7C280aD945dC3C6aB490fB,185
087729531572224,0:74d5510ee3bf842f1cb1c14c9e3e3d9c5f5a9deffc6c8506b479b910e226761b,185
163045477023744,0xa9a6B66a8A1273981A2Bf0E3142b8bcaDC0850d0,185
174829232254976,0x41cC2E62fe867106aaecEbF0A31028996a1adbd0,185
6159236250400101231,0x63b13C627941dc363Bd2D58B162a6f23aD42F96c,185
086859783229440,0:35c5de287374a264898695043f7e5a682cbe65657751549bb5ef9512b4db82ff,185
160653819502592,0x9025F9E22470D8DC6e5b224b5cd72F1056FC8bE9,185
086879157161984,0:da9d04fd69a12e86df7d7792c7d9b67bb1a7c1da5de596fd7a90661cfbb371c7,185
163093893943296,0xb0c3DC1Bd9776c9696e6753A1603684395B0581a,185
294031374422016,0:bad79e370c8a9a799a2e9631001447daec26316222a09303a4ee0681f078f780,185
291967657246720,null,185
1106717917065216,0x7e00598675B1E91704D93Db1eb0e9f1Fb9A004a7,185
175122184052736,0xAE6C60aE0791fCd26e0AA6ee7b03EE2376f75d02,185
088851847958528,0:8102bcb18a8a8cac3d19075dfb5c21a661b5a59e47efcc4b9e5555619603b4d6,185
158184620412928,0xf3D433865F5c124048aF19776e365492e420eA42,184
162778693992448,0xe4c349D65d854Be8C8857C46babF4a3cCb723D7D,184
086645547724800,0:b577e8a624effd09d560cdfad7cd9e1c5e7909d1943e980d75fb995e48d09c05,184
086881602564096,0:635ea732adbe3ee0567013b8be72cfa6a0090754b3eabf36c2c8e5ff031421ca,184
160653823049728,0x17E8bcC554840A558397AE0a53B541A94F8DE063,184
6159234124200107230,0xDF3f915FdFe80cc44bdDC59002c6214e4B4Bb036,184
173612953145344,0xBDA88a0af27655774D15749A6FeC3a289d7338e2,184
085663577563136,0:4bd3ff9cd0c4767548791e3c5de0cec2e866d102f5db5a36f004d7f336db1fda,184
087078665601024,0:96eec93fec2c8ab3ce51e7ccb33036b5f19eb3202e89d740a2868e14910b1566,184
6411518787600103900,0x794f94e19637Da5b607FB436b5358EC64BA93CE9,184
163093898326016,0xE96459fCa7027f18a1F5A5C5ae41Df4395aACA5d,184
158010345357312,0x0940c7dE8eD6033eD7E3dCB456a882AE323228e3,184
3107238609133568,null,184
085549616529408,0:bbdb5b1f6126565fcd2cee8835106ef734395503e3fd9fe9087bc29df71d5af4,184
6159235280600109401,0xB8892E03D7c1A83cfC60358F9f000BaC14265523,184
159166234353664,0x29b274A172f938ca7CF061db2C5cf7452CC62269,184
165075456008192,0xfb783d590E4b8fe920Ba529a5d9AB3e7570586f5,183
158612396036096,0xf696a6a3771f00c10a4d3CA54be480eAA34D996A,183
088370596155392,0:0976da042a58eb1b8d4a6c7075e1eaf4ca5b180b0732db301408413613a00e4e,183
087270217920512,0:475c49ecd3ef9fb2636a8c558ea14bfb0980109ea9d49ae4c721bad087a11d8b,183
087123404369920,0:ef82b7b31d66bf08a7cd8cb57e763a901ba95dd19fa0db3cccad66beecc8345e,183
158270915571712,0x71018B79C282A65c86d217e09163a5E8576D7eCA,183
085392429989888,0:176c48a833442347c7890eb1d674b550166ef38a2d28071cd1919f5ae10a71ee,183
086123957522432,0:edc345189e80d1d86045c86c03934935e4625cf6deb673b341efe566f9a84c26,183
086592727764992,0:ceadebd6ec2fd2d78a501f2e9ad905179db6ab8f957d0ea208fb33338295dda0,183
085560345931776,0:a69030e0c668b43dc17b0f5ea5bf6bb5a5e73df0e6f70d56cff26438a7fe1bc5,183
174829233029120,0xD83b5DAad8EACE65C7D7c8dbF6b35a47c021f5C8,183
086322266390528,0:92be32fb882b0bfba97318ce51641cd5e0f3f8171e8e0a3e07c0a8f078bb8b63,183
174829225103360,0xDC30BE829CdbF22092d9f761d40ABD40F9ac11e7,183
086908615413760,0:354d67fdcefaab5d43897ff4a5455c9727dda4e920ffc530bde5d2461f7f2e39,183
3108389046325248,null,183
6159236371400101452,0x5Cfb2316b98656B2e8b70E58c5B0dAB0919a8CEB,183
085432318361600,0x74D25c40E2687544bef3618039A68b221b9E67fD,182
163076236939264,0x22376271C5BaDEA2b0C4dc3339C2d80E72aaC753,182
085396361564160,0:d9d300a81086bb7b62727ea0bb04b37cdca0e18410240134d8a169cad4a2a6b2,182
085380308475904,0:9ec80208bd8dd2641b55ee79d9c09083d133a52290715f14e9fbd73baa44dc20,182
6159234328700107614,0xc02a90D84aa428c37281bB3FE6F47D97cC061f91,182
088682176217088,0:fd0d57065ed11779eb4bfcc7994b44d92447732f3961e7ec5eb6cde18611eb84,182
086248685928448,0:ace52b512421c6da0da228cfaa88996d404f0cefd8f06fcbecd7efc558307a01,182
087840772038656,0:0702781a34a15fa48ea159edb6f160058c2e16184f20efa713898e7243a6a2a5,182
3107608944164864,null,182
160615304851456,null,182
087066975850496,0:1b65922f500a65b6ef5f98a1e7e7c8ea0adcf6fd546597c86d4adb09466dfc98,182
086441940992000,0:79f88fef1cf6a99cb387f7dfa13331be7e541aed3f3c04066c536cdab8fbd7cb,182
086863489941504,0:42a86c4eb1f48093337c08716dc2eff662f550f634493574c4cc9e96201179ac,181
086935564058624,0:ac1081b18dbc9cb2cc3a1dcd202eaf301e278968e4449710713e06876ef92a8a,181
086937213935616,0:c5b711c3397134d5818e13ea86a282815910f7b825f7b1cff4f860bba39b6e6d,181
086635679690752,0:e3083757f3d66cbb0906ca0a55684478024ca0b637068a31305d32a8aba052bf,181
160427851440128,0x98E1C08A0fd02E370Faf9d4c67FA1745B746811F,181
086587161137152,0:908c0bd16058a4ba39192b5a0f1a640edc74e95af807e29a366f0b83f5122e23,181
161363277185024,0xbF7B078C29DD5782296580d9974B29a935dE2a6f,181
158250453438464,0xd6ee1086A153b8eb9d7bbeF641EF7ce07F4B6F61,181
174829229441024,0x4ddC247B10BF74912Cfb4Cde290b971DbcD40E85,181
086471338754048,0:bbb449963bfaac996903bbbf049a901a58b2447e79d4ac04f9c6c697ad648afc,181
087357628465152,0:3ddcdf3cc722e2fe62faddc17f07ffecffeeb1ec1ebe52fa4bb8cd8fa49ec53c,181
3106792112791552,null,181
163093893763072,0x52267046E599B8629a721118B756D7A658072Fca,181
091241563942912,0:950526606937e46d723520ef0b9a9e87e4ec9435663a9944a8b01182126409b6,181
3107023455109120,null,181
086023372312576,0:31a3c679790ceb7db4232fc0efce90c0faace4465197abc367f46d510dd90066,181
6159235033500108942,0x76e614E5F556436473c6B65d0b0E5123d94A2c40,181
175122187603968,0x43810326Fe34F6e9767Ea720982C0A139140F23c,181
393203303079936,null,181
158246367412224,null,181
174829226610688,0xb52f4085A889E048A0fF5a005DB64a45FE46Ce83,181
174753992982528,0xC5f12F979C910e91298f7b4A911E4a0dE339F176,181
1107900411949056,0x192479E4e800f8b4Ec9919659f093Aee4280ed88,181
6159235876500100527,0x47398C8fA62DF36e58914DBe0eF9cdce9a9b5C7A,181
086763216646144,0:a8cb7b09fe12370e5e1e08a2935481d7e2b4ff095272615c80cfe2ce725bfb9d,181
174753545908224,0xb44c3dedc519e19CbD30203880B54A94F5582fD5,181
3106788268875776,null,180
6159235458900109738,0x82078224015366C1E5eBEa586189dea78a35551A,180
174829223596032,0x0024CC7870ACC9A344aB195cCD735574AB088D8d,180
158624188297216,0xb8DC01Dd7D68435644c03a83A34aa9BBe0bf5ef6,180
174753564352512,0x4535C7Acb810c500a192B2a0706cE834bF01af14,180
174753547321344,0x1Fdc5C3055562661B3303e94c32ae077215f75b4,180
6156810755100102144,0x3494e31ca529cd32dc3cf6dfe8c119fb9c5c6152,180
162693251493888,0x9e85784D2a26c4159a3c85726b51DCEf30534bBe,180
085811650433024,0:777e3cc04b006d241b7709e6fb752f21dd1a8a775433288056581fc744a2bffe,180
086898909704192,0:d09edd03a5977880bfeca69d96caa7a278ce0cc8e6ecb5646c713652967308f6,180
3108084031639552,0x22063cCB80C6c805C6180AB76Cdfc8438773ea91,180
086913289740288,0:b63e1e184f8236f5610824a4f1ca58746b6a9ebee80e9928bb8f59f338d9da67,180
086164266491904,0:06386ae75e044c7e185ec903bd2b913e81b6b098af8d553666f50d1a1681dcfc,180
085836290834432,0:af890d5898b76b0435f698756f701742faec7dad825a1d638acf5199bdaed94c,180
6159235911600100592,0x05425cfc5f1Fd9B219eE0A5864e93B10C7fc99C0,180
085824500604928,0:8c6c0c914b77315454a65e987d6b54bbc07cc38b6a3a730d5bb10b7369429171,179
086120271421440,0:77c20359bb4fe606bada2754b7a160a2f5c14c3de6f57328d082c4382d1557e9,179
162360610537472,0xA6e8478d72c1b63A19b7F9d8e613b2624BA700f6,179
086973561892864,0:79ec5484978cd3a0e101e85f30b5b9176d571621b74edb59e92b6a4dc61a9ffc,179
6159235733100100253,0x249C32Fe228b3846B048aC9d37CDB3C07adB1A47,179
161321238634496,0xD743266f7ee51a4d26300422E2Fa44719E4909Ef,179
085650838118400,0:3b072660d2da98611ce77e7e91f59424e8dde30f83c3e5bfd1831839ede1cd39,179
158992855851008,0x5633C2B21341F125937B79B26D4002674FE70C60,179
6159234454600107857,0xbf128fd75b6667c0456a586e7a578a0492f26b89,179
174829234003968,0x273CD5b32CBd54e6b889beC73d8e850A8dFd0e88,179
7176420205100107766,0x335f6F6AD4B0CFa89537d773f219EC2981f57865,179
085441426337792,0:1b84b3d7ee85e0cf0ce846ca01b10b2a8e34a003dbfe7e3e0119ee48c9d94426,178
162395748864000,0xBB96C1214477571e67e5d061b1Ba6d9e7E3683f3,178
162513618817024,0x6135C051EF8Af8EAbFe56aB0387e1f19cCa6404f,178
162771320426496,0xcD683E70B3C8052C4b31F26984bd6D0Cd83A208B,178
086695289532416,0:84328be022fa98e47ebed802fc6db9021e8504ff73c27fcad32b4f25cc720ec4,178
086942115270656,0:8899e8c64fef0fefaaa1a6977f772328fc87ab267a928caacbdc5f42f01dcc90,178
086169344917504,0:9d14e4375dfe7d5727e9987d8aceabdd88f5edb659f129de0edc50688c253816,178
162751200309248,0xacE2b4a4584bcce8932F03166DD25117E4F8Fab9,178
088153445294080,0:011b723dd274bb70f06fb75c41575d344be4eaf4d87b1ad11d2ce7f4b8660ea5,178
085930751434752,0:26d165e337a087b41b052a401b312f8c7d6ea4446f3d2517388abd636473df7a,178
3106893153636352,0x7b2A5b508Dd1DBD647F8dd5954AF0132DA614cB2,178
6159235465900109752,0x549155F5f623dD208f63feCfFe0019Ae6A090627,178
085800439267328,0:a37c9986bb20ad9b53c3bb83e1bdde549a212fa6ad79bb5d7ad3d2bed9724aa2,178
6159234119000107221,0xcBB3a0cbFe65dCAfa090F0c7b47dBbB87B0EaD0E,178
158267498221568,0x83a589F5B98fe2478Abb705fA038609d4D26eb95,178
158276871462912,0x5104789A1519d823C17149b3D311326aE93FA14b,178
175122234433536,0x9B6cC7BF144f8A766aef5e983882c31240d2076C,178
085847756144640,0:3dfe1068a453e93fc4a82974372e5341676e4fe8a9f297cf40f9fe9740c8c063,178
085801434689536,0:ca7386dc04bf09eb4cf53e9e53440c187ee671f77a0a1797e0c6d66d659ab19c,178
085801009696768,0:75bfd04ecb3c4694563b57ffe7bada57cf6a1042c4195dd2b5680c5d4cd639cd,178
180575466057728,0x65A4776b97828a5883E29133ED43f1EE00173D3a,178
092425908154368,0:ed0237069731f922c8c3d34e58f56a5bddb1e13ea004ceccd6b4d342c9b02ce0,178
194038090821632,0x341D260aAE821431AA249D05a6a91B1a7DF72B39,177
087115854241792,0:325d428619eb2919cd87ba379e7b5f696da71c3313c2325dab28b7b3964cdaec,177
3106973181542400,null,177
180472036577280,0xA4B4c485F9436e9764b4Faa6B9e80872eb6Ad5FB,177
158056422014976,0x60D132bEB84d0CecB5ec68BE62B550332B192A91,177
085409306357760,0:d90450cdb55d78a28724d87d4ea1ffcb00dc163cebb8df22c955050c75661a70,177
194037810028544,0x9e8aa53B72D178A12786ddadCffCD633DCf2F546,177
166730298519552,0xaBe7f30cF83428a887c3888920471517F8BB9AAa,177
085358403424256,0:38ee823ea962068db28af7647594c183c1828e971da01aa0dd445b2ad4ed48d3,177
169913575575552,0xD7435340ADFF5d2DB85785Bec9e0063C5b3bc869,177
085860378849280,0:130a8df99d0d5f001ee302dc06e99f90280c58c4b60e1e598e5c368cca01f8db,177
085916452495360,0:8429a42cee487f76031919aa7f5292e4a603e1e3a42ebb2e36e9c0f5e90dff54,177
194037825748992,0x4f3733aeAA9835E7D1f281c3BE9f266aF81CbC44,176
085372708372480,0:6041f3fdd55a207600339c409b07c45e5478980fb0e98de370854b824a4f88e0,176
158220432449536,0x7d29Fb99479F53E4f7F1dE31720AecC1E3A2ccA9,176
6159236313400101347,0x9e386B23F96B2796051560958F3Aa78f32F8E37c,176
174829222047744,0x8fE644EB985dcA3A6C7Fa5ee3784c8A861fa78d3,176
6268236271700100566,0xa603106beBDD261868a7d9ECD7269ec4a714d11B,176
175122275315712,0xE53F8bf492C63c746A1e725a88E81C043f150E36,176
085856131526656,0:3430f15833d076cabc42a0cd4b52fe09cb0af2295495b8aea2a784229476105e,176
175122186473472,0xfc6115B8897C6aD48A4eCc5a21B293Ba253ac143,176
177201057402880,0xf1fcE791d58FE17EC8Fdf027Bf88873d8BacB0cD,176
175122277568512,0xBd468051bF314071b214Ca559565fe4b686Bb257,176
085896795361280,0:12584adbb52e0a903b7668a9bd2b3f0079397f8b21d2f30c53811e5a55e93428,176
6159235380000109591,0xAC9BD03F89C71A028107809432F27CbE16DF1aF8,176
160653822025728,0xECF017619E2060EEF051388B14c3994D929cA1Ae,176
163091371261952,0x8Df4f273aEb47BA8f61Bdd350c6B31dC31C2C536,176
086196990652416,0:21d3d128f22ea82ff8fc97713ca4f8cc86982c80ab1c9acb1b6540676ff0b598,176
088865254789120,0:0ce234ca7e3158058124d7d81e543bf83e7dceceb789df5fbb2606be82534577,176
089198158123008,0:93bc88210537e4210d919863cad4583b57346c89547eec43b63aaacaa29391fb,176
163079395418112,0x5cE9293207fD5C8dfD980Bdf6E8C2c3910554bb4,176
086453752193024,0:f90a83d008b7b8dae2fa95223536a6335232a06c3509e81d845a659f950f375f,176
0112528232161280,0:0496397840d0782f55e4f2e08fd4ca490200be6e14c1fe17bd58333a1fbebf3a,176
175122269503488,0xbB04CcBeb2396EA33786E2D01b7016B49925fcC1,175
086931744493568,0:29e1bc6fdd5574378f2c875b0b130a954f87bb9da7cfe1b8d20d44da11214bf1,175
158071116812288,0x06F940712FDf4EF540c6e4aF97d2BdFF88B05572,175
085535421464576,0:2f947474ac39374ad1ce3c40cc0e23717d9d5cb671f8cf427729aac551855e5d,175
194037948534784,0xF099eB137f442FF9d23886E82E5027f00fFcB467,175
162771320025088,0x519222D3deFde68f0C96bECc124ff6EdD02378C1,175
163045482196992,0x6D2B865c4099295D4f7f48a21Efb20f4De938d49,175
163079500414976,0xE6Bd66fcf1E92C440C2b182Ad9740Ed735CE57F2,175
174829226307584,0x5d895705011363D844a2400D59FC91fa62cE3c75,175
194037514231808,0xb49748afF677087C8806e39711697F8Ff82194F8,175
089567825367040,0:46e4b0695e77c18ca48b3431f3d5ea94f17e37f61f5dc6ce5903f781a21a6052,175
088526928650240,0:9bfafe2081acddfc6ac7ab706c8ff40186982b61a013aff949c11e39d8407344,175
3107633659486208,null,175
086943692410880,0:771c5043b6d653c2c85a674954d015e68bdcb9c3fb24d8fccd41b5beb17e118e,175
086905929580544,0:44444920cd6d087215a87ceaccadbe9f9fd84518cf94ae777ee15a3ac0a6f1bf,175
6159234101000107189,null,175
6159235164000109183,null,175
087062999556096,0:0d27d0cac2b140ef6125f0b1fe6836cf437c97dfea9da7c785d06da0464167a9,174
158157968592896,0xe5eeDbDaFf03BC72a2108888626f17d151CaD95c,174
087265779593216,0:15abba2f98ff47a47cc80428985ff949ea6bba8b3835791343beb34359a48310,174
171352949383168,0x8f3364dEa677FbE14C46CC17f5BD16454FCb0596,174
174753984647168,0x06a5d0cbed717cC79fcA6c0406d2123e2BeE7ED9,174
085919247790080,0:5d2b61fd4f4c5d05c219011d4854d20c3224d73c633570f336813d07296947f0,174
085496327790592,0:db6469db7f41ddb3ccc3aeef2bfe64294e5d47ee5dee0cf51287aa79cb95abed,174
7366853872400101731,0x04F972Dc6CA1a726EaCD66e34B76ec74b2ccf78C,174
194037703884800,0x751C1F38b4f9560685389f6EdF5ECC8Ffd43E0E2,174
7176323109100107123,0xB998Ed1Cb295e918a0Ca164231cfB6F281Cb4C45,174
6457005588600106905,0x907600Ff02B62bEE424b62C45B7f52487F75a2Da,174
085736474816512,0:79880107aa8df5ae60293a1a294fb0299eb3ade5c002fb2bc45383fc12b16278,174
1103667967004672,null,174
087321487712256,0:151f40bc8210bfc21c3e1287b3f2cf8e6bcc427f36797d39411353bbe35c41ed,174
3106696873512960,null,174
086915884093440,0:627a2d258f440d686a6bce0b6331d9dbe5e9ce00da1af11f496d5e6e05aef4f5,174
175122719621120,0x2baafEcAC1D11f8E2DBCA3CA44F83059aD0872F6,173
087036159803392,0x8ECF96B1c0caB688e6B678fD39EF8447dF01ECc8,173
6159236110000100967,0x9D53878bEb828433bA305661A4B23AfCC81A697a,173
085409874907136,0:7d7803f18a5c44d365face84e899fa02cebd430ae48516e4efdf91acd81a9bf8,173
085829991878656,0:bb8a862faa8ce8febe729f97de6a9cdb993cae27178a679a98a34a05ddafd023,173
087006853795840,0:e61795212761f69142f55bf3cdf11a1aab8a35ad2537e59fa0b9a49866d2dcf8,173
160653821960192,0x0BD42B33E32B107CD5C5eC9d3067F115ee22D94E,173
081402089308160,0:f6c5ddeece598cdf96207624781f352dc95d178882051e8a9398db40b151b6b1,173
087678240608256,0:b7b964a460abb8d67923336f4f0cb0c9856b5820f137b2ad06d86667bea1f140,173
158445694836736,0:a4527a802cbfa80701746c52762016c99fbfd8fee8c51330daa3269ff6576f3d,173
085810680201216,0:92f8977a0704a272f0171c4121233df8bdcaeb469ed586dfa54f311338c2e9c6,173
087038924677120,0:1190d7a2c11ece047a9a9ce74c8fdcb428b0cb50004086821a44ec9e7e5db45d,173
6159235386700109604,0x9F937B4F687007b70e43957B435F4bc2975dc8e2,173
194231799967744,0xFdFC420805900C25eDc138A87cc3148eCCebad85,173
6159235152500109160,0xfA5Cba9A5550AAE9aa9d624aB1024b09918664B6,173
085569887977472,0:6b5a733247f5a1959674054bd11b5eead2e386cf3b77b4e6f57606e4c45a7dd6,173
3107541712470016,0x6fCD3561C603cc72b15357caF59C0e579f5C1B03,173
6191647940100102155,null,173
085507337744384,0:f54faec460cef558e27ba1b2fe40bae2e34b5b31b661d4126bc656a12d667f86,173
086029766877184,0:d89c3688480252a6351452557e8dabbd0d08cace4c7c419d180b492e2c17089c,172
163079390064640,0xd24bf90d714F2769a34E6C54Bd33A9948CB6d87E,172
3107037809766400,null,172
158159655415808,0x9C392f2018765D96c037Baff307fD57B3dC07C02,172
086882487664640,0:bd7ad8274604c4e87f5b36084c3f5545e487faa49c5d8b50058bcd88da77bc3d,172
292751486611456,0:ba4e9b88df7a6eeac1bf722e07d9367451ed56264aa70dd4912aeac570e13e17,172
087056872833024,0:a748b5f7e22dad36efe0c6a069d547efd4145c5fce96cbcd06b95339d2aedc4d,172
7176356335500107324,0xe57A0925A251dcCF3C95359eb9E8d7AcbE9E4e80,172
7176474958300108184,0xa4C420969cd3d6880c0641555cf77Bf145cC2584,172
7176545220000109078,0x8dA37aD2f94F26E279c473518fA7C9301C17ac4D,172
160653824495616,0x6B4AEB17b1FEC257fcE1679E347420AE9B57a4BB,172
7176596653600109793,0x7CC4F0328a2906aFF009e046D8C8C4ED49214911,172
7176583596300109576,0x1Bd6bedEC3479aF26a8B72e962032e70Cf10820A,172
7176561887500109314,0x14693ED02AA1d19c0F54482972664a2212064f2E,172
291197429092352,0:da1a18fa5cb27f85c4921f227d4f9591cb8a5c5e0b5bf18c33c880d6083b0860,172
163900358057984,0xbB795F324C0C578611eF983DAC0f748d7a0BC8A1,172
194037532295168,0x9107B8A5d2a8e11bD5899Ed03651034DDa2703B3,172
090187350544384,0:27a4dcd66bd93918923505c1ac71e0b26f85543d79077d079575fcdb99d3419b,171
175122333188096,0x5e303D777a34407B68CAB7Dc3dc697d0160b14d4,171
2115830092222464,null,171
160617727758336,0xCF11846042c61938939fE3d253BA39c52b7A9479,171
194037714231296,0xDE67e2A15A408cDB33f6Be4a10B3B60D8668100D,171
194037939363840,0xd9E13c3EBeE47e02DB0cd5a761803d544513CdEF,171
174829223448576,0xA40CC44Cb22995c285Ca2CF3d4537F20aD6878fB,171
085902870757376,0:161fcfd7dbfb8f428bf9c6593a4a5d4fd380a25f7aea33283af23764a6acb2df,171
7176354793100107311,0x6555f017285c7C8b2A7658A68A1F52FDE7b8c3DE,171
086910125772800,0:b38ac0bd6e6198de536ebf8ccfdb47810ffb8b0009a58b94d3889c5ad7b15ac8,171
158330651746304,0x3504a7abF0085Df70ebf5B5A6D73BFACe389aDC7,171
160653820563456,0xcE1c8B18F177Cd8aDe05A36dC0E7e33c8a15B8c9,171
2115619804131328,null,171
174753785847808,0xbE21Da4400773660CB2ae8C3e6a4d6738Bb38858,171
157970447966208,0x6FdDE5080dbb32A8BEd08BD7FE65590de51301F9,171
7176533832700108937,0xb909343d23b2E5d98954f3D0ca85fae82512EF80,171
7176758322400101715,0x554b48126c09660F14eC9C410b981d6b3d2AF7b3,171
160653821358080,0x4A38306bB4e34F467880b56AEA943F2b30c04224,171
087115044290560,0:6973179548785eb8dbff60b628371eadc66e2148d35eddd79945ff41d87ac501,171
6393598174900101015,0x538CcD51438019cc6139Ed6843D748677Cc18cfB,171
7176617814700100057,0x39B3a1610e3cb3c9112cDcb531e353351e040DED,170
296878543712256,null,170
088201353183232,0:884ae8cfed855fb45b41ace2a4e7e5275a06c7251ab2061f5235721d6eb61c54,170
086078630391808,0:f04197310ff31e05a78143cfa79b8de48c7f374f0fee95b799340e596ed1ce94,170
7176371005200107445,0x020abb92e686d55338c7eb13c89cb3301DF796eB,170
086130767724544,0:7850e399628bcbcc4d04930f546cf0b483c32626614884e68bde5b39461cded0,170
087083479240704,0:07e12a7a7bb6c876b9f3fe3a551410571053b34330738c75602b4038cf5e10fb,170
7176755914500101666,0x9C7a9DF7273091D80f61D2570210ce45427021E3,170
085450179203072,0:afdb1c64917a5f64458ab2a835a5757f2005312ac488d7a30aa592fc0d86845f,170
085516697800704,0:66f6a04cdcb030980b9b08c6d652d83df9376a582fb5e222f870f788410fb3a8,170
085471017312256,0:a3e076abf5f49626ba21485b702e3771cdf07a6a1ccc6d822fa1d53d1db47981,170
7176490057400108423,0x67bF13631a59cA72eE64Ccaee11B7F3E94b49B2b,170
087194235330560,0:010475df2496d24e4f7e379f85bafd3d924fb7f72e689825bc6014cf04b4d67d,170
085542490157056,0:2b7d20934ed3e61e389cfb7b0287b145e99bcb523581c72c309a605e5b1903e2,170
087653991743488,0:98c3f3990a94a06725ba501bf93539a1d3115c2f6925367c4a2e01f24bec41fb,170
085465025576960,0:24f17e9d3f3439b5295f003bc4a1fadf661ad919d3c090014b10fe0762da1c52,170
085995497467904,0:3f68060117a4779e2f58ba850c29dd8fc991edcb254dc3699df7faf872df37a0,170
7176616323100100042,0x34CF7daD322aD0325C6d45c4a2Ccc4F6C0e7113F,169
7176725309900101319,0xdaCa431d2847fff9792095c230B2Da965Fd3cf4E,169
085901469036544,0:12a19c493fa146a14ba974beec9fa5399905dc00cbed448eb0e15bcf6dd74765,169
085403395141632,0:013298849d6d332977930b8a7c0c940900014286b0a481c70f7b3813ae58d885,169
085366621556736,0:76079cf53db1732551d6b69212f81626557373d0a58d49fcf259036584d0541a,169
7176323154500107134,0x0ba5c0E5d5B2761FE75667dEf43443b434f12E9D,169
085447862874112,0:a9e62f8157416523620f9f7b9e9ac8b3f6e4c5e530e6a9135f196119760a80eb,169
059710108815360,0:fb55fe0a0e47a265040038e16ba3fe3827a9e3bfd4ec227fc4558098804f56fe,169
086001052274688,0:f970bc57871df2a619553fb6dc9ace78364db256e6c98b118bb943b7e0719137,169
158211839897600,null,169
085801907630080,0:912ad61b608e21eda861d4e22b8c38244c9f45c36586827adf6c5928742e902a,169
158264524804096,0x7752b280095294ce05abB50eb687F465E77f87Ea,169
6159235417700109663,null,169
6159235715000100221,0x0afF08C57c4c8D352BF7bcbacab0261d383a2363,169
158954721271808,0xAB6dAc85D621790b75FAAc2340C738a7a36B0285,169
158531071152128,0x3750e8d7a3CD973c50E619e7503AE813A656eF46,169
7176601198400109864,0xD55419331Ef9Fd291bAD5070e523bA7E22bE9094,169
167418180341760,null,169
086283026583552,0:b88a1132d306b5fc17880e548dacd4e1fd0b46325fd97a642e0fd2a3db4e18de,169
086943631147008,0:f95fc0aba56bf67bf679633176d77eefe3103baa2a67048ad351b1234a8dbf02,169
7176701657200100945,0x7593233bc85286a17284C9f8DB8Ce90eb2A685fb,169
085408295624704,0:4b23edbcbcd85107c1a336e5c052cc4e3bc9cb12e3cb63be55067de1e46bbe13,169
159002469498880,null,169
087100340068352,0xc0a8033F6c7259BE99f6bA96E15467a7C7064a71,169
085537123459072,0:79f3b671100fb4b45ee990f86404299f8992ab9c2cabf73958c602a35613f964,169
7176473542400108164,0x99Fa4d783b6C4BE2036A03A53506Ff86fDE6DcdE,169
7176516009200108712,0x0d057cB1FAaE2A49aaF05C7e1e6f08A0A0a3d3aa,169
087360022269952,0:7ca3bef286a183802b578f526ad742d46ff768e22dc4f70199e2b3dc7cd18c07,169
088287960895488,0:a2e4b2110d5ec428ed5b05245d1ded8504650d0abd7163c95acad36ce66765de,168
085417690783744,0:f8dcc918d93b82bf64fdc4d0e47e2445fe69cc77951327836aa5aa633017bcb8,168
086863017185280,0:4c197e41d72d13ad26c0f56e043b0a96b1f55368d40744af59d78537e5a57639,168
292635300933632,0:1a05887bb7d5484d14f06cc58adbb9acb8dd63d87ba130992f8fefc3084e11c2,168
086025789091840,0:8641f399b1d63c5f25702bab240112a4fe9bfaa0efa4ebf3a1a0e7a09dede3cf,168
3106714103951360,null,168
086687731617792,0:57b2460d60cd893b254aa71a57b6f79d0ce3f42cbf95940ca505d9c7e2f9335a,168
7176636390000100244,0xA251E82E21DE109304DC6F7CF26C737a11E4D339,168
3112648958537728,0xD10253614E2a6354DaF36b751fCD55E98f607207,168
085801009397760,0:56491e7630cbaa0c8a6eabb0743b19d715517143a1fed10c44bd195de9b93366,168
7176778374000101990,0x617e1815a4a5a6a4432f4DBCC87cde4EC1D3AB8c,168
087326617387008,0:b630c5c15ae7594b035cf6de5804f9d948618b1f18c2b0e9781f80e362df877e,168
7176521590200108807,0x8d03eF9c6d88CD05E042ca3807DA21Fb463eCdAe,168
7176516984300108732,0x24C9d38A4bc1d4A8F59a742ab451C2CFF4B0e357,168
7176671429300100704,0x1cF935F4FbEB66725d71B0B7E481808E7dB778D7,168
085794642808832,0:d2472aed4df86cf64e8326891381feb2614c7d3ff02b6379c0f88fe299ebb73b,168
085412420685824,0:01b1c52f0166fd8851531ed9a4e156a9f1f054da65440c8bdd2215bf63692e1d,168
2101232046383104,null,168
7176612938400109990,0x34f3eBe89D238652105b4C285B752e44D9cb9b1b,168
6159236086400100921,0x84119585aa1747a69E9199d81802Bbff7469250a,168
6159235436500109696,0xA28F2eCc605F4c4Ee352be4C7aAC9e5F4ab39Fe5,168
7176324098600107159,0xb4f7FC6035c763EE881b1A4b53f3D6E08E8cD224,168
7176475795400108202,0x875cfaCcd73695f3766264f35B3456C2F40b41cd,168
7176323141200107129,0xFaDd36E9aA0d09d980ead7f5Dcd66C304aC8580e,168
7176323722200107149,0x7a99D70587eC06ae76893b8ED60DBa3d90d1520b,168
7176322941600107104,0xDEFD1c38f41995Af8f0A15F2FDa4C14639A47D4F,168
7176322952500107113,0x037e8f4d0ebEcc8e69A45abd993220577BbAF797,168
089529325633536,0:e668aaba730b16d7427a75a452b37a7d3c36dd6445809165ab964e63e3760f14,168
085712587927552,0:8f32a11c4a5d2572df7d4deccb838caa97f617b3ab84d918093513cb6d07b8b3,168
158919404875776,0xfAD757F205940207772D96CCb5a9C2C7cB26AcB6,168
6159235591100109988,null,168
085535620276224,0:7561d8a85871c26b234ec0738f1763bae13b91b45a823eceba0add291968a133,168
7176777496400101970,0x0b3a7F37DD431148eA6540887C446C069E59F257,167
7176431116200107891,0x3Ea488EFF68629f2f2eaa08513b8Fdb4C9993296,167
085784151162880,0:be228736a4ffa1302e323c6b617b0bc49009dc4a0244101bff53229cd83e4f1b,167
7176392319400107679,0x95d818c409371D2e9369918D043f4B231b9ff627,167
085781967495168,0:c641f6be5207c04e84b1c77a254210beabcd4b3d3234a7893c952669c6f21b6c,167
086921295024128,0:7aed373a6ad8d2381f37d2658c83c2b9b63f87cc30cedb85248186f061cfda16,167
085488680214528,0:1fff9abca5e1dce1b4b2576aee8dadaccc552f010b60652385ed971519f0826a,167
7176584863100109604,0x1d2628696D02Bdb591d0F9A01dA86F12B4E8eF58,167
085651924205568,0:a94a10a596090ffa9d9cef561cd78d58486c80c253d9664f1cfc28f2ca388471,167
097126190280704,0:a55b1e7f92ca3bcd215873dd818c40c89461be7b6eb4e20731f0e8a98d22e87d,167
087047615873024,0:dabbac53688489b08a3b8d71ede85f9a801869ff2ecba7c120bb2b05b2d98367,167
087645761093632,0:03aeca69ed9df06200be13ab52d5bc9fb4e67ac9e4758fc018a4bfa7741c4077,167
7183652985300104397,0xd96D1C04C4f9670C444A1459fe70d9fdcc756d25,167
7176436759000107980,0xA5B767e99526De2426E57FDc85C537666580eBbb,167
087626631114752,0:9716b0e302c568357e5de8ee56a2f5db61766df073c65e986e09a626c01ac137,167
7176372381300107469,0x572AdFDCaBA51Fe98Bef0835181C9A6934e0F3F9,167
7176326263800107176,0xCb3878C824Df1DFb4938dA1dB1D124A2BE91e239,167
087021044391936,0:86894c4ce1b691a4ef078829590ac7510ec04fc20c4370e5a997c251b505c421,167
7176323577000107140,0x627f44543F2B694BD9fD5ca0fD7D4097c500DC33,167
7176322942700107108,0xeC85B44fa783DB217b14201ebb9F18DF3c350383,167
7176644204800100347,0x24451c543347E2DAbb2c167886287085B3eAA8f7,167
6159235862400100501,0x76A85B2A7cB9D2293ecdb4d89FE8e522Af5bf83f,167
7176645415600100373,0x06F07D0bBaFe478a9E8725926f24c2F1B970c42D,167
7176658320500100505,0x26045d3D2812dCA6daC470809e3f821414d022e7,167
174819501096960,0x49FA1b0C43E5ef0DFB32e0bc5cE885487914B3c6,167
7176663268600100588,0x86eea5000e9CFD620A589558b16330C234641197,167
085492985413632,0:f0f96478d1f49fbb4281a2d0bc4817188b1e9faa2e2cb1c78d86c75ff281fdf3,167
089796179345408,0:60e2a063b108e00abefbab3a33b4f1b8c5a6cb4e58c6e6549d77d2af5e5ea0b2,167
087261593735168,0:91d78cedca577bab7fcb69eed97367db6cf2bfa1835667d98de76eb1720fd339,167
085681872261120,0:9d3ad07b94989772c3f94923446bc015f58189d9666a9ef31675d6b294dbd3e4,167
086056033406976,0:2b7904ac162e0316462c851e27f432e20bee56300449ff8c6bd05a533d8b484d,167
7176758049400101703,0x30A98F7fbD2917F6aE35DF8e4b511aFEC9D7FD75,167
180470634110976,0xd70608852E6b8eDBCF62bB310f1664Fd129d244A,167
296193101877248,null,167
085892364726272,0:2128d56875eaf00331833a7815a253c3b5300a563531862cf3fe33cd8528b699,167
086403408273408,0:3ab67b8bcb93d3e2244410df270fc71d8b1d2b63eb53d228343830cca9f658cd,167
085588613267456,0x419079E39E21A0D69489E16c967a3258Ba2d4c70,167
6159235463100109746,0x462F12bD9d34398D553CD1914097aAE5B7cecd38,167
7176477626500108240,0xAD7F4E04D5e3c0d679B184991FB4C4e53817b835,167
7176477113600108222,0x9fE1607bb5816A5520994d9813a1A1603A4d0d3d,167
085987146969088,0:0f2bbfbded5c81634fa19b1f25811e71a250eac99d5fa5e2fca1f2d60db14491,167
086275153092608,0:2c15bba6ba7c11909795a652aa859834c15ae10be1cbda4203b1a970e76b79d4,167
7176620590700100074,0x5520C6AE49aC0e0C871de4350ebE427C45566Cb2,167
086226373545984,0:c732f4567ef4470869d43f057f1fb26997290627bd56872ee53964d089fbecfe,167
7176540240300109004,0x100bC647527551B591fa34Eb9AFD34c654897e35,167
7176731673700101402,0x493624339d509a06fBF1cbdb7BB299b532Bc7390,167
7176558782400109250,0xBac78dA976bB712d321A72807D07E6953527D565,167
174753543458816,0x2a8C1C3428E8A1C579b72c6128850f2B75a8d61a,166
085556679634944,0:f051b2cbb29301ae94d4792532ffeb5c9c09f9b92b29b5a123d82770ce4b93db,166
160594508193792,0x31d2CFC5778dc990fd7e108337cC1d7570dE8a4f,166
086958537416704,0:1112cdb83b4a0ea1b28f2c34aa9ce62e55a3920a745f669c71b42c78c110f33f,166
160276906622976,0x2e1c65E960e30BAC5e3aae1b6d2FE171BCF9AB2D,166
085871133700096,0:a9684a6385a89dc2c472641eb9cb6097514e143e8df7a60ab8a051fc0837a179,166
087667198853120,0:07800b299245e4cf47f84d4cdb662a3aab7389306d48da8bacb3bc1a6f7d305b,166
087284695273472,0:4f159f20e6ac112d546c77b3e894a55e4b7c83e7b3be7fcec15559a461dc1525,166
087594233335808,0:ca255471b758595167f73b602d810fb9813bd820f09ef64588ce6ef4912b5d31,166
180575469416448,0x7FBD5c3AdBF0bf674E31995b1cCf896Ef1199c9B,166
086383359180800,0:bc5f66faf2aa0042dded9064ce03f30b88583fdc40cf0750336ecd070ec85f77,166
085694692409344,0:540fd9aecf8c55bd5e6f890cb83d4f20496e843456807ebba66bdf04f16b9378,166
086909997965312,0:46e8df04e6f68cd22a43e615f6ec1303d4393548c27f7ff600b6d72a299716dc,166
086914138390528,0:9305068b0f7ffa6ac26de03094a06c04beaf1a2bf410df31ee7beba06e7d1df1,166
086919079600128,0:6f61be8a7d990e3c9f9c36b7050700c03684fddf291e9a7cb45d898ec93c48d4,166
158060726521856,0:a26662691defd9b0ce2b1a4b805bd58200fc76f68697fee514f036395a1f15db,166
7176609126700109954,0xCFdFA370c35D96a51777a16AbcfED3102F887df3,166
085962573897728,0:9893873ad72f689ef0e3d9cff7dbfba23de4e558e1a809e5536d038d149bf202,166
7183612026600103474,0x126a712D3D8B122C8CCbdD9F1EC7E536a65519D5,166
087086224142336,0:ae99f68764af2c4f7e7aa3dd0089d82dcb7f40833ba5ebcf73aa569006f755c9,166
165075556347904,0x9f64046a1fF50093864D01569F796bbDb5bF79B3,166
7176530289000108900,0x7d24Dd368a5fD0cc8971C97773E26300ad97431C,166
7176490890400108437,0xc0ecF3f764fE525b0a10057B06D137254ad78805,166
7183619269000103634,0xFd23C50af72988239c3D0FAd24247Ca3E39Dd8A4,166
085852418400256,0:61c88a9c88cd5e262b12506c771a754db534cfeb53ff526b604b9b4f5b779e59,166
086315327877120,0:0547af0769fa8de2463aafa523a9d80c0b6bff1e6fcb6a258737923ac8a7de72,166
7183661598400104552,0x5CEDc62b8896E0f38F74e7AC397e787a9d8BCe75,166
7176425254400107810,0xA1BCf35728632F8b3223102c07a910515af73236,166
085485453926400,0:aed4e799dfa89b61eccac18dcda4ab1d842ffe929a07e85364c66249559c5654,166
3107316963139584,0x80901eBc8Aa310009F6Cb6DA4c0Ac32CF2e1B7e4,166
3107080642535424,null,166
6159235452400109726,0x9ccDe3Be7931B6eD8D9fe6785A1b55252dB06033,166
085872633729024,0xa34f4fd08B0629f0503A184604D393Ca2Ccbe0db,166
7183637406300104061,0xaCF56c61125e8b2793739b03D7cC5F536142dDaB,166
7176764767700101799,0xb60E081bA63c674878157640248b17Bf2EeD3A14,166
086267992780800,0:97c6776006f6cf3fbd1b836730e646776f4b4365b872a73bf893a3c87b566ed7,166
085537849106432,0:9e3d78dc59ef0020e2516f9c5ebf865f5a2aafcf735b33a7c93ef3008ce0f33c,166
086710699143168,0:fcfe5d20afacdfc18668d3532e3698ba09946fb4d3d5d79896714d3f725ca920,166
086456548945920,0:6c46ac64e57fe79bf30de79e9a06d8e3c3ca77770947140a0f8d9e15491f75ff,166
085549899079680,0:578805d0bdbbb50913177b5ef2ccde79f71a2a22c40a53a1cd3da9c546f9549c,165
086594620100608,0:d5091c66512466cf0c697b19cf70688019189196267b35d5420d70b156ccbe59,165
085867397783552,0:99522b3fcf95b7718e35d6350485a8e2f1588f80e2aaf8f4d7595c88a64226dd,165
085415188623360,0:4adc2ee457e09d6364bd8c38e893485f04b7810963388cc968e2d5ec11dab46a,165
086358718509056,0:9975c2d63e1e41c7120e502c6e72b882f4fd85a730bb6918d3e9e74fbfd23a36,165
085548023222272,0:971cd362183e1364a1232fbd0857a806d66f989d755d5227918bda14a411e860,165
087347398742016,0:f4dd1ae0ff7c2cd80552e027e35bb9293a0c5c89baa553df12cae2b18c61808d,165
087782894948352,0:e9dda51483abc3ff4d529cc7f3613da6486216b5052be57efb66cd46569777ce,165
6159235967300100697,0x0FF52DdA380525E83506B5134A35E8300341F92A,165
087096322924544,0:792221a9bffadd709a00d08997994ef493f11572b261ab2a3f917618c041b607,165
087297785090048,0:a716e3f104b5ce1c1daff6f0bea9d5631df710826bb66dfbce1b7de5865c8fa6,165
174753544712192,0x3d470219584897b7C193804AB44684d90DaB1493,165
3116284427177984,null,165
162053085954048,0x6D350b3A6BAb793B1aFa023f8B229e11eDa004Fa,165
086312205025280,0:551a2f8952310c1e7e7f597922faafaf1efebc019712abd46ccb923bc202c159,165
086565816049664,0:bc0580bd8e815633f5c3b0968b6902e7c7c0319742ed736724329d10e8c7da7e,165
6156810862900102320,0x753831D52EBc45A403EecB419Eb601AEfD297630,165
086702485495808,0:49ff993fb4f1ee33d3f7c3b59de73f430e9bd1530630c0e1f0b7c49628137187,164
087540209606656,0:155424c8fc0e2026d28c3774fc2cbcf9fe34091e5341c016d4a05d45b40ef0cb,164
085582112387072,0:33485c98e6ed3525288dadb2d8e47f5794b97a192161eaa7e523c54eef62c230,164
1106841161285632,0x5070cEF9739B16053540F274BD12f8d4e62FA26C,164
086001793245184,0:83d408ac7f08f5f5801689ec785dba9e1770e6ad13d5b496bf1eeb22937422c1,164
159624490983424,0xC088Db0D32639182D4a3C13FcC34B51e0F052578,164
091921180377088,0:57b7ff77e8040613e057fa5532f978134de6ab669460b0b7da07cb91e5a4409d,164
086635230707712,0:75cdb3d2fe3fa47a545262955071c0a3e9be930aad7343eee4ac8478d023ee2a,164
086425451433984,0:3975a45b15363f02667fc983e4d9db195f203cd5b1c88c086cf7716c8556f5eb,164
086237658558464,0:63315f4a62b755d387340ba2c2d73ca8565638ac5aa4cf3d965a75430f1f1d7c,164
088116987826176,0:bb729f3f68d019688c8e9c4e4cec333e4b302d0387779af3ec3623c53e33f3e9,164
081298441674752,0:9504ad2799cb1841a96421d86f7a959d95a15d4831964cc3693f10501370eda3,164
174829228367872,0x109ba28D481AdaABAbbB115374901BF779B93621,164
085766884798464,0:b7c4ddcb4d769db8741ff646c2ae9cdce813ef6b87418bac48e45bc606863d47,164
086975207084032,0:561cf70f4e78d24e5107d0f4dcb15b8076dadd2e8237c6ada0e2099bad2b3443,163
087155953516544,0:4159fc9a52e88563cfdbfbcc483fb769462e1069e27d3f909176aabc7c31a3db,163
085407153004544,0:7726cf52b183f01a20158b397f8b356f1d7de8407e253cc0ceade608eaef6c37,163
085576856727552,0:95aade8c8bd1355cb0d0270b9fbfb84e758cfcc8535f8185ef513184ed1aaeb8,163
086200472182784,0:769f44f4740db381922e18e5b33ea4b8c5a595353ee8f4fb7314c48f926c6dd0,163
087782692564992,0:1329e9699585446c92e46b8f5ca66a550264605b7a9c037fb09771b04754b33b,163
085497055830016,0:09abc5d29099505ad38daefe18193ced4280c87d042aaf3f548c32adfa0adc63,163
3106687281004544,null,163
085869443198976,0:67b95fec133edfdce7cce15ffdc5cdc9115b5a5335b7763c3c7271548a7e6b6a,163
158270296956928,0x289E192480Cc35679aCaA8afdf511B2a6BcBA56A,163
6159235466800109754,0xeCA5785a09FA6AB180A021DD45629fF7Be25E443,163
292106641424384,0:99a6ed35081adf9f4862db8e88d0c29dc8ad502c3cc7270b321ab32a5c16595a,163
6156810709300102070,0x778c7f24B0E7595940Bb33958e42ee417769F88A,163
088980272500736,0:51c841af4ff89229d9074ae60e0dd02f363a822dd035136ba94c09ccf731e532,163
292846369189888,0:71c1875b35b05d41944f1df63a2eb87cca1c34d9bf40401636a4c8ff8b10f7b5,163
158055338348544,0xdb7c6B76B89385F7AEEd2f1aA0437A132522979e,163
6159235462200109744,0xf1CC1A27e1F7a6e813480D8E0172161e89EaAfB3,163
6159235461100109742,0xc1e9C77fa133CC94235430b28B67d80Bc792cBf5,163
085427324403712,0:3a252498e11b780b6f228e2557016f01274a3117e653f58af68467b8549bddde,163
085407308439552,0:07e711b711680376c1b324d001bb6a180b7f95eac026a0ca481a6d826d264485,163
086937678450688,0:ef1cee222fef4372f1bb495db84b4a0e206d7bb11af88f31a38d2efb88584b47,163
6159235899400100569,0xC8195906291A93451CFa31B4f6dF7940502bd3d3,162
158130630266880,0xC01DE6192104890a4EB45a1B639d80193056AeF5,162
085892167327744,0:70dbb394f5ce5f500a22fe432d8e66893c6eebb2766026be472368e2577e9a90,162
6159235900400100571,0xb3a9cadF5De3D5D774549d919a18b84A7C2b20A3,162
087179924086784,0:7d44727310dc70b8470605fdedd454dd50b075d0fa31ea91a192bcac8a86e4d5,162
167001779920896,0x24e123fEa2524BFC51b6Ee6477F9ec190A69C170,162
086563151470592,0:0867de503f8ff063ece3192d9026ea207421d508b0030c11e4baac5c77e48dd5,162
6159235864100100504,0x112E48F2830B78A5A8Da97e837707283C36Fc141,162
6159235456700109734,0xe791dd81D9022927aEa8Db152452004f0843D216,162
087034057949184,0:1d830e021f1e39da20b2d68b1dac0824c09b7802186f880e21b1b379df90e744,162
086961131044864,0:2fc9ead3149845559f382408f7edb156b5308d388c939432ce822ed2d9e4e880,162
162693256036352,0xDd5CcCc731E16bAB67fac1DD8C02cFf31D67BF40,162
086826031792128,0:e15a98c9a9cd76028d86d017d2cc419011ec13c6c5ce287b3c099892d32b72df,162
292567380267008,0:5f98e5ab227b012c125134f469ef452d8d3103b574540ac69019b5f3a95aaa64,162
085358557118464,0:0fcda2aebc5e5aa8e8ef9cd2516123fb8021b6e146a05cd6e08a733d193d96fa,162
164279402024960,0xef255452C72A7b241207F31BBa03D2F25Cf0b1A9,162
175108148596736,0x581CbF2FBB115C000cd10774bEEaaa39Cde2488d,162
6159235467900109756,0xF809e71bc96eb557bDE253D59d8aDd81CAc77DDB,162
7176654051700100458,0xDdD0b55Cb5fDE4252912382a86fFa9F4b1C2B5Cd,162
158150209970176,0xA8A0d4B7987329BfeD7faac9A478Eb70B81C9c18,161
181384225964032,null,161
158103546753024,0x486f8964d9cdc839e2834Ab339188846B64a534b,161
7176563368300109359,0x68eEE7A8Db7Aa9318d076B445D431c3fAb7b5e48,161
174753542860800,0xd17F940d382AbB957e196b8fbfE8F55429cB09A3,161
7176673463800100737,0x366342f5291fDDA70eD8e1eCb61f36Bd5aE26f95,161
086153540083712,0:3ceab7f0a505ea3b020be579a9ceadf83547c54af41df404dd38f8a378cb5c12,161
7176722823900101266,0x1d667B9C521701D1C977b37659105E1c2174A5f6,161
088743960170496,0:1a7fd85f25702cbf455e76e557d4b9d41a8bb799d16575f09b948e65a5065848,161
085995503173632,0:ba7e789f6560a1b56556ec36f1698c292410873aaae0c795bfd714f0d1a7d81d,161
157985500639232,0xa9df5C41F54C36eC42FF593A22880fE0562A229c,161
159269656649728,0x138Df8ceB2Fe8b68Ad3936D7921A5421651A12f8,161
094396740583424,0:0c753303c10301717923b67b106aaea4646b2cbad56ec406db3018c94d36990c,161
6156810720300102090,0xe4dD426185567ae75284694D64D16914E05f3033,161
158246256242688,0xa032977BAd01b5E7fACD7d0eCd76E46c7d32cfbe,161
086592680062976,0:f179ba753910e66877ce69735b0c9898062912cd2b6a41369d4a4c82d4c6f2b5,161
086019444019200,0:1dd42ac1769b3cfc5f579089eabbece05e7fe427c97fec091d215a80203f64d4,161
089651245027328,0:9004111fd24a6fea244ea1630fb2537a6757566f82338aa34ca5150202eb3538,161
3106887495872512,null,161
086895200030720,0:876fa22b180b3a45eb51851f30c8b399a6523cf6229801dd3a186a0bc4901db0,161
085542742253568,0x45a42008317B18aE0CF91141f265B4C3D5923A87,161
158167021223936,0x5Ad75440e1c2EF77e1F1569376CD6b7bb951f328,161
085380125818880,0:06c05da8bb7c6e131a174aaaaff962325b4c7babd64c9103a9113d00e3db88e4,161
087598094671872,0:fac843b19c82361d1574b39dbcaf2c945163f4dc9df4c98fc4e4071ef7a262fe,161
158217504014336,0x0637551C1CD9C6E5d677A691addac565eb7EaDb0,161
086714884476928,0:17463d8a45a4b8d01f3aacaa7b539634d73b5c19184b34752c96d31de5e18636,161
158179478687744,0xC9746598d1C55cD6c748383aC6D02a615A7A799a,161
086186427834368,0:7c7f9f0029e34b7404b1b7eb0764004bc2ef9cb9334a9565cc551386c238fd84,160
086123040350208,0:70eba1d0615e8e1a17491b67583b5f0f6da3565656981942e848a3365257f3ed,160
158314058469376,0x7450Fd28ecB18b9e9d9f77f0020cc202be33438b,160
175122191208448,0x18B9c346116311D564b0a45c130225204631ab0A,160
085562268590080,0:00e3ecc0894884baf1fefcea0b5ea61f1caee9ce037eb7df164cc3c991e76abe,160
085813239771136,0:9496c9c45d4f2fc4badaf3ebc32abf7ff4f3c6dca01994006933ea0f30b1547f,160
085990807883776,0:c501741b11cd5a6f45664c9549ac536c855bb9474e1251e393e76783cfb4fdaf,160
085822492696576,0:5c347f8d04b7aa249dc2558a90ec4078da89e8a4cef4046665236ac7264893b2,160
087180832915456,0:c3b2efe7e7c338619604c322a69c0f1dea0677e79e546caf3e8ee44addfa5cd2,160
6159235455700109732,0x006E7F726c61CF791e0fd024AB43687C6D35b9Ec,160
393897065287680,0x10A10aBD4F1f389fF949Ed984Be7830a84097f0f,160
088878055571456,0:adc3bc5417e13d8f1e99323bc44149b215febdee9cb1cfaac3fb5f61c87f80e0,160
3111764696260608,null,160
087035278934016,0:e2b728ef88b89e7d5af4861e6ece45dff43040119c661a68734a2340f06bb944,160
085378527715328,0:95cd3da97e3e41516d0968bcff52fa463ad5922083fbd13f5cbddb7394ecf499,160
085761527738368,0:00665f5d9a3c92cd74af0e5a326b8a8e401c9356a0ee298c0df6124277147bbf,160
086873179148288,0:23c4f5524e30777c114fa5c1e3a7f1a340fd7e8ef0acdb0627923ec943d77473,160
086371365515264,0:ef3f4534d2557694c31b45843cdda36467e6d920ec833d7bbc3f589a8f30d06a,160
086118419197952,0:04115bb97e259583a8fee03fe3b8c4664e8d2968b86a71fe27cf19a4cb3edb79,160
085968693084160,0:265e38a7762ee4d5c50a73e83527d44258d90065d0d7683eab1924e9c7efb7d5,160
161084502245376,null,159
087008717881344,0:8a9b191a9da37226b57d9f4ff0d960818cb5666c471dd50068811deac7d5412a,159
086921996976128,0:315fdd6e922ce753ec7e2399d800cc1aef77bdd7d37d23a1cb2da6dfc44e5b6f,159
085998267928576,0:747ad099bceedeef98331aacf91ea99b4702f223264a78cd301979aef64e1324,159
6159235454600109730,0x4e0e4Da6d5dfeDA046Aec0f38b3fFF4614586C70,159
7176616056900100030,0x025F055cF9ceCb9B6003bDcAacECFC6E986909c5,159
7176593073400109730,0xE4487D0ba27C9dBd2c1B9435a0eBD24104271800,159
7176570241900109452,0x56c8836732182CdDe1437Bb0196C1C9A0352c93a,159
7176547586600109110,0x9a6B9020A45457381B7ab19AcD9eEb258BDbE460,159
086925864783872,0:c5d0cd2de4be02d1dc50fd9ce037f2662796cb41b5c9a92ad1e8944318bf54ff,159
6159235836600100451,null,159
086216595394560,0:1637cd869ad1766157989159fe63be80af5f0953528c26c557a5e97c13ddaf3a,159
086870395441152,0:624ae94495a9daeb1d2a80cbcdbeaf136f8b348d453ad6cf325d80d04c03b91f,159
7176375881900107485,0xA49AaBb7Bf594808231870456bD2228A239b6991,159
7176494194600108452,0x5554dd9d74c6f264Cd759E418F5B8D1C9380B3A3,159
7176710848700101069,0xb291fc0A417d339beB93554d523a9e08a14C8c6E,159
6159235421500109669,0xf0B74Eaa627528591aA97470a2977059B4955ea1,159
299098301845504,0:666357e702b0483aabb3e9505ae46afd5ba0eba923b42e872ef148ed5a0dd1ae,159
086059834445824,0:52272b0f2102bbb0b0f75fa2cfe4e30ccf3121825b648b5c02c47f0a320a3405,159
087246667079680,0:54e0703a2f557d269fef11fe15a57e347126311b78e5c5fbfa9c873bca7856c0,159
087260537655296,0:f4440f8b23d72c2c8e4a07ae9887e102dc5a51de93cf1cabd72ca706ca77fee8,159
086058236411904,0:e57a3f998fe86b585dd28bdd58bea0615855837c4f4bf34e377a3998ef5ae8a0,159
174753619812352,0xA6bF7c7062Ee33420bAB5f6AFA12835e3E7B62e5,159
294215883976704,0:831534ad8dc1fdc3bff23548a034f605469fe200375e025372801c90a6ed1f19,159
294038329847808,0:1288c2bc9b106db0e8e85d8c243fbc1742ac787c2a616c4ab553e6e817343954,159
158696653742080,null,159
086016119009280,0:8149924c68a3e878dd7aa7e46f2c300ce7701445a72a30b1b252576fe2fe5c6d,159
159325594583040,0x4169B5A8081b41ebEfF047302576Da62a2BA22c9,159
085494234087424,0:00f52fc251807913ce96029b79dc562fe48fb4cbb68d6b8e0d47437243716baa,159
086866491867136,0:11cf4d5b3425dde09e4e3755d8dae119e7c000061324ce67532684ad7a9fcb9d,159
085602992386048,0:4a59d76bbe9a787f72faa4552304851677e2e0e12c1c59b593e7a92b05e484f9,159
085891841105920,0:62628cbb62482acb8e42eee067b4eb1ab97354642387192685d8bc06992051be,158
7176564365700109372,0x18AeeD870ac18281248dB9418bCc4e5672D3D68d,158
174753546244096,0x701871443434Eef36F620DeD20b228631dD73CB5,158
7176420237700107771,0x6c3C3ebd0f9aE5Af556B2D4E8874bc24520e2f9d,158
158469426937856,0xd50289fAd7e616a445B447F6920455A0dD7dE253,158
086834192461824,0:b7b013ac1f049686e5ed81dfbffb349a9a91383b7e5e8598cc3fc61ad5b3d59e,158
085370186809344,0:0c1f6f6858d78795ed386c5082218552464271460fbdc3668bde38ec530493dd,158
158348168437760,0xaFE274B630a69DFAfB39bc9fE6a789da494a8600,158
085358595067904,0:097a73f0e88a2122ac1211632c3332ac516ead43017fb6a487fb9ed7c5bb110f,158
086744985784320,0:87c66fdce5fac9465aca5902fe9d3576dd605004680cafddb87c435a0275547b,158
086634928119808,0:0227483a1d2430b08f6537d05210ff857c8afd0528c18896e0f382b859f91744,158
085875988836352,0:d56b6f127d37bab1919b5eb97e1a533b7e8538aee47463736a0c6f7e4273fae3,158
089781047984128,0:6477c107e326a956d9f17d8abe6db003f0d2cf2facb1f79369195b72dc821f95,158
086272101023744,0:8f71ead1a5cc074de2b4629b224f216e83b34f06404ed54bf6fa52adf1321bd2,158
087316735541248,0:488b7eacf815eb88c7820fb67b4ef03446a1f372412ff516b5aa1a519e1e6715,158
7176717453000101126,0x36683b1Bb17307B9F6abEC120F63529D1C6DF84e,158
7176701865000100951,0xaB10CE4F314e16D0B6ee4e4d55F04D320Ff3b2b6,158
7176441650100108008,0x6Bf56D46214AD0a6C473934Ff21896f875dA39D1,158
7176537074300108973,0x15F78aDF382dd4fF5A946b85b03D4cb2d6aB6572,158
087326884057088,0:00c5e80b9bdf48d3a5c0130c557b19599b28e677c553a8c9b82888785b6053e1,158
159351146921984,0x10c43104c0C564167F5D9DdD192bfdb7e756584F,158
085879785926656,0:7be3afa3fd890a21f157c4b5bd1badf0567c22810df981598f6314c64218670e,157
6159234326800107610,0x104417C17CA70b9e45b647266398666923be3c18,157
085668980383744,0:d7032c30e4f1ba2253316f6fc9dbf15505a29f22cc1b8813e16fea0d1c26631e,157
085818709749760,0:faa89ff6b56fe5fe7d73345cd56b307fc6cd476705f51c6e7c35588bf78281ff,157
7176807596200102526,0x0c6D8dB3Ac8ED6DFedec607E0E00d39aCdF6eE0f,157
7176483802100108346,0xa506B43a40277Cf966Fe15f3e0cA425D847A5375,157
085795037446144,0:4ff1886fd4e6d1967070fcde62c4b20f7fae1d87c536990fdd40a8e9ed52476d,157
7176785185700102097,0x2030030ec75CeF4025f7b04BF80706dBc51fd820,157
086312337416192,0:e0321740ddb856b0ef1a1874e920af48da510c6458755094a3a117ca5dbc1016,157
086081458434048,0:c36c24d6b84b0efc635714c3d44e2f8e51de78917602c76fc24d23c78a606d0d,157
085876072828928,0:166a9016c5ff5aa8424a596eb075f8c2b7c7c0d50fd2dc6680d5696a7815508f,157
086408445718528,0:1ce55569aee5f08d5b514b19de82b2a5d9d612654d43440a239a51caa43f773e,157
6276199406000103835,0x13bC8d082e90b075cF7049c08D9c4E7B3145f070,157
6159235539700109889,0x5c1980422b7118aE4fB8Ae49461eb272248ee0de,157
7183692258900105167,0x08DeeD53bbD8B44968Dc0c320699706E7b233b50,157
085440391401472,0:0049ff1b5bf1245f8d3bbefe6e847992ae6300716b82a7e28771495da1153f84,157
085780145643520,0:51fda59bd606cbf68778e0bfc78950747b677ddff9960bf0bb88b8e465b167cc,157
290450176958464,0:af706421e35bd42fadf5c817ea93c6c767e543b8223d6a43fe3c0019cac56c5c,157
086183467290624,0:82a315bbafde7c7ba38290bb6991be5431412145b31f87bfa811db7a03fcc673,157
7176565286100109392,0x7e67dEFDfbB22395a3F66143f7E697C723964359,157
085834526183424,0:5058867cc470ff2de8b41549c632e0ec030f5e1e789613ee098d7e1207f9879c,157
086232927473664,0:cd2a14ee3365bb4a152b060e5f341967190845327184315343abdf18837dbec4,157
163922277416960,0x3681E265187844171aD25cb281e297e302fc1484,157
085637972930560,0:aa550e22a57926da99ab49ecdba07273bb42a0cfa1b0669c526493ba287ad081,157
083433387474944,0:6b1910e45f09238919af4c568a30ed0bb3e71ff9e953c21234a4663847887f5c,157
087754467528704,0:3041e8405a128f4e75f63d3c56250cf299b4d71379f39e68d44e67f0db8cb0e2,157
7176726861800101345,0xd78518A88Ecea20b423Eb7D17Ed84442ce962a84,157
086666774540288,0:0f877abef6a418c95aba47d88cb82f2f98d548b5b3b98957d6a56b4149e8701a,157
6159235722800100235,null,157
085374960472064,0:c0836a8517497be7f1c4294eba77e166eaba95c0b3a4e42b0143718a7205ca72,156
086947690172416,0:6a15cebc89a2a68ee4d61bd6c0d5db6ab83dc28fffb2ba697a1ca7d4ec6b1ff5,156
1122120518639616,0x19558C771D2b236df5fa303e26639E0864FC1C14,156
086025436295168,0:7f1b09fca334a3a8b55b92a0be51d8503208a2ac69b729e2795322ef9133412e,156
085677403262976,0:6b0a04be7721aed180172246c44180d67600005fe9c43c18e877f3167f38237c,156
6472986723200103886,0x8cED74494d455dD7468855C81386dA532285720b,156
085640503525376,0:377d25174aa2aad014bac92e079560eb6d28237fe4173db69f7e5a961b7232e3,156
085417734103040,0:0cba1c67a2a714508787ad444ccbf3a3db6583f3b7bcd14ce88a8b452452c0e8,156
087116734427136,0:c4c2761dc56a3ae36304dbbb7ca8b3ac6c85707355049b7ae4cdd4820aced726,156
086957960507392,0:c0a192959fcec1d5398b9d7a0180db09ccf4931062fa5c1789f8a698c43deb07,156
158308845203456,0x893dfEF987881e8b21BE8a8EA948731Fe7Ea5e57,156
085555583356928,0:cb176cd53434598bb787eb359cb07b880d0f619cf8612950f3fc12d275b7ef12,155
085938859184128,0:2332529a4fec833d1dbe6c6011fc4de8a80717673f10b1b5fed71b913b7a50d9,155
086416228282368,0:b706f1b934508ca71a5aee13703ac28d760ab36ef1b864b4e387a6568d036dd0,155
086049522794496,0:d4cd771d4c9af076fd98d2c1c6d93974de77970e64784eef07a41867da059dc3,155
085552356429824,0:b3a20bed31b4746db817616e450e72b4718bd2215f2a61289854cb4aa4de74e7,155
085776615149568,0:bdf6a03847894ff749063ef7312fcb4fcbb36cd95a6da3506485aa4d8e22e370,155
086099866701824,0:341ec29797aa046c7916eb70ad09cd69725cc96b3d37f4503f4ac35f24a503a3,155
163538387542016,0x88328D73D80B86774b43710231f59914D79ae9ba,155
086158312173568,0:59722f063d94acee0284ff6742749fd7adcfbbda83edea2200aa784694cc5fe3,155
086130914803712,0:4010c8893c74af05eb4dfb6089e1b0a0da4fcfe1f81c876f9e81054311991755,155
158878855487488,0xDB43a88CDce7B851303CC5A9d69936d9e88199cf,155
086946361257984,0:fddf31454790d6633e7cfff04d2dc721d98120a13a7a2bb1123e65ee144a8fc4,155
085478972776448,0:2e3bb58925b06a0cb8d535cfdbab51c1c5315673d205de01d5258d25451ba6ca,155
086350987165696,0:9672e174bcdfb8d60475274f929339953ad78739832e2b39231a456427d3371a,155
292172729860096,0:ff56b24e3c3894478c5188adf90ac4a826f2ee26c9d73c89d1ebf099ac4f489b,155
085580495708160,0:6b8908f753174a6d97411e6504e5aec438ed0185660b886ca6b4bbd364d27f75,155
292519833137152,0:05d364f9b5ec58023185c40312c4e541dd5d29ec7557bfedf3101b18981f11f1,155
088692651192320,0:43db4582bc0edefa64aed579d034f0f2e3a5e2b6a58aaf1f8a00454361246058,155
087175865008128,0:deae0e77601de48275b19cb70d35499e32850cf4b0063a115aa3c7f73db11a35,155
088300235083776,0:f84f5ecf5cbc5fd3b1b59626efd27ea5d85f15917645052b3a727cfdc3cec933,155
087647968026624,0:cfe49c7302d5e54631c0074051ccf2923dbd2605a7dca2c09c41cb9346be6ae1,155
164855059599360,0xd6Ec52d78Db1f7b23F81D3e8dC6A16bede924547,155
086892377407488,0:b681cb785e14d605fc586eada78eb5f266f0bd385fa5013b3a7c318f64b159e8,155
158160781860864,0x6a65c1aE328530B67175b1b4a178411F9c894d1c,155
085590980079616,0:aac8f4e0050f3af72599b95bf464aeb08d8181fcbf0472185f1723c1c7c62d9b,155
6159235785800100355,0x2C8a5Db1CC843542F3C7D720b2b072C9d595AE34,155
086846731767808,0:2e6017b3641ac1600b6321acec9976cb0adade64f012dd5add73b4ca37bb13d0,154
158290528636928,null,154
158295760097280,0xeA7D1E95D4d19f7bC15494BEa7492AecF018ED56,154
6159235356400109545,null,154
085527933628416,0:fdbd50762642ae6b5110a3e23c9f600b6c6e73146b7e317cc4acb81ec0049301,154
175122753871872,0x3d641b4135b39028CE00afAA783089e314A132Eb,154
085570050625536,0:62fa6cb3be859d277054b3f6f9489d967c1df4e7c81815497ff19084358d5734,154
087004428824576,0:180b27b61ed616da0aaedfbdc17afecb6182c7771bcb41a19f54609a6feb9aaa,154
158297885900800,0xe3eB87276b081c2FB04A86839Fc8CFd8e7ae71AC,154
085647428157440,0:a83c8ede5127a515582ff78dfeecd48178b876af12d94a37a60d9d85639be735,154
085941860147200,0:a68760b6f3db52f5da9fd276e4707cb579bd44530f5a397a1c5b0083139ffeea,154
6159235897200100565,null,154
086037577469952,0:9dbb0dc7fe27578d9ebd418d9ec0c2d6c3e9b1e6f3a2cd0eb93df08f47918a59,154
085983719469056,0:94b957f4ce95811cf26cafee22575d56d32cae58574747ee4636ed3f5bb6789e,154
087305280700416,0:c2a2b13c6e35a59a9be81370d05c635263b8554718e56921d3f07075ec220831,154
160358806683648,0x0986A9bD7536017833770C29CCB0A32291bEddd1,154
161808432676864,0x84193973a67d4367c67EDeA822286959379F817b,154
086304404213760,0:b4daccd50301ad1f3c6de19723f543dc175e793d5dc0483bf2de52da12ba961e,154
163032881553408,0x8253485c222075dDF34Ca7412b5F9207bA6289Cb,154
291813969420288,0:0187ea0b6fa7bd53075b42c31c9cbc1469a8b0869c942d1e10f4456f0591f9de,154
087868625432576,0:3b4477528f051cfb28d775f7933484d42222186b11aa0c17e00c1188a4e15b00,154
6159235457200109735,null,154
085781958365184,0:3f7d6c4456e894e6dfc09f8afec04f4499b0e306ad01dfa3939be1aed36a912a,154
175122184085504,0x6e027aB1d0e11454a999891aa3AC6B7A602a82Ce,154
6159236087900100924,0x00692e5b6346554c08086D27A3762E90707F5761,154
291961339432960,0:b9b62dffffaabb02daa14823144c854bf5f7a229d5bf8434fe14d9c29701c8c5,154
086263747354624,0:f9cd54c6d5777d27366676a938cead7be9659a170ea012c2e8e6003cc387033f,153
086384309792768,0:0d6f8939735ae816561c5ac8843462a4e93a14891163216fa90cdebc85c15395,153
086074150756352,0:a800c5877202b0378459d804a532f14c6e66a2614608ceb83ac87de0f2503ccd,153
086362332934144,0:92fc0935a87eaa7b15ba6919c991a8f6558fbb6388bf99d60529c54bb65516ac,153
085570888163328,0:4598431b4b3df385a7e8b35e23888cc8a35654ee122c08a1c82e6baa26e69e99,153
085496773316608,0:1d7b9fe83d9c56fa9f5f31dc85e798b783f998d93f87d210fe6d83a595a315d6,153
6159236089000100926,null,153
6159234327700107612,0x51a57D8A4a5Bcb646Cf930009cd63d7E6B57095E,153
087261796732928,0:23adf38163b14041609374f99e7af40629f02d1fde58e6c0b8dd34c623c194c3,153
085980406730752,0:6bd2c92917600027bfc527a3cdf9f151be8f6e5e02e718b8a8357f8ed2e3165a,153
085456173731840,0:46f02e7363db8d241880955f2ebfe0a3f89d1f30846468938f1f3346fbdd855b,153
087644193800192,0:582e9aeba8e8f50fc0f8b81dc4eab4c9b334226e755fa05c3429973cfd0cba68,153
085784125448192,0:cbc1fdcba7077759e3789eab0d1eac5d156d48f000b51ab09a44602c429544cb,153
086609038061568,0:1d3658194694add0551f73ac79bcaa99fd012fa82d3fa164ff44c4874f851721,153
086021740261376,0:8e1aa9b1932c79a59fee92c3c9f969525e979e97986e5f1a548e17a7146ffb2b,153
085482742345728,0:cf1fe57d25d5205372364f59215d6deca1d57d4788e6726e3f5320142c116109,153
085887241412608,0:7fe8085ac7072edf36d9850545aea947d3d815027d0b5d5f7914b09249c4331a,153
086413249351680,0:3189dabc9bdbc65529c735f055667e4c9e1ccde870d060d84009c8a7e47ecc84,153
086030358691840,0x9163f9d9AAc164b2B840Dc62DA9331a0e75f3a1b,153
085742373167104,0:cee53574f33929af386d842d9d19eb1043bbac97d87d11193eab1359c48be42b,153
292622337966080,0:ffb768702dcf6eee313cb5da7a033472f09f45fa7afb1360c66fc10d1bc5361f,152
087131099824128,0:27de0252d534160cfc6ed0ff61f9b3a771e215bce3d0e3a4ff62f20f31c514ab,152
087556262424576,0:fd5fa299159880b5657afb9acc0463a46ef56c5cc5482309edaee509913cba27,152
086972798636032,0:571c86738c40803bec434c11ee9328be101182db30fd66fed36aba60c1cdeb40,152
087198660026368,0:6cd57890c06efcb9e8d9ddc041a0ea041a1f9f555482d0939fb482ab456091cc,152
087116525154304,0:f0d58b2aae3b080c56aecb46d64c89adb5ff443e211b7b64f52bfbc826c8c86d,152
7090035337100101991,0xd38B4C99C29B08Ef7C045AE11eAFc6994A02E2a7,152
7090035325200101986,0x5102cC75D9aEd5E4498CEBd713877E25D36C8b5c,152
158275680550912,null,152
087089006358528,0:7f9cad5c95c3873443dc84a74c44eaf0f9f5dcaae0ed71a9d63e31545ff505b8,152
087657211056128,0:1fc186134853c594dc8beee70ae0445b334927b9db13903b6c09b45e1ca20b2f,152
6159235718500100227,null,152
088037904830464,0:3f982c8b4f6d6e6046e1a170ff3ccdf03af532343239068c2ae0eb1821445f14,152
7090035343900102001,0x85f30942AcF49bb710496299017E30435DdC78e3,152
085965009350656,0:b29108dc93c9e13cd08f50abf45877aa9b1e80ec77b6f8875e8b98ec859699f8,152
085775824740352,0:e48d8d5619610da44ae2bed57b8f08373e84f6f612e32e89084ced5bf35738fb,152
085411062206464,0:c873928d80346986aff45809fa6920cdc20e21f263ac5779340e5b38658069c8,152
6159235714100100219,0x2F23549be97F238A4F4a06491C33429584e668e1,152
086357637382144,0:595e4176737894da5deb6eb320c6c64b165346f925ddc006ee584fc759ef4946,152
085977435070464,0:ff401a9289116d52df9c10092d9fd5e2245424e74b7a28a33f3238fc4c551d4b,152
086913241440256,0xB2CC10c8F468a064a74366F70050B4A70aba1D4F,152
085460872130560,0:5a33550abfb3641d700582206226e6d35f44f80aed0423fbc4f948fcbe4074a7,152
086301656924160,0:62be78286823c0c5d698492f92fa923aaec172ec65902b00c919b0f90d013a1d,152
085813250174976,0:ea9db724fb7e256b3ae5ff444d4a5ca9afd507ef8252259611a1a48b1d88c302,152
385902515699712,0xC7Eb92207838babF3aEEf4F67959F0C538B37A56,152
087024992346112,0:32595b3591557d816c6f0eb35cd0ee534ae061d7b6811412d37943205becfef1,152
3106995805601792,null,152
162669924057088,0x0af55b6C4733077CcB7BF3D441b65171064DD251,152
085846957350912,0:833bdaf361e4588393e807f5fc30d8d7e2c724007fb6ce4fbf00afa0ed1f698d,152
086834310422528,0:f64cafe431113fb3660aa829e397f0be980b0f38092b09167fd3629802463500,152
085450142126080,0:45864587c813d4bbc9cdc9cf9e2a45324c7f72232d055088c148ba6856573f85,152
085407203872768,0:099e907b59d721298e00c978e69db8abe4e3ae2d68126beeafafa41034eb9c9d,151
086928713134080,0:0c639a17188b8904214221c14a5bc062156da63d5d141e570991d9eb519f4458,151
087403942699008,0:f03d8f9b98d7357a74ab1ffb28e67fbad379c59b2ef154f6c3e51eb64bf51f2d,151
159640310083584,0x0bf5e23227689463038489DdF5ed46000befF5F8,151
7106645686400106329,0x5663AF396B98cec9dA1C0943B7e3bC5f1F50c4CB,151
7106643580100106228,0x2FD79fFcf27C53c208b5ccba71152824c0101aa1,151
7106643572100106219,0xc3CF905Dcc3FC703164EE79A32D114f724770a29,151
7106643568200106215,0xF9B51f76635e1f25C11AE36906D9686cAB027DF1,151
7090036344900102067,0x5f389c4587DD3faA2b01a64bc46869A17D5F728A,151
087151371657216,0:ba42fa6291819951ebd0c95dd177c3c8839c1e28bb248810151ea55a40deefc1,151
085654484480000,0:e420f1e3e832b775a1133748daa49fc48d5f06aa672d80318d8b4b8086b8f9c1,151
085498556059648,0:47b3806489db37ff01e90001fb47c4205e3168484e59b155497d795e2d5a6648,151
085421576081408,0:dea8bd28575e7c62bfc855d207dc0239e67303b33e9a7be872e611e04206a38a,151
295024853487616,null,151
299054712291328,null,151
158183407173632,0xc3aC954373f045e3E1F5a14BF53A96343Bce08bd,151
086053009453056,0:a54c9881c489fe059503ab4428305bcda2061f221e02ced1817a86adaaea4468,151
085363736592384,0:ccf9462630c4188983d3f8058839c2517673176505422246623adef1f65bdd87,151
158286921785344,0x04a255F3cFbe7F6684b2F256D13afFEE47b8945D,151
3107111654744064,null,151
7106643465800106210,0xc5B610278D678Bcc2140a6280FBB2f863b154504,151
7106643575700106223,0x4723A6102f2E7D50794535a45d365BDBF4E9bC4b,151
085857014136832,0:221869c0ee9fad51c19eb2e0ddb634cd29c10f5ed474ab2001c0c800144e456b,151
085633466634240,0:85a1c51fc8391e870e95b1a9edfc32fc747825af02ce1080bb3b50857043730f,151
085437649539072,0:daf8a12898cd2d7634491caac6a2f1c3b126ed3c26fffecc33aa8e68f46e9912,151
085806003597312,0:9ce23cbd8cf13cb828d7d560a0200fbb2a4d9462951ab1ef75e66a2673ba639c,151
175122721882112,0x9C348111293f8Fc5a80fC661715c3d54De324F4c,151
160358812524544,0x56f37c42135CF5984d0222c65Ad3cc6A1ea0085b,150
085640895713280,0:60a5822e6529be91534ef1f20cecfd9a42ef41054db03c175454392361912be4,150
087793216421888,0:a80831e668987841245adb4009fd385cf67b9c26b356fd892aa9857f2b805ce6,150
396490040745984,null,150
179892324966400,null,150
088714788245504,0:2cb266c9c0507bc3bd694070d7481cbadf097e65ff3d50406a44ea15e0640627,150
085599882170368,0:8d9156244c3663417284b6654d0801d06aed62ef968ce4e92094c09df61d7e57,150
158160179830784,0xe6ad5f933A620C0Eca4c3F4AB075a1E97Cee2937,150
087299062497280,0:5efd925d3c203a4e2e53ac9618ccfcf16c0b03ac46f1488638d50d4bb1f79cc9,150
085985154592768,0:83f0706129bde0c04891601ec131c84eb890664638ac76861019529d31caebec,150
158246997667840,0x7D18B321856b4347E29c82a33e6468dFd5504CD9,150
086989186793472,0:f40f39cb20a1a837d756330f76d9da9ecdd7c379bf11a466df8d8477651e1763,150
085417076559872,0:d924062463fd264f02910b86ec7a7084ca56ccc44c6ff1f871db4b9ff95ed9b2,150
089130192629760,0:d9e8af74a1f5c980c6f048f0cce00a497cdbcbe6cd5f8bda8a0eb348d180af2c,150
175122182414336,0x7e1eDE719761df80161F64E438Abc4cc93424CfD,150
086073507287040,0:0594af06576923f4e74c5ded815f24a109c00986028b608faf87f5a294d16906,150
086931637272576,0:b75729c3f798cf0e0b6c93ec2b00551433519461c06b81085b82dfc5e0c99f7f,150
6365586474500103435,0x6912b62B560DE9502F1f2E78148A4637610054bf,150
085831581892608,0:f85c58fa92f1e24872c0ecf7ad85c159657d4c627008a0d4e3f30e61d7d66a6c,150
158193483501568,0x6B564ACA9aea8cFE86505a5268Eb46e4062bCC09,150
089926942695424,0:9ea1ed2f8d14e88777ae57e06b35bf4ef7e26d5e68f80e3236e3700f741fb51a,150
085543078215680,0:f1f398cf5b7a7278720ae1860f4eacf15ab39a771b3f1528fa64a55cad6b4676,150
085794196160512,0:ca40f55e6d0e86fb568193889e7fc254349392aa13a15a45329ba6a6ba573b69,150
085509077889024,0:17c9ddb0ca1b646dff13041cfc69afc9f43ddee44e57f9371e938833dd5a91b0,150
086442526134272,0:8a2a84ae34806ce6169553793d486af2b339a90fb4f2eb0851b071191d103643,150
297043918102528,null,150
085800827674624,0:3ff74fa441ee0d4144c5fb4bd0a301f2e2a9e317a665bee576ce9bb903b8242e,150
086006298980352,0:2237293d4fa9486b612fac804864a4ca8fee67fa22ac52528c10c2208253e584,150
158149082775552,0x4FE5Ef310b4b31695ef54d19a46871A1f3dCfF51,150
158149689102336,0x6a5af44C3927f0Ba31D6db57B8b51f9a8daE89cD,150
6159234512800107968,0xDA8AC235558dd75F875400165975bbd63B50384F,150
158091554787328,0x836eA760e599B7615bc7b4C96Cb2e98334A046DC,150
086290688294912,0:d88c3ba4c4177016d630a11fbae43f014b2f6b5ab8f3e25bfe4ddef592bd85f8,150
6159234172500107322,0xEef398163172A9A81ac0D59D0043832C228Dc4EF,150
159692181512192,null,150
159202902638592,0x51F28DAF53F53c60B6940C66dF81a381b1106fF2,150
085486803845120,0:43e29e6e26f7f9c6205f0d6d3b1fbd41e1db9b9e24766034445d2d6ca869799a,150
085896434765824,0:1fb1b5f78f2d23df3445a8ad766238ab1e48ee4c6c881efb1874bb26f716e556,150
7106643668500106243,0xD22Ef77A007dAA7B67f83Db24aEB3b00366a178c,150
087010288492544,0:fb8145daa4390afdd8103227343d77478a029bf096f17c4c821dda585e6c433a,150
086291123216384,0:b008ffe67342cd1564273f96ebe8d70b2e587791d3e87f689f773007408ad917,149
170287209246720,0xaBD15AF8D51b3F659d3Ea4001c0Adf3EcAB0B7D7,149
085890677166080,0:4eda6018a168e32e7484188d7a830cbf1225f63d7d79d9ee988ac7f6f00c8fed,149
086502057963520,0:7f34f33d9ad40a1d9412c4c8f45b8806716131ed35c6245e07064b9abb42e569,149
087229618405376,0:4ad3ed20af9d00bb1662a7c28d9a5abaa324be54b86dbd62b023dec8bb5b34af,149
088292047417344,0:f3f0fac4397366e6722e853b32ebd263dde090821b81410ff243bac61d9ea7fd,149
175122720854016,0xEdDd1B859723b81B70fC777b79681d8f58190F17,149
085427110936576,0:bf6ec4642e637dd221fc159e59ff9663017f10e7a3f3ea9948aea4f0bb231ee2,149
086090180124672,0:7ed7372f85a269c657315fcf9d8abd49568d71cd1a9a81a47a253b9067f66537,149
085981943902208,0:a80eece9fcfcc74f71427b315f3082df2148e3a5f5e77a6277d2879117ec70a7,149
291194731745280,0:ca6b5e7ba1ac18f977f82e273cf5b08494f03b4fe9a0bc07e685f69fde4adac0,149
086723400441856,0:2ba1edccfecdc9f7fa9fe9a1fa3fa9bce241dcd259820196ccc49e959c256523,149
085572143034368,0:4383bda315eb2a1291f0192c89bee9594d0de56da9e5214bc00684cecf6cc400,149
086976999350272,0:c682bdf1e1475d7b1f6e6cda3a9a9f4d15196401e8eba546a25f41251a4ec385,149
085713777176576,0:4bdfcd633f8b925d1186fcc260ec59b139781d3d906c66d249b1e13749be3e39,149
085969502183424,0:c5889ea5beaa81b358d484476a0089d1d688432a193bc5d31f91c4883e416e53,149
389922345467904,0xABf8298930F93d207aDd9aFED491b16Cd722a008,149
087378037354496,0:753aaf8782fb248baa15a0cd552562307e9b805a168c378fe8946619312cec98,149
088615372955648,0:caf4f83a321d5c8ece862a6dd3c12e1d5bfef56351bb7b05580ffb93f5f67d6f,149
089406219902976,0:057b7cfed1b5055eee1edba68412db0cef0355b722d82f59c4cacc864ef03f78,149
085861807386624,0:c223c90ea39dba5c476a31f654bee1dfd8e4a5fce9d92c506d7a55e71a6d682f,149
158271842193408,null,149
086127239184384,0:65e61e17e300083bd2b625940c0147f2834ed8c1fc5a338529204fe36734092c,149
085562995859456,0:6428e52f47c4b7a8cc7b8e2fb0316af3e14a164eda45b84efb01d0f68b7aa1c9,149
085833067704320,0:b7a9eb30bf87d5ce7453e4d38c5accfd4d94c391ba4a13bfada7737e84224b6f,149
092319667695616,0:dd57155078b9cdc3894f33d7690330c32517cede4697946b790c0eba2a304f64,148
086687511146496,0:ab9a6cdb6f7665858a99038b65de89602bcfc72bc39fb6e570c923f37a75cb51,148
088180964257792,0:4b6a40982949f96c488d6da0144642526e2ceddb3f4f93f7084937cf345e8d2f,148
085407804067840,0:877f34a4601002c89437b10263c5787c161e3d700569ccd5459bc51730437eb4,148
085409508368384,0:19dc0e32ab8c2f38755722d8c923c58472e73caeecade20a762ba46869a4187f,148
085429339967488,0:277a055a13066eb0bf0a73eb1fa20fce6f6c7833306ddb94cfea5c573dd4c680,148
087312896241664,0:24e903b8fee4ddb725bbff10120b6f6477d8102b061b7d553444143253f426e5,148
085494274846720,0:a73b68d42edfe4a2384740f4b18298776d11de6518548bb7d69f19144193f764,148
085753456439296,0:27dff8d912a19081158ddc35ce13345cb989cd400c9e7cd33e6608afa85fc601,148
085427509772288,0:95804afaf9a78f3966bb900c9b9560a02c1ed4bad7f041a54ceb88016864b2e7,148
085430158077952,0:f7b9b4fc0cd5c2a5304cae06c0b3652304b38819322840941ecad1584fbeecb7,148
386040702279680,0:58def119b82c65d076c2b3926a647d1a9ba5ce19b039b91684bd65a95f5ffbec,148
086860048650240,0:560ffa6c89ed7e641b92f42696b95955b9ada24eebb7b160521723b7cf4797ca,148
085488586072064,0:dc3426053f12f83296be555fa0328a8ee4f5ea7d4e3926291a27a633c2372565,148
085517838757888,0:d61ae8e9385334d18051a4c170370228f47ee761f112366696f529147f382854,148
087555754733568,0:f878676558df98d2775914b28f163ed4fac9350768f56c516222e761c6537380,148
2118283165286400,null,148
087005276213248,0:0b446b0696db83b36df2fa48455f032cee12bd7307657c9016a20c4c02a6ce02,148
085948457570304,0:75619f043992447606a0fbf906cece8af1b1e5b91d9865f59a362471cdc6ad9c,148
086991838101504,0:6358087f6cbfea42a2a1c94f05c3134262274fcd5714894d15cd11df502b6488,148
159170413342720,0x3B1C8F992a76A4Dc459483E43D9fa37ac915e43b,148
086269520556032,0:9d7599eeb085dca7929bf2039920b56c0454ea3549876defb31fecb27b39ea5c,148
086057464606720,0:e8d2971381b6a602a9e453d405372d9dd19e4d74db197b9dd38ebe36557343fb,148
086157303234560,0:24e4369e8f411e328dea77309c278048c9b2f283ddca3b3b1cf07801a12ccfc0,148
085971416489984,0:6712536909df74574f66d31945bf5910860a72f631b6e46071be410d1569e106,148
086261737537536,0:323aa656eff986d57e2bd706c64dc581dd534fb704484944c7441cbe850d6bd6,148
086002153312256,0:b8a1775e80289870af335c39526def78854266a2fe10175f6500612b36abcb9a,148
3106984790749184,null,148
2117440392265728,null,148
158517832101888,0xf29c1bA40E18f12Bd853E74a117505080608275a,147
086968615661568,0:41f5ea3872c23b8438d0e954b33e6071c575e0c97604cd047e96f14f22bbf8d5,147
292144555282432,0:3ea533f8fcb16d9b7e110d1cdddc473be55c329cd422477ce7c8b862a55ecee8,147
085799340322816,0:38294914f75e97d2a347b44b9bc7522643cf14ed4c390e3b305fe56621ba9fba,147
086266931470336,0:331bd8b03db724642b9ce01de3a569c20451270961797c2319a6a839e32dc220,147
085975510773760,0:0407a41990031c53b4c6ce074a384be6930d492bda50dcbec43ccf07358b1472,147
086331455033344,0:dee7be21e12370bcdb0b4f91779f6c6158ea262352cf5d3387e6f77d85453885,147
6159235557000109922,0x1B53C8f8ca560FCB5A491A171f49081c78BE8A73,147
087564056793088,0:47c3dec79f017c8b5be58589e7c2034bc5f391725a2448e1d2a41b859e8c6f55,147
086087581970432,0:c761de38c229ef6288bb6a36bae4e650455597255bd54a78b8d9f9fabde05b47,147
085408754769920,0:2e263dd25817b4097fbfe9ad52b35b89c28b7ca93b7735c42e4af0a19be80790,147
085958153109504,0:5fa228b7b81e9f475dfa0045d8d9164e00e83c875362c8c45cc4af4eb6c58d99,147
087182970916864,0:91ea8b042509ab34c8a51c55b601f80e062b58b59d849f06551ccae6ae8b0dda,147
158583163596800,0x13012174bf342EaCC113Bc684f281B48a3dce02f,147
086044860923904,0:994c0bc9cc819f9b86ecfce0f93a366259a487ab79de1b70389d4f766b45f01c,147
086350261944320,0:3335b51ca74c5c1090a040775ff7e5448a388a7aff5b37c68e2cd0626a88e494,147
085905080442880,0:2225e9fa56af71ad5aa2745efb0e33014d9ffb24e7db1a7891ceb7214f6d808b,147
088667848015872,0:a7f36ba15107c62c44b9e048a800a362dbc5a86e73fd113a3d0e2dae148e9204,147
180575478079488,0xE45500603E0eF04C47331E1509A790b214653100,147
2115700306821120,null,147
085799833976832,0:3c504a242eebc5ed8c3d1dd36722fa1f6fb1dedce4a95abf2fe6192508f36690,147
086880852787200,0:d9cb81770906593fea11f595ba5096d7b8e55e9a9a3dfa2e2ba1e669726092f4,147
1120170657050624,0x8AF897150F826808CD2E4Fd067604d6B8439493F,147
085507939893248,0:04c3158e02baa6fe66b53aedf2a91cfe399414f34cd44bb50f1b75151fe2bb25,147
091288180559872,0:131478f75697f819fe2b5859965ebc5124b828c93edc4a61a7c90c15597f981e,147
086639253438464,0:5302ada3b0c7bd4f74e861fef3b264162d88d7d372a5371092a74391f12a8360,147
091486952865792,0:fc2749b2335668f025f202b5717a4e7428b001158e7827c775a3068075f898ad,147
6159234152000107282,0xe1fDF211562732315Be9fDab0e249CeFE6B37F52,147
086942556585984,0:1379c5b97f47c3b36d3ea9fc62d86fd2852061a99d4ad3546994dfbc835caecd,147
086748199862272,0:a9a619e65501e892e66108767e1d932edf9a192d1a9c8e80ba9d3391df55b2cb,146
290629061144576,0:59e4dd2898d3ee77c444dd27c1e63f1d9373b95fb533f161bd58eff684aa4cab,146
092677906518016,0:0eec06615d400782de9e0c6bc948857e040b8968e85e6e0b03791affa37168e7,146
085886422749184,0:d69e63f4c3b433a366fdb78526140de3ec49e0f7a4a6b2a86ca015d138b545ed,146
158248000909312,0xB3A7Ef03E414F4D6ea4592DA4eC4aF73Fa1D5805,146
086221210808320,0:8543b07fad2c118a31d6da0d0094d7623f665a03556a171bec57e21f72389925,146
085817200111616,0:c499fe26d5998786d45526bf0c24181dbac8889af2fd0763c4c22cbca43621dc,146
088550311542784,0x892e5174530955Fa4BAC47De76bd9eFBA06aAC30,146
091360657788928,0:3684a0301ee8a59affab75b5f4ba5a36154b604bd6313b5fac78a9875e8f9bbc,146
089689778794496,0:533a2b07cea320ef6c93b4bf32fa4f3993f2286ff89f42714ece2d505f7c63d4,146
180472075153408,0xD7640e7B27dc6b412e0571294606A60a2221d6F3,146
085384644243456,0:6ca6044f5d26ce5ce9656074e83d5180799b9ef34f01c9a2346ed4b39f2f1a15,146
085463439785984,0:d0e5fe9b8dd8cef6a6039b488f873fcefce84320d112e0a28a1e6b5eeb5f52d4,146
085969842810880,0:9c3af2ebdaf2c3a9d8b180cf3d72dd30492eee752d53b08f700360467f6272c7,146
085668555268096,0:bf1b639f50c06c88ee43e224582a619ccb0b8fdb5b8b24eb10b2c5f6276c00ae,146
166730404126720,0xe76f86087f5AE5753F0bd7919E1258CC7ae6c31f,146
086396705026048,0:3b8d48cd7a302f90f268f051c18d128c416b6dc298dd3f6c53c0ac34178e3e09,146
180472089759744,0x39cCe0124a8176195579222E664de74Cd309c2D2,146
087140174352384,0:dcd313a5798dd00dbe3d8576939cf9ac85de9600b58f9a8716db38539c4bf4d4,146
085368110252032,0:340a1d3d6b71a4a0840cb2e523d73dd4b3884f28ce82b80540a1df108cde817a,145
087335983857664,0:0600841a8226fbfc2514ce0770e2e019b59262af00f8778aeba98feefd3f4b64,145
087251564662784,0:9eb9dc6de2940bd202c4a29491a25661cf5281cb0ef48719276d74c802eac54a,145
087183235260416,0:37dab067c0e72eef703108ca2eed72c676ab06a9329942335aed986dfa7e1c54,145
087277515833344,0:2b094f7fb14040bf57f70d9597640b39f7c837c8e280748cd0d978762b7ff445,145
089782420463616,0:c061fb77b5ee44b268f11893a252b1d10d62075b86522c7bd73db704e849e2a6,145
290715461558272,0:0fbac6397db2d6ec3363e4153a727c5c603758f4a84e98d8d3cc1d4393033458,145
089324021329920,0:8a5eb995ee4c29f787262ffec926a3f05fe767c744b17b815dd2138991f2dbe1,145
085788555771904,0:8776082469a6873d95283c24721ec046116c924b6ea7a63670bba4c4b97bc9ba,145
090636994015232,0:ec8a5d8be2b78c1deffdc694a4c4e9a43029d2b124c9228bddf8701f36a0d5a0,145
090826468851712,0:d965b4e8da8936372bea483162570e851587113b4e866578794a87de38defedb,145
087024005541888,0:b158efb99ae15eae9e164c855b9e1c6b8ed12a4939d9e833613952230e3fa461,145
085825564987392,0:f950122ae58f556b938b581de47d8120a0f8dd830da4a7698fceff528932618d,145
290640653750272,0:74a71afcc8f45cebb5f1329ad27b7038049362fe048d31d5a9ece90a7c9f0adb,145
3102912223936512,null,145
086320341491712,0:e9dd105ade5b708f5ad262c91f05854c0f5aba006ac70e4f5ac7856717c77bb9,145
086334221430784,0:d735ed06222d67c5f55076bed78b6bfce14be8b3bf68434a2e058234f11970b4,145
159638384865280,0x880521534BDd1D11BDa2B41293e88B04c0658434,145
165402263920640,0x58F745C1F75eE7E6eD1b7cf834EE0384058016Ba,145
6159235938000100641,0xFe5D1748025EfbDD933A488B1F91f7EA1a51215D,145
158117090988032,0x743b091203a0fcE407fEbbE13c63b2De87Db7bF3,145
088188753379328,0:b04d6ca084d18027a74f3748603ec6e4662532b1b505605e91e75cf92c4eb622,145
085958316384256,0:053c98e856b93241c677f70ae3c1c1d29f0fa0cb609806f91a149117fd60ef4c,145
085361986650112,0:2b1070d26a69f028c57db60f0d168f39017a15f26f52b897c4d36e3c0720930f,145
085998326464512,0:0fcd3149dda4ec5d66b162dc04eee74e9df68aa99a37313ae2f29dc9eaeb2873,145
292882684547072,0:25227860f9be6dc486e9bbcc1c4001dd75f6e68334abc88f544c110b4301431a,145
086114679631872,0:416802b48b620668c89eb86917aff828d5c0613a0913b8ef2c42e88a2611f393,145
085393644875776,0:05f0ca2bb71c4d81e54829ba2e0ebd542a023b3706c9bf6a2c0a88c7c5cc024d,145
085831345045504,0:6382b972e7e968d6e3ef741e568028d325d79bf0c6b935a32421fd2e079047b9,145
085393458462720,0:9275513c5557f9b31cdeb71e5a45e2c18ec747a5f3e12ba5f203a7af0313db25,145
085831607156736,0:83993c6c0d7f52a1adb7b9b809ebbcb963a5b1d57d99e73d974db134b21933c2,145
174819648962560,0xe638FbFfAe09348d1311A3b974bBC5E36dd8f440,145
086135033954304,0:bf1eb0454dba3e342c07b5c141590416dd26987c3410bca98f0518a681a1303e,144
086482372374528,0:6b517c1650c2093762028fd0fa658347e1438d71d82661957ea907558aca7a8a,144
174752449646592,0x0C66Bad9Bd639a1876478cF25d7B76354451095D,144
085588967219200,0:cc2c764a7b1557d66beb6558c2f7de95ba8db5e1977ffb5f9883a2b508d322c1,144
158273244889088,0xE1CAAb87C31b2f795FCD3907572732F60f5Bb780,144
085842923151360,0:d67fc29f5b7c6e9760061cabc14ae755b067c47c990b480410ebc974b0f5fa34,144
086985288036352,0:c435b7231eae1f3f853b91c4b960bb2c27ad6d6de22ee41e20d453212019e5f7,144
3108477040619520,0xa6eBcbe9Ca6d61484827Dc7bEecA61843FEd43A0,144
292928979619840,0:a4e271555527e95fa1588f7e45dc7debbd5633d2128ceb4e01c78a6f67ab305f,144
086995550339072,0:ce34711b28bfb72d898c982587159351b6c6578ba9facd3267b32b8c5e1c7f9c,144
087099657121792,0:ffb12b821f25a1e277340cc5aed680c9a0255181e25a5ca46867de2b7d4e5d66,144
086947038244864,0:a7bd042cf541658851bdfe3f86b3f172cede8f9102cd4c5f411f5418f0fbb975,144
291790247514112,0:d187eaa63521b45ccd5afcf13c4827c7a746b041d07deb45fab0828d8b33d337,144
086127713067008,0:b4cb83f413dff76b551feef3e3a75bb1183b15fe382e58c6e03a823a3e999f70,144
086442607869952,0:ea070cda021bac2f6b2ec289f8a6fb2cb6ffaf87fe5b4b37a79a2fee866535da,144
085771249373184,0:8df0ef8a3e783151c131bfb93875e0a8331879947bd3b3802a96d2e30f25b5b4,144
085409370894336,0:6be6c5be7121d8af1f9483132f51a8b54ad17a8f83e8665b365f5997c09a04fb,144
086936048336896,0:93f0760a0130907e2a0a8fe52fd9bcbc34e4f23cec29a11904514756ccb94e07,144
093897318543360,0:92edc45436693f03389fc6a7b4b262e167a1fa02c358711d25be6b238fea2b70,144
088829940002816,0x40dD1E0B45B9901692F25c12D44e1Afbe7813A6c,144
085684656328704,0:1e4bb7eb0aef75c37153994bd6f9d8cf3acceeb23f88d9f2a56b326c333a2e9c,144
086921150140416,0:3fe90463605e85d01dd905c5ef3b7770fe6d183e3b1149eb8f60e651d7ffb365,144
6159235027400108932,0x368e6f58915F183A2d480C4dd0E2abC180958110,144
6159234341100107638,0xcf34E2d824F379d7CBeEcB6A8744898a39fa4614,144
087544768909312,0:ecbd6c5e0037cb8cea326d689b2ca02dde573f3e6e3eb9dc05ee8bf20fb6c1ce,143
087033929326592,0:820240d008c7ac19687c2449d5d2e8b0e9278166f3211e29b735899253e3de4c,143
093975642411008,0:95dafa4f230ae0659a24c49dc261e57ecdc4fb950aee086ce835a5392613ae58,143
085807418056704,0:2fd96fbdca5f09355eba00f7ea2d6cecbd561885b0bc7f920248431a6f9e7f47,143
085444396433408,0:dbdde4a7ca69aac0b5b6964bdd1aced139f72083d79f3eea06da4690cda8a0e1,143
085425047994368,0:9628e25bc7eb31f54d0109b466214ebcc5d46ec639b575b906c7b579da59dba1,143
085987659046912,0:e304149062966fbe48f0a4717108a2f6b5865de6853515cc90c88f4a9234b874,143
085819943718912,0:5555fc9615d789bd78a937673bf560d7c3002d20993382811ccba50eb859156e,143
087084423938048,0:55d201c0d578e95529b4361cfeaa0c07f169c6eca8258a23b86e603e43a21b97,143
085715100712960,0:cf70cfc0c1c1b017ea429e30c6cc72ecb998431fd93014c3c37e0cc58508fd3a,143
086857984765952,0:fa90dcacc523edfdc18904bb0292242495c4542dd8f3f89a5a0a00ed942d1649,143
085590683652096,0:b9f513290718129f6594c9099dc8dbf9eea89f32c4315635fe5504cca107d351,143
086056450560000,0:9e751124ea63adc493013b65cea635d548fbaede7c90663bdee044ec26e4e7a4,143
174779257905152,0xc61ee0d97262337a56B42Dd888a075F0A1CF94fe,143
085481653837824,0:05c30f5b22af31fc1cddbe17b569d51f3fd614e09afce44f41c0bf189cb01e6e,143
6159236160300101061,0x6b5b1a1A24FcBf12ca7A6Ab1c15AD19d3A7C0838,143
086874486726656,0:dd55feede63ee5449e968975d3fdfc7a2537ec8d24eeae57b45291c546a03e88,143
6159235385500109602,0x7ab6bc01ec94d54E13A62cFfE7353f74d28f9A78,143
086978581630976,0x9666946c62dECA06F1770A4915d503d25399EB20,143
085410073165824,0:3836ac5da23ec4ad87c2e33c5aacdfb2ed24bbd3eec652c28cbb721eec242e69,143
086147131404288,0:da0c41f96d5708811f487c06abb7a238b556aa24c05c456ee43c7e2ade45332d,143
085381506826240,0:f490a44be9ef7286374478745478d7921c536b9f97704434d015232cceea4dbc,143
087093178789888,0:7e2ba686c38975fc218516843de48ac1aaadba960ed34b911a3ae850176c87a3,143
174819510902784,0xb957e2bd0a6743c857BA66C6c74af12062DcAbc8,143
085952717758464,0:b60626d032d53e7288cbedd7fa454a6ede42f7e0894ddc3ff1b52e8664b12526,143
086451734024192,0:83fba1a94a443b843f947a14dd46f32c7c47abecb3e0f916273cb9f0e7d97355,143
086526437183488,0:ca813519e825bae39383bd00ca8fadb5065249da59ffaa10cae6b0fb58ef54f0,143
164279399886848,0x89348a30df1620c2e995cEa4000d97EbdF17a565,143
086303172898816,0:8917e4001e34d53aba6a2026eb530810be7b569484d9258926ec80b4259ec436,143
086683209494528,0:28014baf26d5755e527ade866f027cfc6f0af8026185aca529b1b4a2e20ea99f,143
162396287901696,0x21F3c99182a49C71dD9537eaC9AbeE031b9559aD,143
086918443282432,0:9ec2d0dfbbcab8bbbefc648eb43a1109f249d1ab215affdb7a000578a045ff13,143
6159236024300100806,null,143
086483433295872,0:be1bbd0e85c621a4ce8d5b2c7350e5530ef66fa54584295611523e0486a00eb8,143
086168499032064,0:3fdb550fb2d5ec7b3372793521fb73f5003c67d3539a8ecd99ec1cb35815e5f4,143
086438186967040,0:fabe4d4bbf588bb53080fe0e133b822cd4a743f99c37645e4767f74e452dda9b,143
290914489765888,0:1aca3e4f3b7f96e8d19e2d40ebb9832cf395853305200ec7300d278962b32967,143
290858438635520,0:c0f843df02bfdd0b882e15cfe4342070b5c22dddf8076ddc0aec9c9bdf076a3a,143
6333521255000101498,0xA98eD183a7CAC28CB6cD75a4406F0905512B736e,142
193342109151232,null,142
086795163205632,0:a85f61de45e6e5fa96b5bc10f3c3128b7b93af4ecd3700b812228dd7df29b33d,142
086149351915520,0:581d0393f3e0a6d34365d9697d5700000a4f78bd73ffce1c4a5adbc310aa8be2,142
158086469029888,0xb77fE5E4Cfb7F7Dd9C904aDD6909297dc38b3D16,142
085902399066112,0:125230561de44f2fc81ae7de2f0dc7582cadd95d61030a99f729de0d07599af3,142
290958404866048,0:b270f346e16fada5e09f43c044c57d0fcf8e44df376d994a38965f9b9b14e8e1,142
086961028169728,0:1c48beed58a93a3c47f0c8389f0c40be5ac8e9fa1df7fb5e2cd0db88c7a2e261,142
086068944863232,0:7d8a685c4d4fd2aa99e1a9e47821a46f09b7496565b4b7039c585aaf045eb411,142
085833861165056,0:4ee7e104e7bdd0b5cac507e2a70211819af32a267e5ccbe17ca81bb64cd1984c,142
086404397498368,0:47855d4bc0d3b2573985e8a9fc1189c9a79fc671537f11d32d4ab301be1ca648,142
087068890333184,0:0c6ab8bef9b0b6d2eaca832ce3eae75e42ce4b2ea4055c725c7f5a6a3e312550,142
085412745134080,0:20df3b80fe88311aefdd1a3390a0998df683fb31985bc34aa8196cf07e758f77,142
085736858243072,0:78921937659a25b073d1e58a3dd64127b8459c1484139b52f99b48b2f52e549f,142
086714988474368,0:cb801038fa4def79c55adf078f125015a790f97fb0cc1ec8d9936eb852b15d94,142
158222927032320,0x960dc464750e79606F21f6ca328343973d59B669,142
087065143730176,0:bfe1074ba8b4e64d6007ccd9d15ffe738f8bb637ca1e1da2e75f2f88042e3130,142
086663664242688,0:4ad41ce9edf8f113fd08f4718a493e2704b66357d831aee5a8169d9d2ac56f7a,142
087887160541184,0:db692feb72fbc45274cf90ca917718774bbbadeae97628031a8e3559f63f4569,142
085872540086272,0:191ff4eb7febff7c90971d545403e2382b6d03c963ab1210d035f12e2a163b47,142
087011991535616,0:2b56059c82fa490e1e73adcf36f9d4aac3e971808431dafab52551646a458ba5,142
085775374401536,0:d76dc942a6e2501da707761965a09139e6581d5f624160c52fb966b35c3b8e90,142
086037424685056,0:1e498391d06cdd581a26b788d2d435c05459ff51d023373700ecae1c6b3cc33b,142
085661687070720,0:6e30b38c3db1c348d8d57b65e9f650b615c84acdefc1eb8e87dac1dc71375fb1,142
093019272167424,0:833f730b5738210bc24759c17db16b575860ef127ee126cec3c4772bc284f23a,142
085833858654208,0:2e4d0ee8faa61895a27e3b2589e23f440307fbcd4a91291d99954a835527371e,141
086747373641728,0:f3a69727e5fae9df0db28d83da3df6e30586edb60a56bc83a949f2fae65f25db,141
158075589926912,0x318E3dbca0e082D516F6FF04e993BD03a4984676,141
085504634568704,0:f4f0382a4d4e00fe7be9ac44ab312e1c3c4f7eac300080955ac47f3092e55ce6,141
292083151589376,0:a3f99daac7c937ac155e39a3d89f3d3ddd46643652f9e2069c3f695cacdcaba6,141
158051754233856,null,141
085494442541056,0:95e9c0c9e2b6f485e557ec1a08afae80ff041a15bcc4faeb3b1c6aeb19c7abc5,141
091924320968704,0:196511d21da1270c3f7b534c5c69fc1e1765a1074e8f12c159bcabf8e5106f4a,141
087613232586752,0:0b0f13d187eec6311601d2e62d042f3efd09c6a469fadf93b7bb158d9c8b2f87,141
086160856928256,0:9a74df481673f70c6572a41fad32de84422f08fc7123b93f65da9e57f3244015,141
6265159587200108310,0:68899cc8b7c2092ad15a6cdf95f78a06fd44604a086bf3e86376a6b92af5eb0e,141
086337026854912,0:051cf7ed72983dad45ab6bb79ec20f81589f7dca9465d3800723f62dd809db54,141
089754867720192,0:1a906022e763635ab02e499f593fb4de943afdc9620d70a75a36150d65cab807,141
174819582423040,0x67580Bf552B4Be3AD0568b6e262b0bbAeF6640BF,141
086502454722560,0:a85ff6daf60f5d368bb8933ca09e9800d65a961806655eb13f8801bc62da7c42,141
086251093921792,0:3bc8700012ab9d54336756a8669290cdcbdfad4cca4252a5ba64247c9c977a03,141
158315314479104,0x79c3d10f3C5e1D0065F4bA888a4f22Dde7823055,141
158371162365952,0xb39E7d35f65dA12c72331BcFFe13D486745e9de8,141
085805368725504,0:8d7a011fabbefebc4ba592eb155a153cd7689ce94c18a0b5b4bf648786e38e2d,141
085652980334592,0x34984666CA748b9C3731e39FFa73152C1fe11f0D,141
085850634911744,0:d848ce7ca86d38aeaa646ac22f1c70aa6fb578200ff7b53bbab3c0f208e491ea,140
174779260813312,0x8b741dBA011ED06135936d48EE422E52F497434a,140
085652938055680,0:67c458e0b3b102ece4fbb767e94d1aa0f3ee604bba6199ff5195bf413ae94b26,140
163281056382976,0x3deb9AB6c2101D7f1d6dfe6fa53c26d1e8C89DcB,140
086376861171712,0:ee681232cf267d5c75e4d9bb3eaa695f8ac86c8eb9340dee22b3826d1fcb9b9e,140
085790748241920,0:9b1315d9b7f8d92ade1e5469e01a32396273f014f78c26ccf33d1d4cbaad405b,140
085833380769792,0:d28a21d3a502fcd2ed307cf67d00c3f6b4d953606b07ee1ad0849e39497b815e,140
290691067035648,0:23bd632b64e0c28bc83c40a61729ac28a8139f29f1551369da53f19619f593aa,140
085775344230400,0:926a200432d50770baba97c7a27771550581527357d2d05ad7d492be5115ec45,140
089661778841600,0:91f40e38f295d98e5904e7a654f0804f4ac46e299aef642a352954e23aa10a88,140
086324718821376,0:76edf94fe3eafe8b4019d847ffa583a12491c92053ea696e4983758c923a1020,140
6159235258900109359,0x9c54a7060A760AdA7C1a49e6E64A11f29aB854f0,140
085800789430272,0:e897d4b637a0f6acef0e1f2e2cb23388734335c1e3e4e9eec666e1f1d7494131,140
086905648115712,0:77556806bbb537d4df6156f1708ab71300d0ea88379211472b9a3948495a8d63,140
085374837559296,0x667163b9A2CDAc6929E0Fb76Ae6A6bEDDf8c2d22,140
165111463706624,0x8037740c85938CDFeb056397f9AdaAF49b246A4E,140
3119073331859456,null,140
087036616880128,0:69d7da00b8fcc341255bf6743332fa487f6ea2e3441b8248faf583ce201e2892,140
085404510199808,0:376991ad505615747ef8df838548d11eea666bdf15bacd06bc7dc892e5213f5f,140
174836585484288,0xCF28d1920833909889938529CBe47D6e812AC73c,140
085554397429760,0:2cd7651472220569b2a163b355d6d3ab30e23e3153ab01ece43e5950e4187017,140
3106960674537472,null,140
086963153551360,0:accacc9f55b1d34d87f99592e354078395e2241870c61f940fa99f8bfe87a159,140
085915082821632,0:fafd3e7941a8e7bef09b86790f82c3fc98c059193f602d29182c9eaa90a69778,140
085812296695808,0:24e0a58ea3be3786eb2f3cfb7cd33be9cb69576b945ab8cbf6f3cf1b880efbdf,140
166800513818624,0x7E503029C6410f7859759E9afC2c18bF7C5A4954,140
085778365579264,0:ea464d07411a108edf37590018bb2b527c6d15c8dd442c8734f8acea39bcba99,140
086408535224320,0:f256f0710d62a3dbb650a4dfb9e99dcaa0edc895294f751933dacf4fd60634a8,140
080413278244864,0:a0511748dff4a9bca4e141661b887e18dd7face4c11a9415fe57c043116c0e3d,140
087185552371712,0:97651b820e846b19ad675e6af604bad926fb348dec7fa86d23268dc13851c214,140
085470953529344,0:2f2654c7d725303e31698f575098e4df891f71947288ce386254cc14c7e21c78,139
085946936225792,0:d21349526a241790f569b62efe019b2e647ee4a80c08c9e51614d35020ad0cab,139
085597071491072,0:77230ecd61873d530418dcf78e87a18cc0ea737f66c206da0c278663368b75ea,139
085539613511680,0:c75cb524e319c42c553c33c6c54ccbea60c2614d2e208dde7df74270a28997cc,139
087032692948992,0:9cf6dc1cd511298a4738d773cf267e1eb7f6be293b34a3d511ff74573d80555c,139
7090035527700102022,0xbf66F4FB4A8E7EfBB729b3924DD7511290bA88EE,139
085692728774656,0:41e27204118381adc69df5c7c2cbe9989442597551ca32535698b7a36818d996,139
158249834598400,0x868171FF2404B170db0d169B7a168d82e0eAB091,139
091533322485760,0:9ebdfde15fcb2e570369247c855ef31d57e14d7a8428dc9c0be63f9549300d01,139
086241139179520,0:4b20fc76d5cf990dc44857ad3c223bf89639a69bb7ca059df0d95d237b1ef075,139
085969903677440,0:fe2e6e30cb406f99c988cebf29dd16b37bd16b73073691a3c3fab20d9c17c642,139
7090035463600102017,0xA65D05DCF41F050EB65EC71D46c91Dd1992899B2,139
7090035339300101995,0xA9867fD6c8a314BfA9170E91283eBEEdFD639B1a,139
292409521987584,0:8b774249711cd09366c2dfc7df1126ef376207f5eda18f6bbbccc045a9c5479d,139
158204868063232,0x0ec9d2E6960c58D3590702Cb7C09077e9590ec04,139
085881509388288,0:1d054c06b020e56d29da83ee2dd7251cf9de56b5ab9a08d305269c0a8f3e5c90,139
085654525603840,0:0b0f534c659d8bda06fa85871f32d1f19d5a5cfab1039c59af1bf0e9e5125749,139
086009812824064,0:bc0d521e77b35d93be18441ae6ad1a41a309106097e74b633c0d599711dfc309,139
086113177473024,0:3879dd086ad48144447dac9f3c5a379d79017a29d92f9fdbddb8ba6b91f03920,139
087351882481664,0:b0d4823d59f93c320f3e54c8c19b74be5e1b0cc9be64d9da92717df033a89ea0,139
158152358699008,0x6Ad5E334A1F4be14f9316Ae301c73AF7db65a4CB,138
087086159069184,0:f15e4dc20df154e57a87233ba98eb7f281dcceba480104f957c382e432be962c,138
086219774640128,0:58066eb10bcbd5eeb87ee6507b06015d5f325a4df73098f4a939bb75e235dae0,138
086638196895744,0:ca974e1259d4e8c3b5bf6f1ef97bcea77211f4b105142edbd99ec0ef400464a3,138
158269860646912,0x42B75E2F5C2B2F92c408ea5887865da3915b55bf,138
085424455057408,0:b143b8b2d6d9d9e7ec0a270837c43d8a184c2da9a760575bec427a444752a878,138
085862395756544,0:2e1b86cd74698aef1ec82c531cf9db947fd82d77cf13da3029831c3d02a24211,138
7106643580400106229,0xDdf44e433016a7FECdfB87b89543b41667D5C3D6,138
174836611751936,0xae5eFbBd0B252261BB187704fBEDD01C00463A58,138
085408023719936,0:5b454b53060d989de2bc6622b86e2d4d4eb58483b803d6c65fee55becab8a2e7,138
158972504686592,0xB64898Bb94C72c4526576b748B39664039793faa,138
085733057019904,0:7e34f23f6ce4f95bab76d4282447822b6f2cf8446b9bc5718ae788fd6e39a730,138
158162604822528,0x64f1b1b466BE50c0c04aDB1c946E572A3fD43E88,138
159290109399040,0x77779660390977BC7d58593ec6603C4a8805F6cE,138
086944046485504,0:5f97d702166316fa96c3bcfb73bb7ea01edcb550895292812d3431bee61d5388,138
088056003899392,0:23a91b62f4093e34f3da0b3165a4c6027cf501c9e3b3a8c9f4ce6d086474d0fc,138
158149077659648,0xc14289b1D029C57f02BBdf679E096FD54265Cb59,138
088538661732352,0:6822567eba407ac0dbd87ad2e19c19c614dcb6f662770cc4ce3769f2d5ce2770,138
088558338736128,0:1052ce865e3bfb736792f4577f5b11ba85bd10aa0e62d4ea92828680a4a03fcd,138
158068159729664,0x08870B649ea1e2B3e38b4B1D578358924Bb30D55,138
087394190987264,0:414c4b4b0dcc7754478e42f1bc6d54c6615ff3b7e8745f45140b41cb75b6b942,138
085968800067584,0:eab16097f38ef8d4ca52ca98d0b9eae549109de0f2a5da470efe6471afdd503a,138
163452844781568,0xF7D10876248006069860ffaD3aE96FcBA8b84c69,138
086006015922176,0:959e5a0d14ec22aadf6bc98798b424c5739bfccd9e7f2a56f5be8f325938cc5f,138
159292394536960,0x867bD1D06E00022FCB5412eb618145986602Cc70,138
159293947805696,0xcc446d6Ab4add1C98009c5Ae84129C3a5df098d8,138
157898046992384,0x281fdfD5506AA3BEB7500a57Ef9B8E3aD9EE6FA5,138
085812505079808,0:6c593c316dec930f6daf6d19d214251e61fa41f97cded8a3688f8df4c3922237,138
085815504187392,0:6b2d2fcae3477be9a8073a84b5b64b91fe7d81f2f872d6e262aed3c5c2f71953,138
086687712399360,0:60ac785e0c7d0145f238c61a9a9cf5579e7ce6b3d4f24cefb82c5e86461f8e18,138
153263434948608,0xb38c3151E9C665De4AAfA02E1F2E99596CC15b58,138
085582495469568,0:66e3841c39b26cbe24ced83bcc6768610cbc11ab0f225778bf0025564226c81d,138
085589970575360,0:bd51ac1c2cda1e34803e896754d5736ecce6c89b4799fe6483ab1e181e7415ca,138
158228339830784,0xfd1f6EA5a9A8F34D116dD218f26b00EF24785252,138
158171117826048,0x32c156912bfea23B3261f2b4F6a1634F170F1f7b,138
158297694064640,0x44BD8e6EBA4757A9244a17510D033222773f348C,138
099732267216896,0:76ac8468dcbafe798b373ef68f9c551f840c8973a8bcf964ab29ea50aa0b693b,138
178329724936192,0x9310D73C45302d8b0cfEa93925Bf6ACEEf43A276,138
085922001567744,0:42f0a2ad67c6ce2fe4f581fbc5128b6cd380f469ce7ddbee674473ced98aebbe,137
3107342587838464,0x41fD47184B67F8f3Bc10423Cb4D66B0596BB4996,137
174836971438080,0x4D470E2c114e69C84aEeEf5b52885E287C4282c8,137
085802819239936,0:6789075059b7462b4867f6647bbabbb6f94d5b091ebe29f7ab7d13519019b1e5,137
085996725350400,0:6b66970fb35e3c9b65734a13747e6b4079cc25724bce075adf30ef185b18a611,137
085377247428608,0:312d37bd96827c01e922b6a69d369a19625804cd9dc9c8cf4667899ce7892c67,137
085588353581056,0:e3e3cea5fc13e95c037d3f8f837f0e7c14ea7bc669256ee87182ec7b1e100a4b,137
6159235150400109156,0x1F28F097e397e5416d1dff0E1665Ce964643CD12,137
086921495867392,0:ad9e7b6b75c90b417c98bdf1c223f29641a69cbc1749956ccdc965557b454712,137
158139701870592,0x8E0366eF7d3E54c36a628F137e80B2691D42719b,137
085812500455424,0:ff1df6996d08561085c7386b46787c6cfa4d68a0c3d5000df92a5285dba2998d,137
088214760419328,0:221d0203ec41a192870f53565978923e0d27381ce446a4b5fe6c549dcb237bad,137
087887424090112,0:a9afcc0920377633fda9d087c6224ea7fd205bfcb730b3a14572610985bbbb19,137
085624628166656,0:0a568741be01ec55aa5b3bc32537442b4b015228087c6dfe3e706a431bc08d3c,137
085374404370432,0:f33b38fc7c92a62a695ec719055bf88de376a9e90972da9f27faebb92d59f302,137
174814446133248,0xB7847F1390C3161Dfab936087b1012cC052dF79B,137
174819424022528,0x80597bd05aDB5B31E5B081c6c961FFe30225471A,137
086716773564416,0:8df882867ed33969eb1e2c2c118ceea3c93a2598b0613cd6f167d2847db7afe0,137
086203053453312,0:09e892a7654c90c7fcd5cc2321a79c9ecf81e5c05cbe01afe2c43a5b14e9f61a,137
085704537546752,0:0dd433de3f100f0b61c174b85cea9e29f3ea5703e2c4a34dbd0bfa18789ada9e,137
087271276781568,0:bd439dc22a663805b8a84acd0feb1027358c5f7a87b6466d8454017116f0c30b,137
086474706423808,0:ec43b73d14a225d2f90b68ca44ebeb5f10cd5ebe70828086208f1894fc44c489,137
174836639461376,0xA5bC3550520CF9d1094C7293133528cc069Baa8F,137
085438276481024,0:c1618302702cfe5e2ceff8c6ceb1910d31bbdcc45a5d4a2729803f0f4f702c91,137
086637585108992,0:c71e16770c89402db3a00b2584978c10def78d401c15a3cb31f9e1ee35d58957,137
293630142590976,0:cc77c930fecc63b13daa75b6f1c4528e6a40a928827125d47c0f0d1f278e87b2,137
294357728186368,null,137
085898826919936,0:55bc2187c1b6d56342b4d296be779615882d694d8f3e005f8ebc4b85d8a7eef6,137
085638235500544,0:5341138706d4c582b5af87947ea84f878125e74e856f667a54fb4009dc9fffa8,137
3107086104391680,null,137
087613547524096,0:73295fc690398a542351369b4d440ce49bd74fa2c09295e18cb53a94de2e3cae,137
086594999435264,0:66025685f2f357b398d6c16827637a1de0728a22c3cd42cf9371701bce8cd4c3,136
089437808791552,0:ff854534e2151e50f6c29159a2a5aea166b97b21f6a305cbb3265a79f84d1c9b,136
291177983455232,0:dcaa73cd77703da294e6b8a5a4bfde841135e310d3bc02b7fb17468fecd8281f,136
089783391571968,0:582914cea5603ca59c257ebdffdfb4415e5cf1bd1a441db50f2c6f8ddb5abbf9,136
6159234175600107328,null,136
161560291553280,0x013F6ac7786145EF4351A427eEc1271702d7c8e7,136
088791280439296,0:04927cc426b73343b66c7b4584ce1b1cd313a69fb96a3eb37c1dfb067d5463ca,136
085391733923840,0:9b460ad9f71303fa2a756f3eaad6b709e0869bd74e23dd7ef1488e5678a00f16,136
158258166353920,0x834bf053383EaE89B62774C73205a50d5BF7Dfe2,136
090630215294976,0:3b528b69e1c05d6582db6dd319b71ca44ce642dc19ae2428f7cefc68ffc8e986,136
089880837140480,0:d141cee2f4fa9d9dea2de6d06044cc77cb43661129d50988a49148f25d7d3262,136
164279435857920,0xAF144Fe42aA581515ced03Fc4308982C8E48EF01,136
085435711463424,0:75ae79665d34225ef44f80ac80bf00bd28033bad030dfbb0742ae2a9615265c0,136
085831316209664,0:b79597d4dfa90f58951b67bf0c60aa4e3299642a9593047e288b3930ea52ee65,136
161571584823296,0x6dAFd4eE165cafa883115A69c2971BBb38F53c33,136
157961829244928,null,136
159512803528704,0:9ad1290578bba1338efb0f7a73b9c83ca4a2ae95f6b11a990c5f60ded272e7a1,136
085993008984064,0:1412ab92959da7a3f814e52a51f69a26495b9546e47d5b1e351abba68ddd51e5,136
085830732906496,0:09f858149b7077dd0be64f67f87bfe0aa02a79fb6bad0c2f96c061a99c5deb9d,136
085836602781696,0:ee1ea129b0b65bf5b29173a40e8cfe062dfe6114fa74ba013f6ea6bdf6a21789,136
085843937226752,0:32c76ae283c097eb53eabcd532c79456d2432e67ac1aae8481a9da09806a2c07,136
086074682204160,0:cf4928ba5883eb425953ac53c7605223107caab44e79a783846c1d5781b063e3,136
158282033414144,0x196f3d7711E41A0DA89F0f3fa851192bA7333f46,136
085868561854464,0:542d69fa168ec8751adf8fb49f973d217fe5ba709c3ceea7e25acdd34f5a51e8,136
085931975372800,0:98b917e88ffc2b45e8ea99fa51653a5774db1eb8c25efadb5489db646f078161,136
158186439876608,0x10Ab4f02d1C8C5cce78B9d580b0bEcA817bE946a,136
086193044144128,0:dd2ab65ea1f14efeaad53ddb6300ef57f2afa85f33b54ca68fb30ec143187a1c,136
1121712876290048,0x97cE2cCc36f5B2717cCB31b05aAb478070F72043,136
086106564202496,0:144ee636927a0eed726b087e4f883e50e2cb8224fc6598ef1463836d247c67fd,136
092214588461056,0:6544757ef61da0fa9e9f42434d4279aeedf03bac7bd2e53b71a8e301dab7daf9,136
180575468924928,0xF4c7932C178983f8D3a003178b825cd4eCF40731,136
086588169601024,0:c7decab1aa62bf44baee67bcaff6852e5ebdacd33682a944f983f334a4070957,136
085451564474368,0:79af34edcc2ff42e0c770681e4f4138f2f304d308c9fa15133b40504b1b56196,135
087046270177280,0:adb99896545abfcbe5c7df3eb718bc9a19b656f171712e5406b4f1aa29263979,135
086643016499200,0:0785ea73a3ae19226d190eb9764f5edbd470372f9ec49747478c26b35248a07f,135
292188431441920,0:3d73a9938b6d5393f9141ab0ebfb8fb1fb17b529144ea15b18134bac5fe94f14,135
3107407830147072,null,135
293946725175296,0:a9039dbdd0445609fab813057b4e225b10f8c314abf9067aceca25ab12909767,135
159596777222144,0x6c95a7DBA96D71f5d562ba657402C3D1f0BB6C0e,135
159751201026048,0x30d1dA405eE6321Dac70B6F6cE7d5c5029367886,135
094406735548416,0:cc852613c19bb0677d3d83a5b7e86366bab4661de7dcda83c1c546a2d308a685,135
166426595266560,0x12c3e7D82eb7d92D1e315D249B78a637bdAb66A8,135
086236848730112,0:e53233f043524572e96c0881e9198ad16080f3fb37d8b9104f05fb22a171bde1,135
088729228664832,0:d9672cd0ad40a0a9e23c484fb09a0c85db459decfbb22e1456ad670a104551c5,135
086074902691840,0:d3b569d0aff78753458822df12c6add3c9bba88aa29afd56a9e3cbbac02ce847,135
087084296605696,0:c2c9a5d4789e5f3b5152f60c60ff0f3c632fa5b7bf918ce1a94928393df075a6,135
085360826732544,0:eba9e6ed7b1e3636f5b3f4dd17d212ec64bc9e949cdfb72db940db8d675ce429,135
174819519807488,0xA8E712C543a0Ea94c515F0CA9f5112660012Ac50,135
087565103898624,0:5cfc20574d86ada5844e9ab11bcc1fcd6081d34c71d678c93a92e4e22aa0466f,135
086589483909120,0:8ea9a166ece682d464743a046786cd0e2a44aea9beb76cbc4a41f5a2b17289ee,135
085408673886208,0:e9e5d1312d4b5a795fd9aff46c8361eb32c5a415430a117b92ef50953486efea,135
087553861742592,0:61613947ece6ee86378fedcd30346eb0dcb5d8d1bc32f6cb8e17999c568aedc0,135
091226643537920,0:126f4d198cbe4bcaf2e5cfb6c31aa7bc377d77b9fb0bbe4ad3ca9057abdfead9,135
086276772298752,0:352988e675bf42b61134eb3376abc01f68fe5c6bdae5582e5f6683f81e3f10b7,135
085464692187136,0:a99a406b5128447af700b365b3074987457e1c7b115da85f88279acd46c49df8,135
085475321393152,0:1e59dcc2097004014617722f83e7156c9eb1a502e753840c45d0a84ad78ed0de,135
087276911562752,0:a016321641fcd0c5397ca12351f44e7061eaedd5c1e270edff255826a6ce0b79,135
174786631135232,0x97c57702F16A8F9d2D015eE485A3d7023FbbA40C,135
085576933949440,0:b5c67a03f8b2c7acbc6a845d232468533aedd4552356e5402c472288b84333c7,135
158237262475264,null,135
085598784671744,0:7961a775e189d2bc699beb8933e492f574efe522198906b08467b8850346fd84,135
085365520998400,0:de8352e2ab88842a5f41167f7fe89c8fabe15d64afb194acf2df71839364575e,135
086073710084096,0:1abe257f94f1da97fca30bc1f1961a781e8f54d1ff8da14d05e6c0a48df40f06,135
180575468998656,0xB965b5459643bD0A56cDdB2fd8890f2F3E748310,135
085717602541568,0:533f43dbefd0b3b1dbd94e84a1a420125edcd11dc2b69487ad55fcd531d45b1a,135
086984925315072,0:6da696ccb515e71d9aead2932fa42d8a0700309d83419c56bd1ac57aaa107613,135
085408311160832,0:a17be6ab2d7f18c943f3470a90f69ecdd786851d46d9d11950f220ab56a4b5da,135
086545208389632,0:d6f185e185c819556ede65d113e2df6daf7d2e481af04c95b7b0dda57798bec6,135
086168030740480,0:479610b76d290db555d3bcccc43e63f3b94988001e4b8d8a0284523c6a1a2a20,134
091244786933760,0:0a99e75adcc7ef014f5c92f819fbe284d10e1dd9b80a6c3ca8a5645c4ed1d0ad,134
086135512850432,0:e4b808dd4afb0d7837c9553e26fd86e4cc287691f79cf61d8c92c2e2a452932d,134
086022871621632,0:d0da1070487497c62b3e79a625878bc985c99629fedc894ee6b32c35a6d8a9f3,134
086873497083904,0:be5bd85d09ce56728c2a6a6dcee80bfb381fe5de5b73443b04f159e3a2cf2481,134
085835982012416,0:21ef15a1c8e940d6ce23dc23ca6ad91fb56b43c7337112aa615bb8e5bb8d9d18,134
087896435564544,0:242d2a2bd47beadfaedd8065dae1a71f8c3627135f993afafec7040d478ff2b2,134
159067677437952,0x51D003D92F1f91E33945f550Bb02CBa9c6b72C14,134
087823685812224,0:24dd6b1cd6495ab5a89520d46496dccdf260c7a7ffb6d616f7ef957903727c93,134
085955067101184,0:be1ec0692ec6f660d3a4b43e2ab883e593864ac12149352f70039486c3ff7ca7,134
087748257415168,0:a902f21f4b34b03d361f02d19ba03a740463c606b475194e78da424c9c12d92a,134
085868583759872,0:da1fdfd5806652d0ed41a74bb369ba0ee172d1c8c2fdecd77a7e47c24f6c47cf,134
290765789466624,0:d82071ed9ca35b7d18a0e22b1cb80fa37e5658767ad523176817bb5f9756b43b,134
087537924825088,0:b8803bffe503e0af4104b73195ca8e5771dfa5e3a030e90ad069ea88f4389896,134
086699171667968,0:1217c7f75199fac203fb2c98221e7b71ea657b8ddc7e2132dfa09f7c61932d53,134
086714948448256,0:e0e5534ac6002cbfec75a9046a2b07d76d8ab8ea848bdfc5885edff1153c5c78,134
085549560004608,0:f53774aca3a488d11053e028216bc72720f351771992f181d8ee92a6d749320a,134
086413088940032,0:2a136c67da969b243837f221ff211bddac4c0f9cde3b661eff2ac9b5366714d2,134
086790842134528,0:ecaa265555be88438274b541dabb4cdd58fbbf1ce20d6916996e9892404222c4,134
175581013364736,0xA189B6393DBfE8c2372C70246f1a1164c0a4cac6,134
087137300295680,0:eb01bc14a0d055658d8119e82cb8663ebbeaec87090f9a6685716224f3d7ae4d,134
087558515331072,0:66c0dc3a65ace3dd678d8f805b3bd00140bd3fb864749a3801f88cde14a0cf9c,134
087840164511744,0:b0e16b6d0387bede12ce50d31082f4b6d5289152048c53bb57ac2b9fb09d366f,134
086885833908224,0:9029353c18b7fbed4379f8167ab906e46625c955deecb6e163a4655bdda039b9,134
086891057565696,0:fff8c04a964d25809b58d78d3a767fe6f30fa5ceec9ed3f9d846678d83dea184,134
086898056171520,0:a2cc8c5cd9e2d92a68f8880fd8e8e636255a83e507f4acbfd10aa414b98852bd,134
174773670150144,0x843f22eCbFdd1089466Dc4D8bF9Fb410C8E3b9DE,134
087034867486720,0:6f5520194a76150b35d3b2cfb05a6938f95e47af15aad9eb5f63d3a38f58df01,134
3110640108945408,0x52c5361c252d22f9Fb9D5e5920047F5ca3D75801,134
291632190869504,0:2659ab5660448c5f3138b13e7d1769d0bc741154097cf5fab7ed2230f8e33acf,134
087018166398976,0:c5b47b1287040298b1e8200c506f712cd4b9f2e84cfe13229b3453e89c74c5fa,133
091445159387136,0:aafc2acf42ea7e36578e7451f31b21685c9b96036c6c2f734d130551f16bdd0d,133
2115932688117760,null,133
085848069206016,0:7c29a765a2c7fff25114cafc9969dbbcb9689d01059a34d4ff87cd5cf56cbcbc,133
085562054365184,0:3336e4ffe8fc09e5cd7596ccaf49a1e4cfa7781947a98424268629de27444143,133
085546281766912,0:33598cddf0b8672dd7abe7051c162f1022a05a4607438106d816113cefcdee66,133
095428992155648,0:2a4474bc37a76d8a048c08f30450198fb050da3fa138868bde5b6786f68acc96,133
085429325467648,0:cd426dd50de711ce9063e82a3787ce929688f237db1d4d7c821a1b31c27f498d,133
087071946784768,0:ec4bf18560e3621e1a17b4aeaf573cea13e88b80e0872475394f038156365437,133
085409767161856,0:3e76a7c5f43dddde3b062ed7ae897a76beaed0ac0325d06aa5086d570c7b8e0f,133
087103063580672,0:4eca6a636f2846de5843887c25b14862bbfaf81ba620e83463ab30e702bb1ed4,133
085566289743872,0:433786d17ab1064e86e3918804f0f37c1875f6a3b7d3f3c3f745f30cef596e0a,133
086198166573056,0:3595c84cedf1e45c7795379bb2980812a17d7d68c44c5bf7188dae88eb1c6ed5,133
085906748280832,0:47e67a06a527db7a44c2c40e5f6dca544dede6e86e3045ad921d1799fe745390,133
174786633375744,0x8fD5E53acC5D9A7a02f45c16d5412c1298c775Af,133
174787436019712,0x54150B52A91aaa13EC610a40FfCA642E9A5E68a5,133
088711163871232,0:449775f05c7928dc45a0b89e69e36fbc0299cbb79a77d357ec7caf47898ce601,133
086103801364480,0:10907de5b6b527d146674cfba41fb26ee3dffd166b6dd866cf6ce1ba3a681002,133
087340507189248,0:efdca7db582d77aae248ba54c573ff75e90891938017d95f57a5a426b6a8c7b5,133
085954340556800,0:777f47dc1f12de0c1305816ddd75fd3d89e8ea9d355bc2d16619c421d482168a,133
174814413766656,0x88BfE04629800Daa2737E43D82CAA0faf3D3E345,133
0102911380713472,0:34b1fa39aa085800a9ca90bdf3878fa5522e80b9e9ce838ca1a9e8375af067f7,133
086013069647872,0:c55d0a7c8f54a24c19a8aaad7ecff4f02827180c69561a237afb9d52dd1c9afc,133
085411181834240,0:39e981bec14643a764d0fe7ec67a4291a45ab673ab9820aed9315171f6a1b172,133
087123402842112,0:9718d22c4738181d3e155c467c460a261608f5cb4ac73212fdb8d853cb704545,133
087123301036032,0:78267e07687c94badc13317a0405a580b5a3c84f30de1800de5b6f53ce7847d1,133
089296751570944,0:e171dee97e9a91ce6dea669c4620be350e0434f16e2648ee90ec847d4a50a7b5,133
086800848592896,0:ebd5601cabbbb6eaa05ee24e194b15b5a0a54b245445620e54e524de3e262034,133
089148276080640,0:9a19b31b950a5b7409fdfae93ceabb75958edf249c2fc600881cfc55cdefe848,133
086586286522368,0:04d856557ab967cd71359c1ebed7503e08c689b4fd12e242382343e00766e5e9,133
180575468965888,0x115A7A776Bce166Bb53dc5aEEde78b500726E360,133
087076397322240,0:353a719c3b30c17e5bfd2a29e69236aeddd189533d74a84b5340b3162fc862b4,133
087005607694336,0:31074d439706b81237b38485799642fa2148f1ab1706d5fedec6168dd074bfcb,133
174793553620992,0x3b977245db1aA305020515139Eb8A71Fd88448e3,133
6159236134100101011,0x7f1f80cbee0a44b4A1c050720Ac3a2367165a271,133
293482919337984,0:808cdf4d0b46afb1b4df56b9133b78afd3e9ae16c36e3f7d75c759e5060758b2,133
159644164763648,0xF2479793F9172CC66F2E7907314A0DB7cBCc5Be7,133
159700933275648,0x805Ab9aA1717221C99a62a53302a40DAe308139e,133
085938329632768,0:cffd3b490ea521e57eb57813a09ff787634719abfbbb25781c8eedcfd31fc2a7,133
086330267398144,0:156785261e4092dece5b7adf67d3d7f186dd4dea95e378f40e413892da4c5a17,133
086998048198656,0:e9617e5b2c1afdd9a91a136e6069fb2a67b5e956de14da9105c0f57c5efc50c1,133
087630752120832,0:545d66bdc969fd66a5c6ec3e5ddd493c12cabfc1f6a117ee89cbfc95b21f7e99,133
291040740810752,0:dc5bbaaca107e66dd4338cd4ef731689ead62dbf6617f443ab16260603105e7a,133
085500191223808,0:08a359e1a43b01ea639fe086e5ef4b603144ef7442bde662be258f9da552f88a,132
086894529552384,0:0750eea550aabf422db7b0c6e5c7a34d32e78830a65153198e4c62ef43a052ac,132
085794762559488,0:f469aba9423521e0c143e42410c5154b1d2e356286bb2024697bfee2aa061a54,132
085909552984064,0:20cc8bf745b1f28526e9c5dfc9e6b5b1cd4b6001e757aed844015d65c32f2bd9,132
086237732782080,0:ebab2dfa750afe9fc1a64cb69fd2279849b83c17932454f12ac8c76d0bb9eb2b,132
174798079582208,0xc537d3284fB4ab1365A5e1884851f724D878dB50,132
6159235113500109091,0x04bE4238892095ac3B849D13f10bd6745cA98cd0,132
088807048921088,0:0b4aa87870606ce1d18d99530e50b769dff6b959d4adbfca8bd7d05c88f4210e,132
085461981147136,0:04d6ed1ce8163d69c0eff7d92f708929c15627b4ab987d7e9b098f87a0afc0cd,132
090466398642176,0:f655ae60a41a1a8d5146de2cbbf5970ddab0dcc962233c341f2ac8ae731591f3,132
086766960173056,0:4cff87de99191148d4abd696d2c56c7e70bc7d0f583f25b3a06c613bca490083,132
086675346710528,0:ff5c2efba36a1132d2fc113e599bb3ef77712bf0706c9fc386f88f6b7cd4b057,132
292526606036992,0:169633d197dd7025db7aa30db4fffec9f7555321ee2f81468b3e480b75b00061,132
089214896939008,0:6ab99b94768873c369b88db5cd9f0770d68531dcce5daf497eaf6705fbe0e8d5,132
086994398281728,0:a408c1ab3276f8a0acad22d7e4f51bd44d269d4e38e6e1880fa4266152b85ff4,132
174819435835392,0xB48E84E6F4C3617cbb454E274D40D5cAAfEBf850,132
174836579819520,0x5499889D7F9325BE7050C30c7C8b9Ca4cE81FA8d,132
092293392363520,0:74c61386a41cc5df504085c9a23ae9dad361799d30c5663fe4327cea94519e83,132
6159235406000109641,0xC57998d98E87e4c1f7284DFe58B05658e218EF97,132
085407937478656,0:d3b22dcfc650ece9161ff8c18ad4b7cf18e02c2da849d69cca2296cc95909d0d,132
087576807317504,0:facaa3c3edb61b1d2b6562bfdfc9c92c5d173f0f72d1bac76dfe99a0c66876b2,132
085391697756160,0:8fe7651f2d0595669b6e542b2392bfe3d5c74e2789f7009f49d82da3318d3f35,132
086019911045120,0xa294bdf57722Db9d97917F287ba4669280f0e226,132
085640051724288,0:62551a82950c3390c336d7739b246993b841779c3d4654972969a99ca853e2a5,132
087498152247296,0:d908963f48b396ae16c9efa98933c7b6de24ae5ba963493ecae8a1b55d8570aa,132
085523829731328,0:cbb08e0dee0979fec35d1286dd00c5ccce67d2473fe34ba8dbd21138f261108d,132
085836348973056,0:152127ee7e5cbdd9f52de866467843b7b19bff97cc130daad41c2549efdb8f82,132
163452848181248,0x1DB1aDe60582736203b97D935eDfD620B158a311,132
293973039710208,0:d846685159053d98ca84473cab15c346f403e3c95bda25f3e2f6357db72ed284,132
085788112936960,0:9a4c6f7746e5fc91d748b0f4b7e502ee40b09a84446189cf9aac9d07751fc178,132
086882925109248,0:2a7a478fa1945c3e17b490783b4a6582424e78eef43a7be317a1af96adb738d7,132
086268689752064,0:b1a92b58662708a5953ac4ebbf1bbfded024a959a541ce3ed95c122be1664acc,132
296740905041920,0:40cff344e8dcd8835900350ceed8d50056c216c471562f0d083623e66e274177,132
085372536430592,0:bde29692b01c0e631b34b37506a2b8c9a59aad9815742998bcb3cbf07cc2d498,132
078666790371328,0:050b523547583cbdd5861c9e7abe103a00505caee7072c5478d24773cf56def7,132
086985375473664,0:8a0153dabcec7823eecef30f66ea9151c36c3073ef72257a7735aa1ab6002ceb,132
087102216032256,0:282605af1083638011a9405f7c864231c3b0a8392e9d14b893a6117caca74ea1,132
086103674949632,0:62a7a20024b06793b9c4f479773b34ce957492a8ffd10e7b2c7507f77397b369,132
6156810849200102299,0x5050E029fC142aDD49023Ada888d2fc9D4A8701e,132
087691345395712,0:05367b62ea0a4d643b3f4c6f0546ea7ae09af0e7f67f74d4fbf1fcdb31f9f8bd,132
087034349359104,0:dd2b4e42d58dbb5da64ad6767bcc0baae4153c2577c93541d87bd95469721cdd,131
086886562324480,0:c5caa9c6f7ae47b2c92f8112cf193e07eaab8e5caaaab14f394ba35bd6704b10,131
086964470894592,0:63cccbce52e629eb94346dadc09b1446a98d16094d42a80b601d5db14074a069,131
085761411448832,0:18e00e156589b7b3c9bd56d4b846b7bf26ab90a124a9e6be431a31c00a53f35f,131
088783588245504,0:412542c90c6e24af86dd937a266681edce09153a299ac6e609a83ea54c12640c,131
087181148688384,0:46f305a274b047e913a8451822f05b09ce3c21e2a60a44e15e031f139c6fcdb7,131
086396350996480,0:07e8bcc4a899d3a6f43b89bbbb867f4e29fafcccafddc2baf9bdc7608cd228cd,131
087767211069440,0:71558e17693c739824620559c2ecbe076c6ba77833e8332eb57d0c51f20a660c,131
086347534979072,0:351661c9af4b9fa970296b77d00734e238797de8fa5877577aaab8f38f965e71,131
085536748965888,0:a69c23777c23d64bd1a8a0a8d388257922d5365b5ba6bf420e9e1af832933fb7,131
085875338973184,0:e3ad3dd4ab34a1d329d6bb5f9d18cf0d137282f92272149ae497a38c90bbd05b,131
085364708147200,0:80f79af54cd8668413b82428c1bd261ab9ce563ac4f4198925e1a8c65b17bfb6,131
086968363872256,0:5f383060901db74864aa434a64e683c4e30bde3876b4413da9879677141b0d74,131
085810474704896,0:81ffbd58ce23c19d89826225e065c0b5052d0fd2e9bcbd89e36197eba5293818,131
085443848601600,0:d84ef6e3adafe205559c8ec9877af5984cfde1adc11f3b5a1087857729a39fc6,131
174809244295168,0x99e6a57435DD8A267b2D605012C0189F23194727,131
290971581415424,0:57ef2560f01ef07b7ba390e0133fea227820b18deb9e4e9db009b4b1b7da3f5c,131
085459797360640,0:2945c1b6bb4b6485de037dee7cc2e6b1fb059a1f99c55d4d8f0b45c2dfb3faea,131
087072685846528,0:058d679bca6573bf7cd6e16f13e4fcf66774857a2063ad57a41255c2563ca874,131
292219381108736,0:cd82f2f6fd03f10830e156765617a909f8b27deea6a9c73a03e011d3fb78b366,131
086113059844096,0:2f6740c10a26599a8bec9d240dc0b11cc069efa38fe89bf8f27dfab38a0e0705,131
6159234459900107866,0x5EeD7c22096b8A38f5697ba9e42d0B400AE86f00,131
087004361428992,0:d6f0d4ae1cbded36665dbded66db96f8910490d9b0a613ff74b43e39090c4b02,131
085701721202688,0:8abff7af34016c25c959a3152c65004d796332a64d9676a7294948e643de8fba,131
157821251559424,0x47fa6b93e59D6B1b23c028D4162d25BE0f015613,131
092407860191232,0:19b6304634d7aba03984e53a68adb9ebe074a19aeaae8882a92a41e288558661,131
174836582744064,0xaBB349816786Aaa9Ba927B472E44C405b6081038,131
085951717711872,0:eb43c9a865f6bed86f4d0085c19bbfe10946b1b06fcb51742805ecb0119daad0,131
087900488024064,0:26fc0baf8d64bc813ade713978e280a24a34736693bb86ded6cd68de408534db,131
085396329250816,0:75bc491439d76dbca48fe445ee2a9be92f00275317fad7041089233b3c8e5ce3,131
085786122719232,0:2efae06b05aa90b338d68ec582e3261411023d6c3bf08a3815592fdf958b9695,131
086434332495872,0:30ec9671a5e51af3f36d9f09016fb5ed4f91f7dd0d649e22a97bac01ac82f9e9,131
085582374744064,0:ba14a2896c41b2a34b1d9d0b937e2b8738de6253ccdd742b8303a03319cef040,131
2122665145925632,null,131
086563055661056,0:b31e7abbcbe46b8c44bec5839eddb3f91ba8288d12cf44196a6230654085e758,131
087297422159872,0:61f05a78bb29271be1e3fe3bf113c7b4f1af70cfe07380869e59d89d81de8ed8,131
186753308577792,0xa6D63c59259F7E500Cf3b5D6A14A09EF8AD06915,130
163452848177152,0xE6f5d1C338f2a9589E23080fC7C0791dE78040F6,130
167560633860096,null,130
174786630012928,0xBe69571fD2EF1F68C76E77B168D7995817aaB787,130
174809224998912,0x5a3341B07F3f32e12999ADE809567f5fD12f029c,130
174819434602496,0x60e2Fc4b294048BD84381911dE67507781ee2359,130
085520120926208,0:b3feadf3bebb91c3e3388ad816c66c145efc6b03ebf808616f96b253593e7d2f,130
085656289959936,0:03f73482c6ef3b041e94aa14d8f6b5d25e010be1b6cd71370dda6a66e49770a9,130
290724365762560,0:268d1eccecb61c5a84187e29f27e4c0441b951a2d896a2205f6c0e8af7c846b1,130
290870417010688,0:07e0218d76cf2fefdf390086c10996bc10cabef0297788f2395a4509f4170dd1,130
291085680566272,0:06a9827a81f57bd8ca4fec47181be5cc98077bdb90108c86a18d114861b91fe8,130
291437250019328,0:a9dc79f6a50cbcb264f1fc602387477789a7f8c951c2f3ade834f2614f9940c9,130
085790581436416,0:7fb1ecf88cb46168047f043a6017efa2abc338cccbf70a9cf0e9f5ce47dac56d,130
085848152322048,0:531c78c6bfb82cfae4e932069dc0cf80115fbee8a39ee354b0dd1b0c8ce75950,130
296767883055104,0:d9566c509fe914b1bc58b8d34cc571478339a3e50997fcd6da9e5fb62c497cee,130
086037692641280,0:58c5397ecdc638415173c85679c6b38e6dde1e53e2fd14c0d2067bee0e8b9f57,130
1107034750230528,0x416A7449F7D3A6E35247D9b59629eC5C1f92A859,130
095688071561216,0:892e65708c650232d1765991281039f0917eb7b3abde4afb6960102367c598c1,130
087629692866560,0:d7d87292cfefe1ba8a9a79f0683a19bc45b7eb48f0d91a6d5a7dda61bd9f06fa,130
087315163189248,0:2c9d370785bad35916187645c89fab9914d06fcff6676c2b7dcf2ecfb41b65a3,130
087173193416704,0:6edda2ba51bdb49e2b9e8a34ac0f22b0358c7c7ca721d875b8ec1c0b8b6747fb,130
086948044726272,0:5e3bef13585f6b0e932ac2121c67840fafa5df5298611943be79bcf90a909578,130
086897347907584,0:fc6ea3eb038e2a6b5c7c86ee644c221b27f71275c49bcf676361a032bc00ac1e,130
086430179463168,0:a1f502bd5ee463ba3ad363dc6732755f4d9d24866238c83bd4ba5fdf9b5c273b,130
086117052059648,0:761b802c73e92d65e7b59bd67a570064eb65a2d1df7274d5dde9a1784d7a27d6,130
086075890757632,0:3f0369e95bab14f041f40fd105e8353df6d9ee778390fbab8674fc3b03700aa2,130
086049376935936,0:0cb5227fe26b98b0eae14bbc2ff21b4ce9dab1914d4a19e689d0c5f9b76ff8d3,130
085954187595776,0:310ef2d45874fe99f3052b6efb0861bfeedd6f4d9a1edf718c9de5362af71838,130
085879149428736,0:1308067ddd7228729ff9a68e8b1c3654c50c11876382f06b748a770476cd5d05,130
085824766701568,0:60c0a709fd4cec4b58c85e226ca2628b29d4cd0d745adf7f8ffb27768ded0e87,130
085822477897728,0:81f8ef78f6b356096160923e8311dd326a8b09ba4c0f7819665b840fb19a28e6,130
087078323630080,0:386a55759ad893ef71658aeba4dd4d711e4d74ebd750c5f679f4e78fd4c287c9,130
087092929662976,0:14ad201f4cce2e5671c33da23bfcaed5775e6734e8b4ddcdf991e7b10affd2b9,130
085560571469824,0:cfdd0c484459c6dd25ddf84fd20111632613277ff805d75120699373a9de3f71,130
085522801713152,0:19a62cbcf5a28813ed0e1bde2d8693f35b2d095c2f7207f9815902f427dcd1f9,130
087406547832832,0:9565e924636c11c7db1f9d9b05853ccb111b2ab60888660d24bef044f18ffc99,130
088916060463104,0:9aed6132c9e4ad567da0aaccc985b7b91523cd25c527ea0fa79b315989c9fbcb,130
087664286842880,0:639afbdef30c7d7118a859110f5a3693222ca0f84f2eb5dc19a5b108030d0b19,129
3108830154121216,null,129
085399469076480,0:1ce0ac68d222e091fbaadfdbfbaf4e8abfb54b8251a800b0b132d21905688cd8,129
165015191257088,0xBa1bE957C55908e43F9c98e0eB1f423f5bBaF5Ac,129
088118843052032,0:30bb85d77871fb435179a5c920f58715aa3b6a3f64754c3e6f0638643d7e4f89,129
292376006483968,0:c9af480114dd5a0604650e497ed1d41ae75ac7a326960b6ad88015ebdbdb11e7,129
085372036292608,0:d0e1689c2343b885296e964dc94e5059af3c7babb27920649ef78fc9f72a5013,129
087025077129216,0:b048ba055122c81e35cc1e12a2af122ed5ed6e20ad042452369198caf2bedfa9,129
086828800159744,0:727860f99e0ab4e634939a1e8565ba5b89534f39bebcb20bd0e6815bd0c36bf0,129
085678780280832,0:c4612f468ed638dfb73da4feba2050db448e4174a50a504e904db857dc247833,129
085836265230336,0:66fb91f5696ced5a37c1fa0968eaf02a0ba41d3e3724dab5c25bf2a987ec27ba,129
087056686096384,0:40a3c4cbf76f631b46d31860d7e561edac59b627cdba68b58c3a1fb5b3c140b0,129
086487538614272,0:7f4c4051ee664e91da70ddf5757227432de8d7664214413d030c62b4f0a55d22,129
086962661060608,0:68203994eea3f57a971919eaa54950bef055defb64959682527aa3abe1d1c63d,129
086097269317632,0:67b09ff4833f9259ab4cbdec7a47865c372d23ba5327ad810a81174c79d4c86d,129
086889092194304,0:cca8d69b935690abff932f97271f8304406958881eb3b21606f9b3a4a3b8a36b,129
086825067757568,0:5c62131615d90494f0a18311a7a97904678a6fca20134a9e9f4c400b59ec7aa9,129
086976583802880,0:a86dc6a5c7f259adede55ba6f5647a675c6baa339d81ae68d483572894627c3d,129
163474323652608,0x91A4C56c87A7AADB6e88092d53dc46100C66d7a5,129
174768672968704,0xD739da5e7DefA2d826B34E593C9079f064284BD8,129
174793548603392,0x1346F841936B15d3eA8213C93118fed15b8E61aB,129
087745848045568,0:ba7c7010894d960309566994a6d81a0314ae35a38b580b761622a4c14e154e03,129
086074771165184,0:90d66a941c12c9fe2f6efec4e489423abdf0e39a05a273689eb9492225fee011,129
085904703877120,0:3bc05d4c70be311478e2a418507959a2989ff6c1c5780ecd79d16e6f58afa1dc,129
085972646649856,0:38e0e2ec4c4ba53f4e1c2479a1622cafd1ec3dbb78b63273b36d240e70fe957e,129
174793550274560,0xa04DCB31FF3bdaDeAF122B4fF572DA7E8Cb099FC,129
087798709534720,0:e912b968d825975b5601403de5b5c37388e45069eacfff3c64ce1d64487113ca,129
085873486876672,0:2ca9f851a944f4bea8d5622440c0304c0422ea54b23c99826eafc3f713e38c4f,129
085611225919488,0:527d801d596275e1e896a2588c714e170c9ccd80a29c850a1a138a8a97d3f8ae,129
085497129205760,0:b6a02db20b3b87f406ca290e64da3fcdca52bea0c5a6fbe14c77a721a0bdb621,129
085394679558144,0:33b66f000e9f6a871d025c6296fedd922b0476a2ed6e82f0601377235638afb0,129
086052506816512,0:6ba61b8ac1744e65d50131140dc08094fcb6fbd47069f36ffb430bd9407a58d3,129
086360760246272,0:4f77ca54e45edd1327d8d134ef18bfcc0489674dfda24a654d48e3dfe7ceee73,128
6159234201600107378,0x996b39ecA0C2A5F910dda9a1B2d1114c38F74AFF,128
158738464571392,0xD247E09eCd1b9c3eF41F5D5e21E6f53F4555D4B1,128
174819429765120,0x71138b300Cc9daBd67bA56E9abf72394744C0CD7,128
174819557101568,0x4463Be7bCF15D23c1bC380bD17658E2c2b777F61,128
165015211970560,0x41482DAf7686F00A4A93f294acdAb54af87E9e81,128
087527756800000,0:bd2ff47de1d624af159cc1b4e7596be36c4af6367c4d656015d1a40685087545,128
6303516121700104843,0x9F31cF878831bB1A720774Ab27e95496ef0Bf34B,128
086564930146304,0:e47aeb24d0c7775974f117bbd7c02643b4e3855112023b095727647618eacd5b,128
158085653176320,0x1468B997B2B31Bd5251842C2e213e954cE0615B4,128
087113122869248,0:b68c17760de558af2b589c915d4c4378aa0e79cf8945db470a9f0fe038ea816b,128
2116019680813056,null,128
085938397433856,0:485c664423c9e7c9a99dac298a8570745eec99596b806429434573428aab6015,128
174779262783488,0xbEE56EED6C10DdaBeeA28275B5a58c705524e657,128
086082955042816,0:c422bed7b08adbd195e36e154b59c9ec40cc1060bb79b98c3b46f6616e66070f,128
085408434409472,0:e7dbbb7a0a003947303be7c62b1042fb98df29e733a838e8edd4bee51ac31403,128
086929896787968,0:1b5406c5c697e2e3cd24bb1d8b83084527f4d61adc76885780beb0b468a53794,128
2118130005004288,null,128
085986429890560,0:87bdc4fb333439f5a5ba80dd1ce802b4a02bf8811126ba4af92bec469c1738f4,128
089266981355520,0:1cd4891b6eeb166422fc6f3a3cc55a6912a74487f19f14c1bbf22ca8d49cf7f8,128
087023797100544,0:c91d43230896d3d9413b0ed4e4ba55f25b39799a995182b829f83ee0f9816299,128
085380039254016,0:9f8bf21b0b1be7f1b119731fed2b63a61acbc4106f9217f5d9cb308426b02c2a,128
085498069680128,0:ac1b79adc282b42cb2ad4b20ad0ca5e8caea3b8da0e7fa61f49418346cc0870e,128
085630085087232,0:8c81c75849cca6a536749cec1eab641deae3662016b2962812914271d5d4e775,128
085909411319808,0:00f2ea3bbbc6a722cc3d2393b7302bbe7180e4274014e75de34c7f68c1c4a8f7,128
086166342320128,0:23812fa87b9970226142ee40deda0675144331b771ec048af4b508f8e055abe1,128
087192170246144,0:98a20d8a157f3befc297f3b576ea24d0f2b5baf088d0f5af641ded7b724d7f39,128
174814539669504,0xC874f965021e619937B850A9eEf67635A27769A5,128
087145685499904,0:5719ff276399b60ef898aba2cf7c0a903e976820fa376a368096bc2301b06914,128
087020018212864,0:04c1ca84ef257f39049fa416887d7827d4f2943920aed899c7f3522b7e38c1ee,128
085552905740288,0:aaf6f71c9e6e125035d2ae6b7efe6496c735522155aff2ebcf5f9009b18315b8,128
086924087570432,0:e19d6d4b4ccf2344c3a7a63f23ed3af0768031b5c32bf7a7cec945fc408448f4,128
086316599635968,0:0d282f7ec61c6f426bdbb641465a9adee2515a651946b5a143416a5b1097f680,128
087252061716480,0:4dadf768dc244b4624a2750ebb62e4e8368a6a8042e6f48b4f41f181f2fe5b23,128
086095233335296,0:1c640c7b68c864fb9e256a0cc269aa073b2aa02c51dac4db0aba17474fbe152b,127
086258245713920,0:d03495c13ce3e304af39b2bfdb36bf6033d10c6b0ac738b94a3b6d6f96c8b796,127
087171229106176,0:f36c17c699c1fc1a2fe3ca544827ec61f510cd362a5e600a83391fab228a4300,127
2117139379048448,null,127
095197665767424,0:4dd54438ff7f2be91ea0f3384d276b95e9789849b0421ba18753de277dc5494a,127
087054796464128,0:4a4cd7a3c0d3f9c0a468ed1dab9710c10264e25709fb23c6fea128a0579cf187,127
174786628165632,0xfeEbB5C4866202f8d32866F626283096dB2526e8,127
085792859426816,0:b60ba9f1ab188a6c0345d6058aec327efa7ce8bc6770844f94415b53833f189e,127
085504947580928,0:62cf5e7353b093ff7f836658da413b2f9fdfb6a0fcd71ae469850bf2aba49587,127
086920491778048,0:474a962ee2abc6e94d819e612be2849844732a9f3d0d10470b7bb901cb6b2b4d,127
174793466261504,0x4d64a330A6cB2C430A95892D26Dc8bb9AE37d076,127
174788386963456,0x0f5538b186f23B82B1Deb0c836070E0620885228,127
159450681511936,0x7A74Ac8b6A0cDE0098a877D8c21b2062A9E8A254,127
086050495389696,0:233c9def47eddcdbc6a81e157aa06d497cd249d4d9d12aa9b9d0dca2b4f6384a,127
6356427957600104120,0x4549240c034fBc66Dd6f0Fb8ae433bE02A88D0b5,127
159167763562496,0x8C6c05e158695826493d932eDea5eD3b312A2443,127
086008838098944,0:a7d9aee7bce452efcee3ad09d3e784ef1fe57ca82ce91a60622241a3cb2ae126,127
086886190010368,0:9899274cb47931d9fa2bd3c77390ab5fc16ff8c023cbf6cd187300bfeada6ba1,127
085868430483456,0:215d3f569548802c45ecf9fc8702344b1068ab21f30522858184c1e0f3f6887b,127
160106718003200,null,127
086471752105984,0:0a0398d96300722737300f4e1fd5aae470900838f7d6b212e1bc17e8d24ede01,127
085829107273728,0:104112d349728a7ab033004051eada7bc8720a61ef18bcea36b796a1a16a691a,127
158377868431360,0xb39cf1964e138fbE826b0dba4560a0930aB7e710,127
085455266181120,0:e7607c004bee3ec5a4339060943401aedac4c96f3736ec3fb3e353e4238600c6,127
085962501677056,0:9c7243d7184afa38b83cf25552bfc2532b02e8d7311059e250af6ad8879d0839,127
087226542833664,0:908ee247af0363130552c00ef9ba3a6a2be46e01b80f8bf8da1ca0d56e807897,127
174814382321664,0x7932BED2C025c8A087C38E793DC515129196DC94,127
180575466213376,0x050C8d5c9DC7F50DDeE8A248B44b87647AcdC8c0,127
085358289911808,0:05423f9bd62fd750cba1cb453ff76b4c2a5142995472729b5958fd9c3e53f32e,127
085774677893120,0:ec28c7157c0db7591a447fd61ccc12febff1f50d6ef50b2d282ca5716d77f733,127
085425429778432,0:b06d9a3753192803bd156757165aeafd5e1de0fa1a554ecb2d6f12336592f0dd,127
3115612502278144,null,127
085366962315264,0:86de98d2c12fa499d4d8370d4f7a18dbd8b2cb801eb7c71eba99127443a3d258,127
086955672461312,0:b1c98fa17863a8bdf798be41337f8b6c816caeb87aa8cb1373763a2248bac81a,127
158311036096512,0xb6583708fb7848C7b38187D12344B1527747F855,127
158144439005184,0x05255253f4f25e90f1D3c6bE3409BC23219C87C5,127
087635817177088,0:b363b879270992e0002699fdc0ee68de074546c0494d58e816ac86b09bcebcd2,127
086324908867584,0:965b175ad5d8d11d06e279f7e2ecb748d8136559d93f886ce1d02965f518647d,127
158268383043584,0x04cbb03D0E2b290640fadd249BC72970794c141b,127
085876495183872,0:f4d0948a884f3ec5ed16a25fcbe21393de0f7d13ccd6611df7986c81f3d1208b,127
7480571597500102911,0x6f5B3dBa3e02a903154204FcA52d94e22b26354a,127
158263337381888,0xBC2AC2BcF8860e0D11aCa6814B71B99ba0CCA335,127
089217120780288,0:3db878163ca165d3221f7d488fd5581ed506f329a462c4a46541e78da2d46c45,127
3107396710158336,null,127
085416487563264,0:9986aa81a3de02cf82caa04e9f9b90c8e0c0ef4a09c01e93550174bdccccd80c,127
158226761539584,0xcf88e0b093E6F7bfcbC15427c9f1e3dAA1d28094,127
158188007874560,0x1531D6e4950e589C1832B1FcE53b4666A3334107,127
158223193063424,0xf6cA700610420D896388684d83BCA54c964f7eb8,127
085808523526144,0:672ed6b55afe2b28ef949102e55572a0eff66b8bf092ce71804c727c6afcaddc,127
085831989661696,0:943275f491aeec2f697010c0fbb76bc633fa8f3c5d72f6cdfcf3866048ff486f,127
158182198534144,0x987beFb791A33BF57bF8c9351F5f27822cbB6a0c,127
086553109467136,0:68bbe63e73c019706fd197a872bb8d144cb5d0515567796e0002eda62b45b62e,127
159424194428928,0x876D15Ad5A9A1052EF23FEe7220AeCb80b262a33,127
174814508306432,0x3131615bE09f4709d9DeD49DE3B057d0c4265568,127
158177224970240,0x5bcEFC8E6439A3cA90723E870BcfD03134D3C8b7,127
158148595748864,0xE6Ba1dC813b3E50F58dda0633Ff96c2CaD0570b2,127
087169853059072,0:bafb2f96281f33705adeb7cb809776025cf902baa9e670751929dd8bd82bd1f3,127
086915132309504,0:207418d41ad77c91c2e2a74705423c1732de25a74c102cade382654543449c52,127
085863148081152,0:bdb4b6cacda48ec0db27a7148829e71b96266b6b43a80c5ea03decdc82516995,126
085868679442432,0:476a62c87cd03fbab7c6da25d4ce7de83df653279302b61c85381659289549d8,126
085694541430784,0:2835e13f63bd9c6c4559853ce15350ae798345311ec807a50abdc46ee8d3b106,126
398536310472704,0x7Be012710cfAC7289dAfdE145eA7e88a6605eE3c,126
086884474212352,0:8b34716bd947a2abd33845ffdd696bf555b4a718ad3c4d17e83bf0bf8503eeec,126
166730598899712,0xe5392bc5d3eE694E4dA432fEa26fD5c717E08F75,126
6159235526700109865,null,126
174773668818944,0xf812Ed0Fb9263571B78Be9192ed0F5E8228d4411,126
174773722898432,0xdE0305714cde29a63D206e01aD25b6f8df9AD5ca,126
086598766600192,0:582cc338b4c129e56b31d05f2878ce339469842a5465aac6113ce2dca89bd40d,126
174803925864448,0xc31f3Eb6ACC5E1aAF4D3627C8EaB5c91872D78C8,126
087155992322048,0:091ccc6171b8e98ae0e47921a79de980d270f3433db4120d3964451463b9ff38,126
086834323030016,0:e66522129ad8427ff92f81aae18ada834cd4f4154c2b76821a6028377951b783,126
087743094517760,0:c66f04ce91342e5b5da6b00d58f504cdc3dd0a2f7800f9e0b677d462ec910042,126
086704679260160,0:c8267f41dfc0e89451f911b4296f37433b2f7ee9cf96c56986cfbd1ee29977ed,126
086668040818688,0:d5b84c0a1e31a6785961a464d3349e85fad8e6d94e6ac6166880127e0c6b1297,126
175571652022272,0x442a83926F9c8d4D9e258AcAAd41dF358df9Cf54,126
174819498369024,0x37fF4b40fbD40AA8Ce3D1351DDCDcE111237bF4F,126
092878373109760,0:1f1d77eae86ac985ecbb747099903a193c5c7767aa38698e06866852c9496cf9,126
086888377556992,0:fff4928f4f2f08283ba6b3db8ba0d71fcb369e624b61df48acaf0476ffade9f9,126
158245970243584,0x13bFE28699a7536EDacc80E1959208022B146971,126
087434864332800,0:cacca0df9bc2c0b42f7b7354fb428661a1bf3df457491c136f4b3ae88dad649b,126
174798079651840,0xaD9dF867dA078F085E73d288f1e00E34E801378b,126
095341516271616,0:45317c834beb3abf68cef7aeea00b05e7d41591d0478a2af3ae2a6bcf3563a0e,126
085479072481280,0:f9863a0643ea4418fce5ab0437214add83919e62d855c548244899802f596304,126
085489267879936,0:1524c93e58c6874b7b13eea5e7491130f4c1e8ebdac69ac5e35cf9dd2dea36b9,126
085491543891968,0:383a61b2a40e7be259f64ecc66f6e71fef6b134d9b8254c564136455aacd599f,126
085491579015168,0:8b336b5be2ad720733919d754915760b498cac883cbed9de96ac97349409b5e5,126
174786631643136,0x23903dADE2ce53Cd279c43630fEe34FCe01Dfb82,126
174779264040960,0xA45B7e8B8D11B3ED2b41E795E94d08ABc14353E3,126
085372838371328,0:ecbfdcec7db8461d20de3a5bbcb7be0749bbbce086e0604c8a63b34429aea384,126
180575468937216,0xa5c15C28A3273403E8055f62e0A9d09Cb6Eed8b0,126
085396793507840,0:b960d0181be568e34e7d485ff16a1741ebb07fde3ec551d4fa19bc77fd4d737f,126
165015194718208,0x8f522381965CEa4f691109CC6252Bb4E2b1e5df9,126
085424051605504,0:180b9033d9351527b54ed46af9b9286b2e0ecbc8d5bf2c8f819f19976a4a18fb,126
085425452032000,0:46df02e41776e0d972535c8c2f4df6e275be9d4d5092d3fe3fbfcf3e91979680,126
085981049868288,0:c5c6b092f3f1d9d621f6a703981685842fb4508a7a210f23f269e40df75fdcdc,126
085605649575936,0:e015020ee9c7d316d17cc14d55e94ea76309cf8a6dea28be86ecc0d7931e5cbf,126
085947274039296,0:7ebcc5dff28a38a7cfa5a702145580a291a486afc8e112eb7b60b94048cb60e5,126
085503926820864,0:33ae17777c4284a7d11d63924a43a469b2eef9015ae6d629e99a0b4aae75e210,125
086386501885952,0:462ca51033e5040e1cac2c3d38ce5b31286532198134ba30af4a888bb56e2912,125
086080316391424,0:62ea28140657da9c57ba53fa13222b23b0e8a8825e65644c140bec9de049581b,125
085471561195520,0:52d3a346c1624c9c1ee410a0b5b0c396dc6331cd5e642a601299898e0652dab9,125
174784000897024,0xCfF546A18a4bb4BcAA1472429874470c02FCe261,125
086417240915968,0:bdda09d93f689ee3260fd90b55520088cb00bbe69742ece7b1090134089a7c83,125
174809226731520,0x247E625c50c8D43340D74A77B036f1624B56c6Bc,125
087393125388288,0:368a920fc3a0d65b6610e3523ed60ba8002a60c626300423c915fb8091d1daa3,125
085623659855872,0:48350f7923dcbfe39eff8c86a6cd5dd975956e959d194334ba1ea87421d5923b,125
085447285846016,0:0621c89b6d587aed9fd26f76fb384ab187dad904a2a062a5e643ac16ae94d621,125
086938451353600,0:a190cd1cc4e8d3b411223d05d2d4d1828ac7d298ded224fcf9a5580a00ac475f,125
174779259355136,0x6b493026a78aC5763305C905b096C8F8d9038649,125
174814425260032,0x88E43fB50ee6D569758904361B1034741926b870,125
086166139736064,0:5c8cd98b104b89598ddab29cfbcedc996c33344968c8401d276a5db23e041008,125
085432617046016,0:928b91e35c4496942352d7878bbc2febba24d40445e4fd137b7e59aa00bca8ff,125
087502054178816,0:b9b01d4d44aec8b8b3ab7ba0f66ac7e0889b15022cb195e1227295c8b149fbd6,125
086956478357504,0:37b61962e9aac994b343602aad67ae9643ae077f13613141942fdb99c69dfaed,125
086876831944704,0:cab155dbbae079e4335b0611318f975aec74b0bf0e7af61bd1fb9c047567e983,125
175586982432768,0x807DEF3cDb2Ad0808b0B602839744278cd16BE15,125
085407155875840,0:63cd42b742197626fcd5857f37f3aac7b977f546b6a6485b766f457c48436aa6,125
087760540119040,0:9071cd176e705b2af756ec688af68b02602be2283236822261c59f5cdf3137e8,125
086639841431552,0:383564e51633b65da55498c6c220697884373a6eec9f8b11fa1f3d24be0eb476,125
085369421488128,0:0e1c4088de7bc6a95585178db7fc4849e5ac98484afa78250617aae7dfb5cdbf,125
086697993969664,0:a8b0cc772a490583aed86d017cad7953bb61ce98cd6615afdabf1106932ac390,125
297060555993088,0:9beea2331bbbb2ed79d3daf6c573361866d327203643124d98095553da8f0081,125
174818190135296,0x3209FE949F011996B2818ed0ce08e5Aa2F1D8283,125
158311624794112,null,125
085439518408704,0:9fe6282816285a3a90e136ea4ad2adc3ad7b2a7f86a79b1571f5567ce97b1040,125
086039957598208,0:b99449b70b9e16f78cec040881db93292d02b66e90fb828242a5e82054b2bda3,125
061729184776192,0:a6b86e7bd1720b92672e9cb4f67918ebbcc68149e9b20bcd06f1cdf43d3e77bc,125
085841017737216,0:d090718b764cfa5ed25bf45eb9a5d9cabe3c2745ca29708efc1686cec58fb074,125
085493084348416,0:4dec63e6c0f61afe0b25d6c6df359e8efa4a05c4d16abbc03861a9968458817d,125
086906150391808,0:18a727967d61ae482c68a48e3fc01e7e7b6f046abcc7146a5e36943060782da3,125
085816338485248,0:51df7d64af2a8bed6ae7c3d080f587071b8202c22a787628bf7e06050a3f44ce,125
086008743772160,0:5366a1ffd8d131b037b728138ac0272ec90c8af7409a1d0fe1ccc7ddfa058a16,125
160758658756608,null,125
290930486353920,0:7c01bfeade7d276fd1159eb33ce95adc09b1431f9ac8f995dc5b00ed81a9efea,125
085816659435520,0:653839a420fde890ae7ce11eebf91b90a308dfeb1b05a357a2fc1f074e4b7c79,125
085562639679488,0:51ee595838cfe65e6c704e0763170f85ec281a8581b13d31217e7141fc948636,125
085773053083648,0:754005ac231e3cd3434c079374bd7fb1c36532b3a644505380a0b39871906371,125
085647824547840,0:d66792fbb1b970e11713fe8046eb1284031f0f4ba2129eef1fc1a79bb55bad93,125
085618771591168,0:f2b0357c97e597e99861e19895b8c6678d1341aa2809fd941915a516e12dec35,125
174787528998912,0x476b1517742a8E4e87759Dd2cC2Abf9CfD4212a7,125
087209468141568,0:b8a173d1c99913891363018d004ccab69855652cea28b160d6bf99cac644d5f5,125
086060602695680,0:9fcc059f73b66be8c1d0ee0937f0b0fdede1b9df7c929a093341b647277c9141,125
086070431371264,0:ee7f1272f6fec1cd4d6f6765133356f7608df90c8a0b0f07d267c53e8c0b5c6f,125
291578228879360,0:8d86aab12ae273744a339c103d83bf5b450fd118dd306b3a7cef6b3d83f5e9da,125
3106868893745152,0x988236e5A0a27c62124D131c2B8De67189532100,125
086229941673984,0:13447a2c5659b164e99b38c60e5007d55b57a8566fa3b3106297ae42de479514,124
158283353743360,null,124
085922971668480,0:1b8d0806e4032d687ba73d2b7e80fe0e14823bcfefcb04ee7525212ce8cc936e,124
086927891824640,0:448cb80ce8c0acb6f3973861f935f430b3536796c8566e7ad97d12ddc49450fe,124
085520373731328,0:fc7b42a3b2b2ef2e27c5f5d7fd487ce71f838f76de23984c488515af98e01de6,124
291113213829120,0:652784c29ad60d4562ffe690fb2cebf5508220e9052a86f58836e8d792c3e709,124
086251285946368,0:7d21ece1c1092d12f1066e490907e733224c292f7fd1d2318be97a29d3bb3034,124
086066427781120,0:477b2029cf1c9e2d16103186ce9ca8f5c9e8bd752bd91c017da7a5bbbb95ca88,124
089063347556352,0:caef1e6932bf2dad434a1a441bb1de48880c70e5df2f533d5bce31c1cb11d96e,124
087130597543936,0:30f7523d52f5653fa0293f5987ae3513cbd4d9836fa9ab9f84f07fb20fc87891,124
085997124579328,0:d64fae51e41f3c8745bc5d993364cdee58d4121870222a354f521804d464e009,124
174798271336448,0x3A93bEEb919a4a2EBA121f7c18044F67D5A9CdfE,124
087016009736192,0:df6fdc4d58b62dd7361d29a55df69bdddd85c911863b3385a92579751dcbfa67,124
159484889862144,0x02061E340c4f6874eee866e37Ee3eaA653395331,124
085950424539136,0:c74a400abc418eb166b96f024754e75d29680623cec2a3356bdc60c9bb484dcd,124
085845270372352,0:9492960c7617f2ba73f2c57297a25e82624cc3f3eecc5428e68f106d215f8719,124
085855359643648,0:f15513da70d5376b6ba6cabfc998b0ec85ed84508516cc552814f5e4eb2f92a5,124
164794850627584,0x84734748d5d56b619c60b5A31c51768927EEDE6F,124
086137349349376,0:e20fc8f069aa0e721241a6cf9ff749d020d396ba02a57b8ea7ca0c7e747623cf,124
087118323724288,0:0165ac8a390569c497543315ed78b7e7f0842c46da2f0d91d0d3c255d8cf9fd8,124
087074391552000,0:1dcd526ddbbc0925890d1c93b6d7c063876a5048bcc1089752fec00a34af4cb0,124
086867964477440,0:1fa37033b10fe97853a384cd1af3beafad9ff1858ea0d802b8125e481eba831b,124
085928709521408,0:75b0e5846c0e78de8c9bc9c3ad0222b622bb9ba15a55d48391b5337cebdd4247,124
087288947621888,0:f4d38ecf5916ef9b11a8cc4c21e46985a6dde37a8372c9996b33160e02c987b1,124
085573233803264,0:e66d2f5ecd4981d43da1eb4cd02b6dd770223a5f837ef00f148e3177a7b89f18,124
174818038800384,0xda21d7EcC1418790391f657D7B06F59FCe056f14,124
085912451579904,0:785ca13236ad6e1e35a83bc23b606d364b3449ab16c10d6d8705ba03820f5908,124
175817763934208,0xA1180EeDCEc41a16E607c342add81f82da7A7ED8,124
158242314731520,null,124
086513684119552,0:1b218349901cc1729fc16a370fdf5c86d264d52e8531842d088f18839a20c07a,124
174818039058432,0x007b8b31c7F22d03DFb47ADA05e8738e984E7ACA,124
085895893082112,0:713844df18609720363121392d81bcdba63a6193bf81e015014167cf017acec1,124
085786715357184,0:c28008e678ca0d44c8068ffaa64db460fc5fb033e7d09b43fe5989d9d89be6a9,124
174809235312640,0x21159841D88A784D6414158a8a70Fbc92Ff480bE,124
086081388818432,0:704e8fffa64decc44e844dd5c007fa84e81204b667beecffaad00144c4cfc695,124
088971870244864,0:edf4c794ba781edf340b21c9c9f315021964ea76439895eaf06751c2c0341948,124
086076819599360,0:2638d84ee50ed402b762d6f47d470dedbf30659832eb6b69721fdc9fb88c4168,124
085861858979840,0:700391eb95bc5bcd584630ae59a0d4fd0a2576f927312a823d07d619afc819fd,124
085515173240832,0:0c3e8a065c0308e94d32d16d90f8e02b5cd3068ac289a6f058b5c80f27ba38e6,124
085718406389760,0:23364aed8043a5193ef10ce9eeddf0d032d209f08220fbf0641969b8e1f4b83e,123
2111954236112896,null,123
085775745044480,0:92085095088981ee7dd6456b30e047c278202c1517ce78883759d8ae0da51c6c,123
085409314058240,0:bd43e6af9ae40694afa5702055972416bbdb01b133dab2420d0c584f0b65c6ed,123
085523292835840,0:2468ff37ca14e9ee0555e4b3ad5bf4e2b7f3044d38cdfcddad3d530671714c77,123
085862161453056,0:084f5f88aef24dd71015dfb86fefee5811ea98b87ab165479ead06c7725c130f,123
085406966579200,0:b39a62d2d75943a70dda15e2a7a679db341b126609e1f43b0f89257d98fe8129,123
162386117046272,0x49DD21908304f159A8283C182Ca87c6e7Db86F45,123
085792693858304,0:8aeb5152715a57debf4aa8a14139039d65a92775093a069ad3c40c3f821133af,123
085707429441536,0:d1b2422c63dbc3db50dc63f9fc0a31cb9279054b50264c0cb0a6f5e60b4d7d10,123
174787507212288,0x68cF6B7AcF61F3e20b6cf09823A04821395B0722,123
087071299723264,0:ca8609b8304a70dc19e4b6f24c2eac339fead6075932dadc1929168202d33242,123
085832165613568,0:0545053f165a3566564b03bae105a2888eb88505b2696703d3341e0da34ef061,123
085360444043264,0:4271aa850bd8dd63b569c21c93fef49242cd6a36c7af26d6db17ef4f6905317c,123
291476768931840,0:515e0c3d816c874a7f1a155d0329bbe3edabdd3f767ca179f0b0841556981f95,123
085571961634816,0:03f96f72768ec4ddf19580201e2fd7ecdc1322ca67980aea71a171f332127471,123
085846846500864,0:6a54c8b5e1d31ce002a0ed7447ae38a3f6f5c40b117ad19db562c4677932a77b,123
085595562987520,0:d0ce58d9cb085cdc46347ed51fef7561740904d81458c36f07a419561f64b39e,123
086033325772800,0:7e54daf497abd700e52d9bf5ad8aa4a68841627fed1174045b2b1e556711a33c,123
085483259539456,0:a8bd1399186da04c3dbb65672b0fb703609c4ff511ad8d1f501bac22838c26ee,123
174809225199616,0xdA2bD1d527359c57fd9dE470F26e5a7e94240b86,123
174809228509184,0x772e2c70030bdd81540B17475CbE0F7d43CF0B27,123
085906451988480,0:d3bec6f65f3de921785aeaed38038a4591e552e2ef2258ade3c5b09788be3fec,123
158142967803904,0x8E100cA591BBA6CE8b1d174F14312D3Dbc066c3c,123
174809402101760,0x91BA2beF0aa86fa05B274671767b973576946dEB,123
091811606167552,0:aac296ff1e7592c02c899bc0473f315b87dc1f36922825311454ff62ac7b2651,123
174773746053120,0x7C4f8562fE31aF8934e9B4cc3c1EfEb2A1F7f1EA,123
174773711175680,0x932fdec71b9d23BA6FCad99DE6cbfd99D28623E5,123
086169711034368,0:772dc5636ca278c1c0f4f10a47bf19378c9a2ca71734d8c08f9923b5258931f8,123
085570472382464,0:aeb527a0e98462234874e760a45e59fd3efb8d8584555208a826660c3f20594b,123
085935192035328,0:f9ef89a1a1e2634c9da0fced6f1c63579481413b9ed75007274568e6a339a91a,123
174768674398208,0x4fA70b1Bdf1c41aac470f82C49d5116a144053f3,123
085956695539712,0:f2309d49fcb897a55197666ded210fe6da1d9c4d19a23cdf93bbc4fe35538e88,123
087101574475776,0:14810f1ba14ff2f49c30a76ae5f4e4cd6f9c0b0ee332268cdb0de251494b6692,123
086545346539520,0:8414378415ced0797499bad782be4bf9c2abaa9b60f82ae8065512c32e3ab8eb,123
085781656399872,0:a21901cfa970fbab25eaf9843efecae51dd73db6f115064d79d3746763a521ca,123
174818064347136,0x995D6bdfBcc59949864623B01FBeD21a2a765c26,123
085661208268800,0:e1ece5423d2f4dda0e8fb3e91b5177ff16e308b7f1eaa2fa11c99df548e3a0a4,123
085514098524160,0:e8c3d2aef895a549ea25dc3aa9e2aea2c31923cbe2d3eee1884e90748b5b8cea,123
085691075940352,0:3a4527f666aacc2b6a0c04f2b3c00eb31c9dbac1096908fcf5c680329463a953,123
174819442388992,0x3b73ee55aD1B23C5ac6e1653D53d2014aBB02c5E,123
290892486893568,0:f37216e0d5b035287fff330b4d0a9e7238878ed6924ea4e339c1cf13dbe7a6d8,123
085411759120384,0:297e79b67339c4320a04c54816100350e53ecc548d94bac1ec3e01b49c30e2d5,123
086989174493184,0:bf1c1c2594b5ce1d7f337ca8918e6e8d7626c5a149a67715fb257233a59b6710,122
087042108854272,0:0e705303f6d513228f6236392c95f68afe890a4035b97e5766b69243714991d0,122
086517292261376,0:1ca443b7cddfc4b6e9135a2511f46c6f23880589c6f08462606430681b712903,122
086852229537792,0:23b9d6ed012cdfd73ab3b3a93de503e34783efce692db794c791d878a189727a,122
087159246417920,0:f8568bc7cb383a30db66d8ca50f970ae072a92ab80022106c2271c3f7e3e71df,122
087471959412736,0:a938bdb7826979301c8cbbf3ee029cdae279dd2cbdc393ef3d77cbc2dc3dc53c,122
087571502915584,0:05743a433244a54bc1369d9257a86756c8ec307a32eeb064c165e031c134a33e,122
091390244130816,0:65cc6b6ff0ebb234a975952b2048f9305c77472f23ecc3fb3147f312c052eae4,122
290034424000512,null,122
086017084678144,0:17262ebc0db7dd2a2f471d53bca54bb81b3520eaf4901763d2567aabc530c719,122
086309096017920,0:3e67ca2ca000b29ce0eec55772a48a3621cf60e3d2641bf57595f8ec606346bf,122
085974630219776,0:5ca925e19cdb3a4b0e173bab5353a2e6223511f89089d2c9f4fdc46188b6810e,122
086127063760896,0:9ba2c0788c2e8509c3a23c6e4cc63c667289c0dc7fcd53827bdb6941221c0ce6,122
086118753722368,0:474121c4d7cc3b3182324b172e95c7d51d876adcb5ba2e8a12a1dc5a09caee4e,122
086107956060160,0:82b9f8c9dfbad520f0100da3f61b1fb4542c20ac4f446fb35d4c03e0a404204c,122
296667127656448,0:fb90291399d3e3b3fdd94fd0873b52b2dffd5f623f324563dd7e736685cec2bc,122
085838079709184,0:8f691649676ce8b1126ec2a27bbad40cd6493ac430bf9b726e8fa66c31141b4c,122
085834299531264,0:31bb80b58ec23389cbfeee9b6861365ed1734703cfd417a47937b48adfb2b035,122
085984342024192,0:ce3ed3a6b6ce6382ed51b4113c6246eafac7674f338749108a321dd8dcd4b453,122
291918319861760,0:0ff0597e66e3a11093317ddc625e7307de8ee637711df864bee9b02a74901e75,122
085944600215552,0:d59088446e0557a8be986c997dfbaa193f9fb346480d2ff3089a2356f30b3abe,122
085822455296000,0:8b6033df712d18775394924d8c0cd5a6c1c821c31d4e24bdc7383d4431584ee4,122
085479935758336,0:22ea130ce5f52ebaff893aa656e3dc2ed10d97eefd4d8bebc01ec48c3842ec11,122
085780582289408,0:91ac791bb25c5a057db6e197bf21796d1706f7ac678e84d5610a7d06de3955b1,122
085779973545984,0:b9618ef9f65ae2bfee551bb07f4bfc4a43693a930a8aafcf18f0e95f003d2a66,122
085407186391040,0:1f8e6ae8c50e9cb068af5e410b6218da1dfefc9a0260c75c9c3e790c9c7552de,122
085397677834240,0:fb1ce226abc4b0e0c992561faf2749398661ab3ef40fef4aefc242087ceb17ff,122
085388803330048,0:112c77ace74c91c011e08dfe8c94aab8cf95d8d02a3434b5d833d19e841401df,122
158229790953472,0x9Ef5E681FA5a6Ca69cF73015B2B5C7e878267E62,122
174772055547904,0xdb75707dbF1C592F8A7e32A1F2065b906d297972,122
174772183588864,0x69fC3c66C9E1987b228EBdd63235738152064a75,122
085569705861120,0:8210d2332f1defd3891625a08f39a369e2caba48c58d0b30c7240451780dfb6b,122
174779264036864,0x99495E839586f67CB51F0414f9fc25B66BB3dE37,122
085549095497728,0:0a6cc5ab7eaadac85ff7b97ef2e4997a6eddf993866f1615f809d5b045a35493,122
087164417945600,0:87680215c0d6624010dcbb743cdc02d94831ae8c2627158076fa4b0f36518c27,122
085507943514112,0:872d253dffb2a888c019de8671d1b342bcce6a3282b4382f860ff088e38c4aee,122
174793425629184,0x8556AB5E32458e7ca39e16CA92F17a3CD2D31508,122
174798077456384,0x24Bb3Ad843820Ed1D44b871D7eEF271678FE4ab8,122
6159235403600109636,0x708435e7D2bAec86B5d272E6A88c6782B3A448e9,122
174814384783360,0xcAF1375A827f7A16E41055DB3c07Aa97c4ee0dB3,122
085414878859264,0:c80d9d3d5216c35c91625872ebf4a97e3feb4ec8fc37c3ee38fb87b42fc20a03,122
6159235486400109790,0x31465286090397E0D7Ee622c07D753C6B025f9BC,122
087654741700608,0:bd5eb6a4199b3a9a0bfd7cd60dc857ffb21c5ac07b7911b475d7dd9c7fe0d1a5,122
174818186518528,0x80C45EbA3909DdB05b2fE870e11265273765c855,122
174818081484800,0xAa41A3fcbb5F54cC7387db50070f3777291E4349,122
174773675102208,0x0863A6D6925E04B02F49cB2a41B0689F6F02752b,122
3104645820129280,null,122
292400585764864,0:254b6647f3b550e84585fb5048f93ba9844e441fb3d783a1b4d49953646c8a75,122
291895274065920,0:049b31563548bfe31f1251e797c96933c6e36e7b05e964a17ca0fbdc3a34f17b,122
086633897639936,0:2031a4c4c9d6a81699f468640f094cbeaf7f5facfef7846168c34721380f39a0,122
086930300432384,0:4dbe78e2cafb88a99bc0d7ce45755f3b95ad7462f62d03be08b06a47556f075a,122
086866229153792,0:ae3dba8f087c4c2525f2f97515a62d00abfb7356253748a195e8145ba0d68c77,121
088124227649536,0:ef13e36e51f83e4e9c293fe4040c61ded1ae7fa466846371335ebd2d3a35718e,121
174788257566720,0x4068734Fba7e762dFDD3e8870e92207A0Cb4c143,121
174773671329792,0x67af729F3A049aBb036DcA6C9B0640348c6a15F3,121
174768668950528,0xdC55fBa2562F816a95B2634E36F14815c5FF8C35,121
085548138246144,0:96392734069075fe4a8de3dee1bdb0a413ab98e91c4d0613d7821e6399327da5,121
087144680738816,0:371a4be0c4f11c0d3436f104af6efddd7815e817d57539920690e03d55a42ffe,121
174779256918016,0x02260D267D8c93d49ee78C80c67283B7Fe4d55A8,121
087143909281792,0:7ef53133c500f8d87406f987f48d1d30bca13e41c05ab487e946c4c00b3674a4,121
291982088937472,0:cfc22fe584eb765b2bbce92df084a73762c8d685d06247a4f8847671a3e0201e,121
085830274039808,0:2e3732ae5096e694b7bdd04b3770570faaefed6ab27d4c21887319cab8c893fa,121
291814760529920,0:fc93e904ce11638c56b502ef46855954ee8548edd4fcb5eff19ab84fe4cda597,121
174773674627072,0x9acaDEbd55b1a526dDA6143Dd22345E56206433c,121
087765684776960,0:293b1a00dc8d424fdcb8b5848af7dfb96f54adb8ea9408e48e43084f94139f5e,121
085370036969472,0:be12e38632c76828c71e8dd99d34e9ff27cd7327b4cb42fac538734770597bbc,121
174836575170560,0x600B7Cd19BF549c461E440215313A34860D29344,121
174818047098880,0xb09BC6Bee6022Cc05B1a7e440f1835660b268734,121
085971640565760,0:29b34e04c577a0ee83a2df93602baeaebe7874c0a50ab6918d6e27e66b551c22,121
3111693111189504,null,121
6159235230800109306,0x94996e034F91c8BC07E09c974f69757Bcb2377E9,121
290915211231232,0:d37755d21f6becc7bfd21e409027b9b60cbd4a965165156f6e61703708bfb11d,121
292261671505920,0:bf0c82fb3f8f11e51cdc04a7831ad05b59e6266ce1a43aeba110d3760596fe7f,121
086575999537152,0:e589fca7e14c21b2efae7a70090bcfee11f76b6aeea32d710d6950a9c07bf9f1,121
085417131479040,0:8b25904fc852de6c338cda4ace80d085f0a9ccaad2f6a329c85a7a14e6dca9c8,121
086881920417792,0:df55d578365df509195e7161ba6aa2fd4f15addc8b4304e787519bbf2cb0434b,121
085997030559744,0:8afd560ee7bf26020947f8f20a607a5f00afee411deb0af2df06d6adc6efc312,121
174798121394176,0x9B70451E4Cb39ed2CB0F5f64AD4c57C2c339edB5,121
174798087032832,0xc080a5548A6BEe452d06f36F7f96292eA6BBb127,121
086398412091392,0:5c23318c4fea6b20045842b22d1d47e431e15bf050ac4b6168719bfd5f09dcfb,121
165015189954560,0xce87BC74034C8E5bE8c1B16225730e73F8b82cf0,121
085875372703744,0:888969f44a5a1d2e582d0b575f0b97850190e2358df30cad46ed6162bbed6d8e,121
174819445878784,0xc25cDb19380ef735c0ee361F0EE451959672Ac76,121
292330134315008,0:97a8d56d4dde26e65c021a3386d597354c08d1531646f9030a192e1bf61f6423,121
086896849563648,0:a372323a09c01d8b47b4f8825cc50d49eed3120f3be61ee22bb2cb61cf4330c2,121
085408072155136,0:23fbe9db369e8e355154d6f6d51e89558c2708b1fba2904ea9ba60cf4f3229d8,121
174814374367232,0x53FCb00f2C21fC521217C79EeE6EE2e8939d8FF6,121
174809230684160,0x90a3281dF177642237ca255A22a233f365b7376e,121
086969650573312,0:914954f193109ebcea14129401a5e63ae7ed5dc4c7f2052b0a12c52108ddd7bc,121
087459528871936,0:d70ecc5e671b01bbfb51d541d4ff53be54a5250bf9221a892c803c1e5ee189c4,121
174818196283392,0xb1b132522d677489a316DAA3200444e917f544c6,121
6159235479800109778,0x409BEB6B6474D4530De0261e225327602702bC9a,121
085702900948992,0:1bff4e2ac6dabea8ffde901693aabfe2ccc138c2fad2a1a6903dae349698564e,121
6159235482200109782,0x75f5E438B611ffD249AA8EfcB642871dCBC62f8C,121
2122095453290496,null,121
6159235815000100411,0xc1901A3e5BAF2AcD70f817DA8C975EC382dED765,121
085388535848960,0:918a8c5062580563e69d6e079a678167d88e1ae29830f352c3a714c61e3339e8,121
085832884228096,0:aaa3aeb2551def07b4b420fcd152ab81a7100f98c3897f551ef323d7ae4d8f42,121
6159235474500109768,0xb45b0cB9E1c0B9313E179c9d511cd44D6B8f483f,121
085981002211328,0:f19b20b33ed009f57d770545ccfacff1cf275c8acd1e0679267891c851a2f923,121
174768676229120,0x7B0ac6754bC85b37dA1144bF8072c6dad77164bA,121
161142219493376,0x9065299D2513841d681B29530f20616289FD0e3A,121
085811712069632,0:576bf02cd9335af7a19b392f69cb4cd87dfef1a9a10585876132ec9332baba80,120
085862913449984,0:7750955faee88979203ebb42c90694af827ce8718335b13aa6467b9bb49d4c79,120
087020861239296,0:9bb4fde5fef6c662333dedb7e74dc8beb02a0086aaf30736beb2c630aa6e25ac,120
087074451628032,0:ae2082723b50675cc33d421dd1b6925ae04f2999b28bfffb18df3e7c28b1cddb,120
174768669757440,0x41bBC2e2023FC891dEbf2b11227c1959CBFeAA40,120
175817759305728,0xB78C08AF0a5A3440Ee436335E4828f1D66362e45,120
174819445956608,0x958b804595CaDbaA685968465C7d492e820eF6d6,120
086127972286464,0:cd92b660979b8b14562a89d71b931467c29d5b127eaddd91c86bf38f36807dab,120
7502794993100109398,0x1F14C43F58DABFE24C3AD5285e5CEf4c297340A5,120
7502771379300109181,0x24f275C115FD73b00b8e5CF1c813508b18c2eb27,120
174793548697600,0xe692BDC128E2181C93134f38AC70Db76Da1F6Fc3,120
7502765179800109046,0x13d15Ed41cEFCFdD1415B8c771FA0aEF25570A63,120
174768729501696,0xf9216F57D69F41a893E957d36762D7B6F251B6C1,120
175813885853696,0xb7eeA49E198D4AD5affa45562582964BCb1991Ef,120
085785183518720,0:45eea0168b80e4741b6ad93f38f7fdc61dc4a137e1886998b682f05dff7e33e8,120
174787414097920,0x1C8B1c592fB64934Dc135C8CD26403d15596f8a4,120
292371688484864,0:ff13a97499b1f15347189da91d6e9acc3a4763dc8f9d9ccaf4db7a51f896cac0,120
174818194878464,0xA311fF1dd9EaE808b9C8D644Df09c022B0E15971,120
086054209937408,0:3e703d1527e16b2fc9e5c2488db3d333e333e3b2ee203b73cec604fcf19b5439,120
174818065571840,0x6F25f59b1B26fEa7E1EAF32B2b23E7C51A2150e2,120
174819441803264,0xf11AaF7E3fd2438A1879cBFC64F865B786BBBE3e,120
174798080573440,0x2AeF3f303555B5543e3b0D000923B6B2Fe73AB62,120
6159235317100109471,null,120
087564112687104,0:19d4ca8f7b72ae689d4f1db15f624c91b4a1a749a30c98e88789a3d11e418f40,120
085940437524480,0:04d0d19eac001ba3fefe7dc309255a18a0674df6216e400ae925d34a104dcc5b,120
086025878761472,0:ad1d8cc878e27061be794849df180d1846544ccd1c7e874c7f617a68943bd436,120
174819452964864,0x5bC7cd724C634283AcC1c22eE0C29BDbd4b12988,120
086320273895424,0:0f110171e3ef5a4e78ae43e69d509c3222775be92d0593b166745acb19f809aa,120
7502770831700109156,0x12F1e97b33A67c4588055dA28FD5eaDA46901697,120
174787452780544,0xB4F085DA711f4B9ce1e0CFCe5291985c25AcBEF9,120
086179732672512,0:73bcce7b3c00a40f545771c17fd1c514cb677af36b9fe959c869e552de1001ba,120
087062067404800,0:da6aa25b016f98045414ef429de52b10d28989cb1786e278379ae621fb965ecd,120
174787503632384,0x4512D31Ea4CFC9649685d0351613633c9BbB9A1D,120
174786574761984,0xac1d0b0858CB9dCe09dC8bFe9451b37ED58a118f,120
085940171591680,0:eb96b135d135096ac28396c390638abb27a68ef341f742652fe87e9f9c063f02,120
174818190905344,0xe0033B83ebf601CF0b96704B0bCef9A16908345c,120
175585601458176,0xE85b9dFf559c5752052982f3d440192EE17A75F2,120
086630455177216,0:e4a9479da03b9c78b09662de9457cdbef0e46890ed6149e2f321b7fa465f8cbe,120
174814512558080,0x69Cf3f3E229116DbeD17E973B6e351122c8EaDB5,120
092248535072768,0:dff2709893c1fca0a26c99a6e9d43f419e87c82fa42cbc6123bc556341d5f0d7,120
174818033758208,0x50681A6F0f7725971a14f1aff1Fc15Ca9733b670,120
7502771016500109166,0x9a4B2058807088Ae11a22251c06E2654c4179EBc,120
087312115093504,0:8fe991d5536e2acfff0fbad8b831eda4a92cb6bebc87b610d6d5a4ae726ebb71,120
086692967190528,0:a4adc790ee3b18b2c74abad664ab1cf867e7c9d3e81c5f4ae8d8311a2e107559,120
291478996856832,0:b5a86d873249aa4b0d15cec73824003f6c5e010e0aeec16fb69974a1307f3120,120
086995632939008,0:733160c5456fa7439bba571cc0a4b54480bf88bb5c99891982286dc6fa265101,120
174809454923776,0x15cE5f31208E90a530585A814274636c52839afc,120
085456108019712,0:ddc992071cbd2b5e5124475ec83d3dc6abe9dba31871ac2b11282c79b0f45436,120
085827745546240,0:43c40bc7c1a3cf3a9c7d49b737073be6e4460f913e870bdb811eba664db814a5,120
085866298912768,0:a3f1090bd53baaa7e68323533e14c653f124f308f255d1d93c4773e075b82fcc,120
086105842757632,0:a0d098fb2d77a638c4c17a673860dc404596814f8331538c2cc5d8df89cb0c53,120
290989764358144,0:fb6b1b345dd5b468b6ea704503bdf9f857b034fc4f8b9fff12e91f0083db9539,120
085835225251840,0:7b868c2e562e37f86877711a5b57b7015d8e45fc114d3256632d78678fee3f2e,120
086055901757440,0:68ce6080a31686e7760cfb8d068af386b14142edf1268440ee7812035017ef95,120
174793550594048,0x58A200d81bC619EeA5d731E9AbDAE9845Ee07305,120
085881555255296,0:5b19ac389265f286813950e50821d832ef142d8fc780d0cfbd550f534e28d13e,120
175140532723712,0x34fde346635706e1dfd4CFd91087e0FF870D21bb,120
174779260149760,0x09ea0662C1A49e098EDE6A995fb1d1f5ba5F8Abf,119
174836592222208,0x4b308743E148171849e48aCe9b6F8E25E034E5c2,119
086878390231040,0:b0fe0da26e49e9abe26f74a21cf245014be491834adc8a4e39ee1085899a191a,119
085407435698176,0:f109bdd298cab3ca8c3a4a57fd148ac7983323d8e912ef53710bf9254ebbc288,119
174819643011072,0xADC6401ef4a0F83fA48190aAD9F38CAB3F33a942,119
087645747658752,0:d240d44223e1e329073dfae2cb0e892ef96c519a1bcedcafb80de70ac398a53d,119
086541863059456,0:a192f24434df10a2976ff911f126d0a1d360832a7acb8c221ec019a89401793b,119
085468336689152,0:fce417455141cf51d5661d44fb7d68a966443407fbebcb51880c3e13da65e6cd,119
086987967348736,0:82d3e93fe2e4bb6baae1b249dc83f109c2ebad2769b3310b6937a5dc924029c3,119
086080710852608,0:362ae8eb6f4bd7084f2a53644cb17e32108accb8cb8be5cabdbf19eb2db000fe,119
291048519393280,0:7fd3113ad7095fb1cc8e2ed239385e6acde45e80d109002e01e7a83d7bbd6c47,119
086655350562816,0:75d2eda659beb7ed0c4a37cf0326ea5bc563afabc17d0bb167fc1d1b5b253e9c,119
085747719397376,0:7f179b7baafdf75266d7cf5d03ffe2461683cf1b2196715c258dfb4d08ce8608,119
165015205343233,0x33d9D3C783f7bd84E7dde101DBaA57ac299B9103,119
086099606200320,0:c512006cb7764227e2d3fc81e677812d8550bdc1a593d899df52d014ea552e49,119
085770423832576,0:dcc369c43eee4d1def70ea23efd85cc82a21c732f656e1e352a42bcbc8c91764,119
087061993885696,0:646c29eaa50b2dd3e1a9976a5ef19d9f448099c5674357f83d96c64f0369f233,119
086982856089600,0:bdd946b743db7d36a8e7b0298f50a74eb43702e36abcee01e498017170a754f4,119
180592390471680,0x7F5F49F46c8c627F972642b6621827432C3eDaC7,119
086728227012608,0:6e8b95ba1ee5338c9d388c65f7fdbdc0fa6c83d5aa707b8c6a8774baa1034c14,119
158247788474368,0xe659c96ECd27b2Da9fba2266618d67Ad96812ab2,119
085897353568256,0:a03b168beb5efb55e0299919c3e0a3a5b47c5f4a465e52957abf180c04ba36df,119
158152568721408,0x30d92079267350F615855E208b00812DFdCDeCd5,119
174772057632768,0x1df62845b4f121e46b333b22080d6B7144d846CB,119
086628043100160,0:6e6f6de3f03bba21a20ec8b7e72dd8ffadbc25ccb762cf8cfcf087c38f5e954f,119
292151222382592,0:c518a503bcbb4a6f81759c863ccded36e15625a12b3586a6ff355796726d0dbc,119
174779258281984,0xc54497F4547929aae84eB8A889D5bd746Fc65710,119
174773673267200,0xE7F678550C98BEFc0a121fc8173e44997EDe3949,119
086494239653888,0:94819d0798196e6f016eb83cb27fdce24453e38a6a7bf493ab3776c980e4ed2b,119
174786626740224,0xE5272f169b3aEB4e9374aA53856D9bcE10b74045,119
174779500695552,0x7ed0F6f69Fe9040357E725844A2231a1abfCc7b6,119
086868319072256,0:50e2ac70f537faab68122b7393935964b4d9db150ab17c3225f23b933331217b,119
085976721993728,0:9e60a457ecac1f726ec5051c4834dd7983a79e027f2e74f4373c187b135f742b,119
174798078599168,0x8Ff4D8089871B2171Bf3cb683452CD2d92B28076,119
086297160060928,0:f0d7d7e2bc6862f3b1b1617b91b37931fa1f8ffd73ee8c004a94f290b3e5cf4b,119
087141346246656,0:b350134a2ae4c907c02f77936114a7008918acb0ab52be945274696ce6840e1c,119
6159235725100100239,0x5F936Ae0f736548A583838B52F690d6cDC67C9C4,119
086636287922176,0:a3bdbe5497f7bddee63f3f8dde78baed69712f37d4bf0188c39cb2179dc7a24b,119
086729819144192,0:8c701c25d8a4e9e10b973e23a7033108fa342895db83469bd1b17225fbe1115a,119
174793549647872,0x7f7120Ab7FfFC9Cc186001f38ef51EB6F012A55b,119
085690281492480,0:b9469a7caa41a2bc36419067c96b545536a2ee3b4a0c2dd8a20c830924b71e35,119
174814379872256,0xb0af6305EA3D247aB3363dAb496cdBD90d163EF1,119
174798080090112,0x2a1261729dc195e2A2F4a84DBc4434Af11b2829e,119
087236432494592,0:430f4dff78513a4db48b4b15bd61165670796d4b1f34252ba71f6f49f55f579c,119
292635584057344,0:332b6c9b9cc3a309cd758d3543708455e54d8930ee51a8d4df38688a73a8076a,119
085462370918400,0:9a30eb772904cb6325dfd51ba98db984f7e55ec5cd043d14564f75ef21978447,119
174804286312448,0xd3723CC7CC30887e96E3ea808E3af77A898f135A,119
086913500340224,0:f84fcea397be08a6dcd7da821cc031e0206f7dc43d1b5edc3693937c5377b6c5,119
085508785737728,0:a14dd48d017f9cfe3ef27db904c0f84b4a8a7982a64a811ddbf4e0f99e710a6e,119
174814420910080,0x4dE163074AAB3268F2d3cA5eeF7D0B3adFdE8707,119
087494637867008,0:34adf68553db06432a47ec777e4bf010fe34ceeeef2d543ab107e595d36e8ec3,119
087419342442496,0:fcd016bb4395d134f8265aa8b697bfe4afca5db9e5224126af66bc87013c69f3,119
087434404708352,0:51af0b3a31c440cbc0dc17bb647c9c61d6367ee3b5b5a000b4ebe03f91ad1ad6,119
174818317258752,0x2CAF34a14BBE46494C7996B5267CB902c5c7Ce38,119
086085090295808,0:88f0c6c05f0f80623f7f53ab8259865c540dafebfc0131c79770de9404d262a8,118
087389952856064,0:6fff19496dbe5b489ace004293abc66abdc5356492322e0b94008c6c9c7500db,118
085371180670976,0:0e76d02412d1589bd9042d786ecb06698fa19616de343598d50e77a84ddfe7cb,118
086103491665920,0:3e3230fa511c912f4847b36c0c70a363b993641b032b0d8bb6f3ef51530fad99,118
174809230110720,0x6A0e2dD2e9b7ba50Bf48E4b5A082DDB7cF3FB9C0,118
085902756831232,0:164ae48ed67f8c231d0f9edee9b3574bb4857d14e37dc4520b6d02d3d9001b64,118
087063946907648,0:ee9cdd142467fa3ac4e159d11ce4374947b9fdddae94519f5e48cea117d1a66f,118
085854253789184,0:7021609d9c50beefa6f829a5a797c9898d80913e3a069e2bd52664374f4df80a,118
087403857702912,0:57215c6d1ccf45e87f2e8ab7b82bdc9ba81f93bbf52b23ab49ef4021d32ce3b5,118
085407548719104,0:fc71cf8dd968a9b34ef7d3167c474c5f9f6b733511ac5b2a90f9026628672497,118
175579837714432,0xE9bd1642a767790c0e55659bBf2D4383bd1353AD,118
085462369423360,0:db3fb9fd86d6626863545525c0dad06804b0a13640c2a91957196ec337c4878b,118
087006553071616,0:9bc81506776f9e2483d1e050fbe17b9f77bec5c61f59ba1b3a510155266127bd,118
098684075839488,0:719c05d5552e692b12d896692cc9f518a982fffc27bbf92baebe0ade437fc7a1,118
085407632842752,0:89ba0c89ccabc68a460a6fbcdd0315228aedd4228fa94756b90df141c133ba1c,118
086458149818368,0:8d6663a81c47f7a280cb782197641cd89ec21ee5faeff54123e427afcfb3bb19,118
085755345162240,0:ef660e7a9420ad426e4175d7f9aa24089578e3c9107c4fe11f2f134c61d6c103,118
174799559925760,0x7790dE801Ba8C19E611037EDcaFF9b41B6d57412,118
086869478494208,0:306718164daa5ba1019c5468ca8b2f019a2c75789b523566917ee3a02ca66713,118
087030950756352,0:a3c1879ceb8bd0608b290b1b3016a480132ad5de661d99aca80e11f007772f0e,118
085800584622080,0:b0d6acff86373b96be5608273ba5898cca55394286f2682150b94d99f50d209f,118
174798244761600,0x14a2345AF09403184e3866be8c08b81940437f67,118
089036902592512,0:601e0f692afe07fa10e93ce99a87c2a00bee2da7cb9b6e5ab37d6cc65507c99f,118
085473187282944,0:dcbcfcb7ee21dacfde911b16896e54db0b9b0602db585c5969a149cdf819cc57,118
086627740930048,0:12ab0e643b8b854a1a248f5e4fafdf791a37bee3ed1fb54fcefc750464cd440c,118
086283692527616,0:238c945b95bf4742d85c24e1abd7651e26bdae8707233b7775973830054205e8,118
174772126371840,0x15F275E7ba38F692D275a0f4Eb63F03f246e4fEF,118
085544409448448,0:8a2c9cd51ca62171bb6a1847f95548c0593ff2d96ddcb0892c425282a4f24ced,118
174773691047936,0xC69ad632D6Ff10a864f1af14782baE2DfeD186Af,118
085549509722112,0:a8d87da7578ecc280092be3421b197c2fc11ea360fbf96f712cf95170f0c9bd0,118
174798078414848,0xFEC110236F19D05E6Ddab40B161aC173D582eC6e,118
086947215527936,0:d3a178bf8f82740298405b5af5b00105f5aa59895540a165eb7255c1e2db091a,118
092224270729216,0:1570c998a0e7cb9af29b263b9ccbb93dcea08d40c3d381258325f9b6aca77185,118
174798078455808,0x9DC66E8826e60772cCC2028930E317540fbAedCe,118
174818037592064,0x036C2883246e7140Ca03587BE5F4Cce722B647aB,118
174819499724800,0x26708C4296Bb7C7631D84145cD431d64254E1Ec5,118
158272613523456,0xb7A140B8ff0Cf1a6Da023833CCC71DB6732bda59,118
174804337258496,0xb28c6C02c48f62752ac322bCA4E3037E752AA824,118
174793553637376,0xC85170a9407713D25A169EC65a1207F9CEA781D7,118
086129228967936,0:54a2bddabdf4454933c6f750a542069daa3ec785fcb789a4db77f03403e5b25b,118
6368167107900107954,0x24a7A73d594037bADE61b9AA8e6dB7851b40D876,118
085955994431488,0:12b18b8b2dd320cbaf0f120e2987409b09e8b3d371c93189eff8bbbd683f271f,118
085805141520384,0:8ca8bfd0b569bd3ddd12623a2111230ff05a0805ca3c2b59c9aa9a88193cd735,118
086012286619648,0:f1479c8542535dad205ba0b850c8c93b4dfe42c607141b3ae4046fa2df610914,118
085491990081536,0:565a5b6a08b8b0ddd6080f5da3d7049bf1ee2572ddedcc873a849e641e665bf7,118
085714713157632,0:a5ccdc30b0c7d8b7b4e18d6927a056da5d53c4040d05931724c49cce17ca280b,118
086269723676672,0:9b099eb9d84341f3a7177ba871b6a4a2e0f725d4278f3b728ea4ee10978c3a8d,118
085901370621952,0:ebd212ff3762e32460126ba82a02583f6b377a07756dc0c491c741637c504076,118
086331204300800,0:f8de20c8089451effe0bb83379571d2622532d1e4070195a7dc12a90d639be4d,118
085407493337088,0:a8bcf1bb0e35d9765db01e0b741ec85bad5d70867cf513fd444f003bf7c9cb9b,118
174818193612800,0x2647c80B9fc65fd56496bdB7FB86f2D0640E9161,118
087132574707712,0:957116340692eb078354b8222b6b6cdb695d268fd087a60d30c2bbeb53eedba2,118
174788730429440,0x0616A7f12FA39A2a9544256132465f14f7042469,118
174836569182208,0xd0291CbBfb5d6672F6867a3d30BD08F0C1E595e0,118
174787452112896,0x9572EAF103DF1d38ACC3dFf27d6cD0b1064ca457,118
086920679092224,0:36e62187124ab50ef050b7cfe3c0c2a3cb55b15fe2349a2feab047387eeb48ab,117
174768672980992,0xe96F5828E53c7395705193624C15C3C627978e13,117
086865298272256,0:0e01dad439609ebe261e22e9ba0c1899b04f5f1ab71d2708c99d061a464d9d42,117
175813981065216,0xD9288f920C168C5dBB4F41e3D944B3460b0fA90F,117
174803921862656,0x2A311846002913f2a0bdD00137416BF36f3Dc4Ec,117
086880476557312,0:8d1396a5268256495ad1fab3663d734b682c52707b6cf7b30cda886f2e4dad77,117
085667259506688,0:ff4081954b1a8bcbb75f5c2fcd6ca9b8c072507c20f74f3ebdfb02fef5d16d48,117
086915090919424,0:5811e33ddbb98c7878366255e9b2785a2f98272cf3a80f27b71e745e10f2e449,117
085787269062656,0:611df2d052782890bfd6228c8291010cc9b3b897970d2f01e3be8748143e9961,117
085874991886336,0:a66056338ca8912b62d10e652bb8d73194b7825886d5c36b54479b6b8c62ee99,117
163474436837376,0x65E3D8d40E5B3b4d25f218A64CAAB5619f94D44C,117
293912570232832,0:c6b5d9f045216339d4d9578afb6ee40471ed37a48c1b6eb746b04a10e742cb18,117
087790622154752,0:afbe75d005fae27c72820904fa887858bea326663c2f979926a34406af0e1b1e,117
086989357989888,0:69d77e1449dbf74bbe1e5418a26a477df8e7f8b247993230494ed1f791a41e5e,117
086725267148800,0:d663c495274e5332d909861677fb1df48c0e34c8802634a73d53575546ea4660,117
174836584034304,0x0DA73e6b5146572C15Ca80909e0621f3E944f295,117
086089853841408,0:f07f9cf932a11438a2cdfd0c4f6d5ac8afb8b0196ffa42831bd673ca3a7b303d,117
174798082564096,0x120e58f2b29c20954D3d55916616123e145e1Fa7,117
085410536988672,0:202932d98c4e0452da72aa46cb28712e8f9f12a5e3056134c528e559b8ebc580,117
085752008486912,0:34bcd7b21b034e08bfaed7cb94d31c793864948efe075d7c0aaed7ae82b77680,117
086926870130688,0:dbc58dac298f7cf4eb7468a955ebccfeebee1b19b568958a4b35715accaf0077,117
085775739682816,0:6d3e79783771e9e18b5447cf6c94764f3291f2c20a72aaeabec2eb884ca94bf2,117
086088561324032,0:e682860c84d4a5ceaab861b5bc2ae2b6a6fdf0b4be33e12fbf9091944e5c35ac,117
087288635568128,0:3397e5f66d1e6d591e5b5cf26ea22345196f426f26e9c598e7d6799a22d948f4,117
086093807104000,0:4e4f3f0cf8b732b127e59ecaa85869e33910d8aaacfe6b13164bf0f12af050b0,117
085858903560192,0:3a7dd8eb72947ec2193a6529fc575172905b8d8fc9eb634ff07cbf22bb17edbe,117
085804726079488,0:534109f0410bf61051d6e91ca0264eb21e5c61261dcd141b93b1dc76b600196a,117
086972071071744,0:10da3f6644d2e5b73ca03f2c57b362a07a3ec5988103f0b41fdc38e22d9e0e7c,117
086000367665152,0:199d05837d9865d43c58e30aed881b0c486cb1de2318b91a951fdac98c804239,117
086964564475904,0:9f2e04da3199e6fc07f15f932ed8cbeff72980d921dc2d7092d9891c302a59f7,117
086940279455744,0:00dcc5bdab5139b0ae4b989de0a14f564c430bf8066efc4bd33a987998f5e066,117
085412896866304,0:55ace439a6cd198bd9d105ec39c541f77e7dae04d062391430bb7239bc3f965f,117
085475523997696,0:6612fb1a3ceb103d1b8ebb1e7e631b32f8e2729c505166c15242fa8438aa8daf,117
085940225740800,0:6a19009b821f2c6efff5f3c8b039c5a618fbb3aced2c6ecdc3c229db2859d2ed,117
087481333227520,0:85b39b3ddd71650b022bb4b6084725f9930683268c2b6d0c5b568bfc30969d28,117
085953021501440,0:ce1a45b5554142c4329697152297be568f1f07e125ab8c15d1b21dcae5eae5d4,117
174773672861696,0xBb0C35Fd7bDE46de25C95AE7E3cC3b356C699059,117
174786628255744,0x9afFc677C9B63C801E97A1899377280B91633174,117
174773672112128,0x847F2e9F1335651F298C4403d30c744BC092C0E4,117
174787528974336,0x2F456d25e4eA4035b31156B28040D1a95D140E41,117
174773668397056,0xedB51dE8716062E9231DD29B42f3e458f444AaE6,117
158272449372160,0x4A17A612DB062A59277744D90Aea7aa7A8373B9b,117
174768721125376,0xA85748A34cCAd955faA7502312e3Ef9520646c1C,117
174798083420160,0x1Fe0e335222Ce610563DFfe2f1881785a252b767,117
291545832361984,0:2b44c48f123bdd8195ebaac1907752fb606b9d27de9ccb699acbdead3929612d,116
085842443984896,0:275f71b4958e7aac97895297f5d8ccda481c4ad7013be0b46a55a680e6a67c14,116
085988978221056,0:5206b251e2666bcc224f7dc70438996a18712c43696cee3a07f8912dc1885edd,116
085819381469184,0:1b23db6cf55798a3626310e1483d607047ece35a87a38cfb037d92d1329ea920,116
085809591713792,0:4093ce9cdbc29be35b068659cb449eeb7855dea1ffc8a14d56f27f1891eee8fc,116
085462551535616,0:b823eb1d8543f049c86565adfad85eab9277089a5a86d8bf458527d45abb9d59,116
6343835643200101583,0x67B3D3230D846e8752ead58d71537aAca1779653,116
180575465156608,0x98CBa0363E52D41037dCe8b42fdF4c9E71B7B155,116
196568332201984,null,116
085777974521856,0:e25a4b87e51f55b4775fc05b4c81f66db888ded4a5c4ed2f7edfec1a8ea88fa7,116
158237520080896,0xa7F7a8dA566ab67cb47a6470D5F78D9B1EeB6104,116
158234979549184,0x654aD9Dcd0F0d1aD0f967DB48CC28813d78A586d,116
158156224913408,0xD74573E2f4Ed93C2488eB750da3e4f4C47b63b84,116
158164951420928,0xC9c5BB9a214673221eF6ab622AeE5B74DC1b64cf,116
158177043582976,0x32985DB5A51e31B790511c6D12C088A555D83130,116
158184440623104,0xf7f916aF46446F2B56463287C0F6DbC566088284,116
086938364325888,0:dba9b4a96ae458ab1c9290eaf782ccee9bf8ed2e6eae7ae9d096546fab9a9e99,116
158146489372672,0x36D23239B35477911C489738A9eA2f7D87cB4F23,116
174779270438912,0x72bcb0cfD3c103f8edf68bE79decd685B2DBc735,116
174783991631872,0x0C9F809829bDc5c94C5dCe4dE0210e7d1B977Ffd,116
174786936483840,0x29C9aA659869991Cae5EfF57004FDbd816fa2903,116
174787503706112,0x1b3e6Df021fA8F03D6567469470FF9A00625D6C5,116
6159234345500107646,0x4eb5aEAcff0f891c9Da41d62AC7b820ccE6394D2,116
174799569563648,0x8219f3e2FDCb05698e392920ce691c58BBb25221,116
174804433068032,0x552Da0fcDcCc68FF7749855F051EF7a7e4F86A37,116
174809233420288,0xb42585076438493d54AE3eEB0A1691416b0b0b85,116
085455438372864,0:709056f69a30fea4224aa9b4c952da6200edb1e06ecc935a4b4ff5e7b2b0932f,116
160963677732864,0x193f3f16a1300CD89d30aE5DEDEa6d700B96eBA9,116
174814382305280,0x11250a9Ae79d782559a6c2d12dff7999618062C4,116
086474107056128,0:8fa76874961e76390fed2b226887e0604942a02f105c310f9c2356d954980132,116
174836683661312,0xd4fD02885160C08ff1056B67b0734FF34C0e1b96,116
087603443769344,0:10608662e263c17677a579843a4b79b15501b6761022f6c6c9618f3578d5f246,116
174836571570176,0x8BE53e2bAEE02f1112CB21F6d91201967b001B59,116
158247291482112,0xF1DD94229d953C6E0F94111C3C0007069AB04583,116
086271270875136,0:0a45b1984453598e83753d4dfc7f2d2e6422b6ed0f09ec06d4ea0c9e392f5f9a,116
086639410556928,0:cf0df258a1cb93fcea48247774555e7dc44389587e073661ea56b57cef73709f,116
086654721388544,0:11355664911be3fa3c68184d662fb6b1538192e94e2e43c8ac888556974171cb,116
174814491201536,0x4049c2aeb019A4164E0102aF553e4DaC0846905F,116
087142022279168,0:20a26b417211b61dbbcaa607089241fa2c5c6c5310dd2655b84409571dfdeb48,116
174804308008960,0xBd0A6367C17Ab11924b855e9e0fE6b2DA9e76dea,116
174798082351104,0x14952435B1d5cFae07d766D242a8eC5A9a7AC00B,116
174793548025856,0x9aD386fC9377Ff95fa5b7D4716C55efD33174B4a,116
174793523437568,0x7E7ca9B81C1f399941924A2Fff92044A17266C13,116
174773668462592,0x81050127cb6E3815Ac33c5Ee57330b97c1B4605E,116
174768890109952,0x8C1a154b3Ac185743f146EC5a8E9fAe4427a7444,116
174768673857536,0xC137fE75C8582B8228e19f758B9a435BA181b79D,116
086739504750592,0:cabb611ed25bc549651713a6b98d583513a60f6985d8a30d1d7c55c475fcc4cb,116
087065035120640,0:04073a82dcdc9de092c761735391ec474f81e93234b06f321b8cb4fc143e68a3,116
157959362260992,0xb03DDA3B4d47CEFE2B9f5fB1d54D6340168FdfCB,116
157855714762752,0x398B16966DB41FFf238eB9Ce4999909C4ADA08Af,116
174768674721792,0x0e9A80574E765CdBFc0943A195733C1933B9dBe1,115
6159235487400109792,0x484956302a7334FB04FF8434936e118f1a714848,115
086220444340224,0:ab5ba5f30c8a08b0f6036920df1c02a896dd1f7ecadc816c5c5bbf7abaa00822,115
174803934707712,0x65F9E049e62AED70852688412345F47dc58789BC,115
158250365501440,0x7E18a78B2193CD49050DB6b5bad7A1AfaF4093F0,115
087358364823552,0:00a127556058f2da59e74298ae632c7b0e0d45ef8f1f769c84d92844db215482,115
175813889626112,0x68708f2904D478825df134e75aca01DdcE3d147a,115
158214903783424,0xa6cE5Fb8EE069BAADD0926A96B633a69092e1484,115
087062912729088,0:37ae00b1dea9a4faa1d288ffbe05c416c7264cc2a84af59a0fb780d3eececc01,115
086275580219392,0:e507b596d6007f4a9f61de12c64379439d82d7b4c2129aa6d7b64b69bb2681ad,115
085654282153984,0:06e9aa29dd55d01ac624e1e19ebc000ed23bf1048b692ff9f505c3fcaac1eab9,115
2118807086059520,null,115
086084270125056,0:be08358bf98632495c1617a9071985b16d57df9927030ab8258822bde31e23a5,115
085991341780992,0:aed9f6ba1c2346824f8bf7d7e8b171a224fe659f905bbf5040f3847f4c63621b,114
172758667980800,0x99da1A90e13D869Ef3B9E0d1515E3B1A3FcD736A,114
086711263256576,0:42b3459a0db8f2aa41a6c348157e9698d325ca0d8a9dba6898194900a67e667b,114
087346762231808,0:167a305727f43a16743a882db4deabbbdd8bf6035eb50a027973f2de7f823b44,114
087665271435264,0:aabe6df015c8cf40b188bc84ca20259c5aeb90b60abf2583db11859bab83118b,114
090305724874752,0:655011f994bf97f97744b014d29973df04464da5797b6bb61730dbed4e4f29c6,114
175811129946112,0x20c6F4A79af5aa0A3022340B6eC45F6Db0be52d1,114
087329979691008,0:27bc94b14065a9fc409b606d3379361804ea5cdb94d6526d17fbe3d82e733995,114
174797967613952,0x5aCf5eB171bcc1962dC917d97d0D9c0662dA8287,114
174809253507072,0xce4689341D1e88544e4fE4F0099fF3b302CCe068,114
174804372103168,0xdE2aE7c719581C61cF10a7aCbe84E054bD99beB9,114
174786631892992,0xe209b479265706e7aB38D329A934FE458Bee9E04,114
086263726624768,0:7b3a505ed1068678c5eb6b4d20b47a841d04c45d5a99df18d27007e7a5da3857,114
174783991164928,0x85f689Bf33e5f46AFcf21bD2dd95297BD451e520,114
6159234199500107374,0x3f7A7737FacC8371F2c1A29CB92c4A4Dd5b6a426,114
086261891190784,0:48eaf59301670669164bac7068e1aa4705e185cef15b0ca5e164fe2d7b2dd8a5,114
085553739190272,0:f7c2228d52cd469f171d76e09cd92c941a63e2842143faa6d5230f3ca7c90259,114
180575470972929,0x04181784116E2Dec441Ff94de3266b51e5aFa4c1,114
174773669867520,0xaCE3aB4070BBBC4Ac0d21dd9b82650Aa553241EA,114
085939859394560,0:2551f37827d4a8f9cfd34dbb2c537dad67a905dfc31a10b1db6b5fcb0ea089fb,114
174768675958784,0x339417C5c8D3d51783a942b01221836BdB694B9E,114
174779213914112,0x968478F0e86299cbf89B27baBA3fD1e2DbA25F23,114
086872521842688,0:491f9c9cd9698968274af6a2ce5966997638aef4bff4dbb59c77f3a4e44374df,114
175582602125312,0xfFa18326aB2A589751309f43bfAE7277a22C4d1c,114
087035343904768,0:e97bc3eaf1568f6a38f91fba22eb907db7233f711dd181b82caac443f0f1b0ec,114
158204063006720,0x56a4A61d4aa2b8D3Dc6cAe857A45360017f619a4,114
085939040313344,0:ef78b8ce73c662880bc634ea21dc6dd81f35ca2d8d3a459833d3f0a27124fda3,114
174798083104768,0x7897724782d70760AC36fB4f0dccB9B514cc9Fa1,113
180575465127936,0x3A2E155b1Eb31417B78aD45dB8AeFA4fCF50A3cd,113
174783949967360,0x9BFE6E829F307BEaC7656A66cf4f196E5940E6C6,113
174793590845440,0xd34c6008ACB4305ad26f37A25166cD4cd304BAb8,113
172739967016960,0x698bB83691E57e80910600E1229dAcb9d2206ac8,113
085796647809024,0:34b160fdb7a0854a7397f2c35c4054bb5bc838806ebd28c172a7503ee02e5e8c,113
174793428566016,0xfc5b91Fd687120e2Bc9a3FFCdD475cc903c358D1,113
086934509596672,0:7c39147df801ec99482a43ae048ccd20d3bacad032120298ec6ac028fd8bcd2b,113
086544675770368,0:f1175536e2a96a2213a08df5ac8f5b50aba9a5366171e4fba2ec28d431845df3,113
086916684390400,0:9fa30dd1066f4d6bf40c4f41ef98c957af0665c17cba5085e13fd72f9b2e676f,113
159006391668736,null,113
087105026228224,0:39a2e22c50dd17cfd692927dc43d8ef19996395f6ea5bc0e1aa7ead14de5cf41,113
087088487952384,0:b183b9ae08c249adade8a31595dbde75c2315bfa2ebce97eba75a41b84fb7480,113
174793423585280,0xf32d13aB0caC26d329F4f47F17c10168Aa0DfD5f,113
174809227096064,0xb94E31cc65b134AEAA702FF507a78A7473523041,113
086015049179136,0:069e6f58797f4e5c1b7a094ac8124a5be1e65a592831399b48ead724c18a71be,113
092174887911424,0:a482957735b6e96f2d01fa541e5a205934671f04c1fc70146d2ca2fe40936e20,113
180575468974080,0x417DcC720A558e63fc427603f16b786b9b45aA29,113
158526679805952,0xaB1Ccd5d76883b20BdEB83CA01F3388ABd8d6B25,113
174803928367104,0x969f793E0DE6E65F2860650fE8Da2510278fa82c,113
7087285414500100610,0x093c582B497210aD4858024f4214405642561EB2,113
6159234846000108587,null,113
086846116229120,0:1ed5f2750f0220dbb1a5741e838c00969693cc5b7693a0040e04fcf2e722ccbe,113
087611101478912,0:8e5b6f27bd82d96dfa15fcfc31edb517cbd023a69015ec6b03eab483e2b84d4e,112
085786542186496,0:27907053286c7036566b211a4517be9ee4a9fd8afb801bf412aa021e94537b12,112
393030742306816,null,112
180592384024576,0xb0f457c04249cbA6714Df79728cD44dDA08dA53e,112
086986114686976,0:97cf106fecf3ae9e90ff5fcd059b3c143e0239361f7208f75bd5d20dbda61f3f,112
085694923100160,0:e3d42c41f4ec4db05a38bb0a9828dbf9b25fdc08ca48bec3af6303cf242348ab,112
086263134056448,0:cc5f123f4bad136971d2ac99b45058782f1e5e251604f54bba4bb77914e3f8e9,112
180592386805760,0x833fa9D13F47F7458374187C9f253AEBCF8784C7,112
086454869925888,0:d254f9a80ae8af120c478a052be40e7d0cd4db77d245296f4182beb813f675dd,112
6159235483500109784,0x3d61E4eB9A9265a562e45F0830EE9d7401A79759,112
085886361686016,0:d98edf7f161899ada5daff751b0e9cd1ee53283deb052a5b14cc833361373b53,112
085390791790592,0:1061a706d49d04b69fb1283e96834011faa53dcbe8cb15b57b00b80430b52319,112
086150191513600,0:459283359aad8d34af010f98c2818f046298c01665fc568e13cbe760146dc24a,111
094332209504256,0:d18106ab3fa336e9c83ea02c69d9b1354e474cd5ea85eb4ce6f8b34daefc5d99,111
086025231241216,0:ebeed3eb3a7deffd208b3e729181c47551faac1e3673410c7eebef72c1ea7aee,111
086008194863104,0:67c0f7a40801f97e849d7d4f2937de7c4adca8cf0506f935145155741db5187b,111
086135642169344,0:f6a702107bfd21c5dbedddf80f2ba17b7ed2c07ba2038158709cf8de4ba7be3e,111
180575471050752,0x2cE993880E52312fa27A699398eB92bbE3c1A2c9,111
087081182699520,0:b45229bc79598888d4a66346f0e2f793d50f5e2696048c08825394d43d78aae2,111
085712199020544,0:e2811b1ddb17eba4fcf779795ac02cd2541429101f2c1df26a9414b21dfab9e4,111
086562681782272,0:42f0951a5e4c8eed96ed3d2d5088596eacef210af66ff53ed80c734be82467da,111
085480200675328,0:04d0efb93301285f8acbbb9d2902b4e6a612788fd2eaff8df2859b7b5e5427dc,110
096699423248384,0:d0914ee4f4857a2bdf10663770082384c6680714eda6f35c5370fe31c8af29d5,110
086884653404160,0:de8ccbf129e677786b9c5817be50399531d3634bd80ff7d5092718df38d40e5e,110
180575491661824,0xEd2bc4234eb14D93974C599e87f5b64581208889,110
161561842216960,0xCBbB7bBec6b9CaCA3e15350b2e2978f6bfA93734,110
085550424895488,0:aad9fb64e1bc51c3194ed00c38fb8240171b35422f1e06a2b55e74857ab05d41,110
086568647512064,0:f861a67745d91f7c03f3cd7fc2a9990f7a2ec4942ddff8f50e088f0dcdd8af91,110
7502765192700109061,0x7afab457419dC8F0f42c80DD1CbAB8560D154c75,109
7502771140500109171,0xBA361193B2E30Cd7C39114DBF6C420e1d301A78d,109
3105280048828416,null,109
085443797168128,0:4ff41604c2f27cdb828342c8929516e5763e7f371a0b250cbaa1234bd5aabd61,108
6346832183500106355,0xF8327683eb1b17b29b6b92Af01269ab4bd9B69Dd,108
085919356116992,0:88d7985af0d20bc67d75c16550fa4fd2cc1ca5552d9914d9169d040722f0bdfe,108
087061206786048,0:7a3711e577e0005f93de100a9c1187b9b6d1688e11a1cbe13760390add7ae381,108
086345100488704,0:e1bd6f8966553ce6effe28dc37afab41cd7365793d56f3ab9f974193cf21c257,108
085833224904704,0:fd67e4f24b40af3d03141697ed1a41cee12fce513077031ed2d9cca898965ebf,107
086505902444544,0:636fc539c4e825ddd1a22f3f18fc74622c5863c37c0e339af3e49f84bfa133ec,107
087073219948544,0:df305c6c1830d746f9d307084543a698994bc40980d17398948c0028e585cdd6,107
085404211863552,0:f4697112737d8bd6112d5ca8262628acf2145f8c578ccbfdfc5d363e9e4ed0cb,107
6360400135900103347,0xc3b7a97e392C85fFe703066cdD7489A575069f44,107
158222097960960,0x8a5348b3f0C98Be7DfdB96F5a3EBc25b6047E306,107
090171900784640,0:19b674e996b75b15e690788822f5d9c7ecb0a07d7fd00d17ea4dc0395ed1d1fa,106
396426586705920,null,106
087038355492864,0:05308fc30275905792b9474172b3049ffbfbd1ed31940d9b2876d14213c357a7,106
086296946655232,0:bd97adac4034c4b6ef424910ff0b28f217a88aeb2328c860358f0bfa5b302e11,106
087071130517504,0:b55a8c71a3508d1bbeb1c0499405972946fc44bbbe6ddf57894ad269500061ab,106
086250862989312,0:3060854649c5435d4a77eaac6125c10b62592521f941ad769f98ac8401bbc183,106
079782605611008,0:678ff6957fcea4a025979cd0c491d53f6fa16598bb3ccb128889bee6882c1cb6,106
085786153361408,0:6c05cad2dd964e07d108f6b762a8406618ed077c899d3d8585164409a02afdcb,105
085745748303872,0:78141107603b51618d56e88e4f6101ba25743f99dde2f9391b2de293decb3349,105
086498947174400,0:415ea3a90da1d77cb9d6a9c6bc4ede7fd387e8142711dc1199b6c7c1d19ff62d,105
087008141160448,0:746d797a3c3870bdb560fa0805b6d1d54a27ee2b0197fb1a64a7493be29b4c29,105
085921530236928,0:43a2301b3f66eae6312d582273da637c673b76a3480c6552c153be361f06d2dc,105
087146042277888,0:4daa6fe224cc052c711d6345dfa4addccb2d3fca31a14623827ea3884baec802,105
174818032128000,0xef117107563316e554fa95fd7a9453eC7efC4106,105
085802825822208,0:1f9be965a89a0e7506539f3f96ef0a992bc5c69d709d446f8f5dcc22cbba1415,104
085892119769088,0:537b45a10ffc89138a3b56904215841d4c848bb9f74e4bbbc34cb0c462c4aa9d,104
3117261644025856,null,103
079813269684224,0:4a329dc37299a84b50ad404f71e5cc3b03451e3a475492ea12c620d3a03add67,103
174818195492864,0xF2b5a4aeD529d339266d4D57634f741A5c837E40,102
085544942379008,0:bd8865cb6262daccd2deb1c81fa4601c7d0a1ac141d03e5cbc06cbfcab1d28d7,102
086092702916608,0:c4da8b32f421d27d7189378bbbbcaf57f6d24347cc099f54afa1bdbb4a790873,102
087245280563200,0:82ea9b43d1c64cbf1f85e2b3b1a2fc29c0883a09777af74e487ade603581bac9,102
085599686115328,0:dca617b723e0e6d6b547f26608160370a39df41efe31ebbfffa957d57abc8816,102
086306518728704,0:1538c89c23d8370118a62d1abca6781aaaa351c8428f04c6033f4032bdf95583,101
086355252289536,0:1565ddd4d57cafb5b517b36213513a285e8cc9222fc175b775555c2758db6cbe,101
086089665007616,0:7dfb8d369825db01d09a2da2ad217f400707f90840ab689c4a2c0b65f1b1ce36,101